"code","parentCode","level","name","shortName","presentationName","validFrom","validTo","validFromInRequestedRange","validToInRequestedRange","notes"
"01","","1","Sentralitet: 1 (925-1000) - høy","","","","","","",""
"0101","03","2","Halden (-2019)","","","","","","","842"
"0102","02","2","Sarpsborg (-1991)","","","","","","","877"
"0103","02","2","Fredrikstad (-1993)","","","","","","","870"
"0104","02","2","Moss (-2019)","","","","","","","900"
"0105","02","2","Sarpsborg (1992-2019)","","","","","","","877"
"0106","02","2","Fredrikstad (1994-2019)","","","","","","","870"
"0111","04","2","Hvaler (-2019)","","","","","","","723"
"0113","02","2","Borge (-1993)","","","","","","","870"
"0114","02","2","Varteig (-1991)","","","","","","","877"
"0115","02","2","Skjeberg (-1991)","","","","","","","877"
"0118","05","2","Aremark (-2019)","","","","","","","662"
"0119","04","2","Marker (-2019)","","","","","","","732"
"0121","03","2","Rømskog (-2019)","","","","","","","797"
"0122","03","2","Trøgstad (-2019)","","","","","","","858"
"0123","03","2","Spydeberg (-2019)","","","","","","","858"
"0124","03","2","Askim (-2019)","","","","","","","858"
"0125","03","2","Eidsberg (-2019)","","","","","","","858"
"0127","03","2","Skiptvet (-2019)","","","","","","","792"
"0128","03","2","Rakkestad (-2019)","","","","","","","785"
"0130","02","2","Tune (-1991)","","","","","","","877"
"0131","02","2","Rolvsøy (-1993)","","","","","","","870"
"0133","02","2","Kråkerøy (-1993)","","","","","","","870"
"0134","02","2","Onsøy (-1993)","","","","","","","870"
"0135","03","2","Råde (-2019)","","","","","","","836"
"0136","02","2","Rygge (-2019)","","","","","","","900"
"0137","03","2","Våler (Østfold) (-2019)","","","","","","","824"
"0138","03","2","Hobøl (-2019)","","","","","","","858"
"02","","1","Sentralitet: 2 (870-924)","","","","","","",""
"0211","02","2","Vestby (-2019)","","","","","","","877"
"0213","02","2","Ski (-2019)","","","","","","","923"
"0214","02","2","Ås (-2019)","","","","","","","895"
"0215","02","2","Frogn (-2019)","","","","","","","891"
"0216","03","2","Nesodden (-2019)","","","","","","","850"
"0217","02","2","Oppegård (-2019)","","","","","","","923"
"0219","01","2","Bærum (-2019)","","","","","","","966"
"0220","02","2","Asker (-2019)","","","","","","","910"
"0221","03","2","Aurskog-Høland (-2019)","","","","","","","797"
"0226","01","2","Sørum (-2019)","","","","","","","940"
"0227","01","2","Fet (-2019)","","","","","","","940"
"0228","01","2","Rælingen (-2019)","","","","","","","948"
"0229","03","2","Enebakk (-2019)","","","","","","","827"
"0230","01","2","Lørenskog (-2019)","","","","","","","978"
"0231","01","2","Skedsmo (-2019)","","","","","","","940"
"0233","02","2","Nittedal (-2019)","","","","","","","886"
"0234","02","2","Gjerdrum (-2019)","","","","","","","880"
"0235","02","2","Ullensaker (-2019)","","","","","","","920"
"0236","03","2","Nes (Akershus) (-2019)","","","","","","","826"
"0237","03","2","Eidsvoll (-2019)","","","","","","","851"
"0238","03","2","Nannestad (-2019)","","","","","","","834"
"0239","04","2","Hurdal (-2019)","","","","","","","736"
"03","","1","Sentralitet: 3 (775-869)","","","","","","",""
"0301","01","2","Oslo","","","","","","","1000"
"04","","1","Sentralitet: 4 (670-774)","","","","","","",""
"0401","02","2","Hamar (-1991)","","","","","","","873"
"0402","03","2","Kongsvinger (-2019)","","","","","","","792"
"0403","02","2","Hamar (1992-2019)","","","","","","","873"
"0412","03","2","Ringsaker (-2019)","","","","","","","797"
"0414","02","2","Vang (-1991)","","","","","","","873"
"0415","03","2","Løten (-2019)","","","","","","","790"
"0417","03","2","Stange (-2019)","","","","","","","820"
"0418","04","2","Nord-Odal (-2019)","","","","","","","708"
"0419","03","2","Sør-Odal (-2019)","","","","","","","777"
"0420","04","2","Eidskog (-2019)","","","","","","","691"
"0423","05","2","Grue (-2019)","","","","","","","662"
"0425","05","2","Åsnes (-2019)","","","","","","","665"
"0426","05","2","Våler (Hedmark) (-2019)","","","","","","","669"
"0427","03","2","Elverum (-2019)","","","","","","","787"
"0428","05","2","Trysil (-2019)","","","","","","","604"
"0429","05","2","Åmot (-2019)","","","","","","","638"
"0430","06","2","Stor-Elvdal (-2019)","","","","","","","538"
"0432","06","2","Rendalen (-2019)","","","","","","","486"
"0434","06","2","Engerdal (-2019)","","","","","","","421"
"0436","05","2","Tolga (-2019)","","","","","","","567"
"0437","05","2","Tynset (-2019)","","","","","","","647"
"0438","05","2","Alvdal (-2019)","","","","","","","573"
"0439","06","2","Folldal (-2019)","","","","","","","492"
"0441","06","2","Os (Hedmark) (1976-2019)","","","","","","","551"
"05","","1","Sentralitet: 5 (565-669)","","","","","","",""
"0501","03","2","Lillehammer (-2019)","","","","","","","818"
"0502","03","2","Gjøvik (-2019)","","","","","","","805"
"0511","06","2","Dovre (-2019)","","","","","","","563"
"0512","06","2","Lesja (-2019)","","","","","","","520"
"0513","06","2","Skjåk (-2019)","","","","","","","550"
"0514","06","2","Lom (-2019)","","","","","","","547"
"0515","05","2","Vågå (-2019)","","","","","","","610"
"0516","05","2","Nord-Fron (-2019)","","","","","","","629"
"0517","05","2","Sel (-2019)","","","","","","","627"
"0519","05","2","Sør-Fron (-2019)","","","","","","","615"
"0520","05","2","Ringebu (-2019)","","","","","","","647"
"0521","04","2","Øyer (-2019)","","","","","","","698"
"0522","04","2","Gausdal (-2019)","","","","","","","673"
"0528","04","2","Østre Toten (-2019)","","","","","","","747"
"0529","03","2","Vestre Toten (-2019)","","","","","","","789"
"0532","03","2","Jevnaker (-2019)","","","","","","","793"
"0533","03","2","Lunner (-2019)","","","","","","","785"
"0534","03","2","Gran (-2019)","","","","","","","801"
"0536","04","2","Søndre Land (-2019)","","","","","","","692"
"0538","04","2","Nordre Land (-2019)","","","","","","","695"
"0540","05","2","Sør-Aurdal (-2019)","","","","","","","581"
"0541","05","2","Etnedal (-2019)","","","","","","","587"
"0542","04","2","Nord-Aurdal (-2019)","","","","","","","686"
"0543","05","2","Vestre Slidre (-2019)","","","","","","","583"
"0544","05","2","Øystre Slidre (-2019)","","","","","","","602"
"0545","06","2","Vang (-2019)","","","","","","","541"
"06","","1","Sentralitet: 6 (0-564) - lav","","","","","","",""
"0602","02","2","Drammen (-2019)","","","","","","","912"
"0604","03","2","Kongsberg (-2019)","","","","","","","848"
"0605","03","2","Ringerike (1977-2019)","","","","","","","838"
"0612","03","2","Hole (1977-2019)","","","","","","","832"
"0615","05","2","Flå (-2019)","","","","","","","617"
"0616","05","2","Nes (Buskerud) (-2019)","","","","","","","640"
"0617","04","2","Gol (-2019)","","","","","","","683"
"0618","05","2","Hemsedal (-2019)","","","","","","","625"
"0619","05","2","Ål (-2019)","","","","","","","635"
"0620","05","2","Hol (-2019)","","","","","","","629"
"0621","05","2","Sigdal (-2019)","","","","","","","663"
"0622","05","2","Krødsherad (-2019)","","","","","","","656"
"0623","03","2","Modum (-2019)","","","","","","","812"
"0624","03","2","Øvre Eiker (-2019)","","","","","","","848"
"0625","02","2","Nedre Eiker (-2019)","","","","","","","912"
"0626","02","2","Lier (-2019)","","","","","","","887"
"0627","02","2","Røyken (-2019)","","","","","","","910"
"0628","02","2","Hurum (-2019)","","","","","","","910"
"0631","04","2","Flesberg (-2019)","","","","","","","688"
"0632","05","2","Rollag (-2019)","","","","","","","578"
"0633","06","2","Nore og Uvdal (-2019)","","","","","","","530"
"0701","02","2","Horten (2002-2019)","","","","","","","874"
"0702","03","2","Holmestrand (-2017)","","","","","","","837"
"0703","02","2","Horten (-1987)","","","","","","","874"
"0704","02","2","Tønsberg (1988-2019)","","","","","","","879"
"0705","02","2","Tønsberg (-1987)","","","","","","","879"
"0706","03","2","Sandefjord (-2016)","","","","","","","861"
"0707","03","2","Larvik (-1987)","","","","","","","842"
"0708","03","2","Stavern (-1987)","","","","","","","842"
"0709","03","2","Larvik (1988-2017)","","","","","","","842"
"0710","03","2","Sandefjord (2017-2019)","","","","","","","861"
"0711","02","2","Svelvik (-2019)","","","","","","","912"
"0712","03","2","Larvik (2018-2019)","","","","","","","842"
"0713","03","2","Sande (Vestfold) (-2019)","","","","","","","837"
"0714","03","2","Hof (-2017)","","","","","","","837"
"0715","03","2","Holmestrand (2018-2019)","","","","","","","837"
"0716","02","2","Re (2002-2019)","","","","","","","879"
"0717","02","2","Borre (-1987)","","","","","","","874"
"0718","02","2","Ramnes (-2001)","","","","","","","879"
"0719","03","2","Andebu (-2016)","","","","","","","861"
"0720","03","2","Stokke (-2016)","","","","","","","861"
"0721","02","2","Sem (-1987)","","","","","","","879"
"0722","03","2","Nøtterøy (-2017)","","","","","","","846"
"0723","03","2","Tjøme (-2017)","","","","","","","846"
"0725","03","2","Tjølling (-1987)","","","","","","","842"
"0726","03","2","Brunlanes (-1987)","","","","","","","842"
"0727","03","2","Hedrum (-1987)","","","","","","","842"
"0728","03","2","Lardal (-2017)","","","","","","","842"
"0729","03","2","Færder (2018-2019)","","","","","","","846"
"0805","03","2","Porsgrunn (-2019)","","","","","","","855"
"0806","03","2","Skien (-2019)","","","","","","","849"
"0807","04","2","Notodden (-2019)","","","","","","","774"
"0811","04","2","Siljan (-2019)","","","","","","","739"
"0814","03","2","Bamble (-2019)","","","","","","","786"
"0815","04","2","Kragerø (-2019)","","","","","","","755"
"0817","05","2","Drangedal (-2019)","","","","","","","645"
"0819","04","2","Nome (-2019)","","","","","","","709"
"0821","04","2","Bø (Telemark) (-2019)","","","","","","","731"
"0822","04","2","Sauherad (-2019)","","","","","","","731"
"0826","05","2","Tinn (-2019)","","","","","","","595"
"0827","05","2","Hjartdal (-2019)","","","","","","","599"
"0828","05","2","Seljord (-2019)","","","","","","","650"
"0829","05","2","Kviteseid (-2019)","","","","","","","601"
"0830","06","2","Nissedal (-2019)","","","","","","","543"
"0831","06","2","Fyresdal (-2019)","","","","","","","491"
"0833","06","2","Tokke (-2019)","","","","","","","533"
"0834","06","2","Vinje (-2019)","","","","","","","550"
"0901","04","2","Risør (-2019)","","","","","","","709"
"0903","03","2","Arendal (-1991)","","","","","","","805"
"0904","03","2","Grimstad (-2019)","","","","","","","809"
"0906","03","2","Arendal (1992-2019)","","","","","","","805"
"0911","05","2","Gjerstad (-2019)","","","","","","","661"
"0912","05","2","Vegårshei (-2019)","","","","","","","653"
"0914","04","2","Tvedestrand (-2019)","","","","","","","729"
"0918","03","2","Moland (-1991)","","","","","","","805"
"0919","04","2","Froland (-2019)","","","","","","","726"
"0920","03","2","Øyestad (-1991)","","","","","","","805"
"0921","03","2","Tromøy (-1991)","","","","","","","805"
"0922","03","2","Hisøy (-1991)","","","","","","","805"
"0926","03","2","Lillesand (-2019)","","","","","","","788"
"0928","04","2","Birkenes (-2019)","","","","","","","705"
"0929","05","2","Åmli (-2019)","","","","","","","591"
"0935","05","2","Iveland (-2019)","","","","","","","624"
"0937","04","2","Evje og Hornnes (-2019)","","","","","","","691"
"0938","06","2","Bygland (-2019)","","","","","","","551"
"0940","06","2","Valle (-2019)","","","","","","","466"
"0941","06","2","Bykle (-2019)","","","","","","","467"
"1001","03","2","Kristiansand (-2019)","","","","","","","832"
"1002","04","2","Mandal (-2019)","","","","","","","733"
"1003","04","2","Farsund (-2019)","","","","","","","686"
"1004","04","2","Flekkefjord (-2019)","","","","","","","689"
"1014","03","2","Vennesla (-2019)","","","","","","","775"
"1017","03","2","Songdalen (-2019)","","","","","","","832"
"1018","03","2","Søgne (-2019)","","","","","","","832"
"1021","04","2","Marnardal (-2019)","","","","","","","733"
"1026","06","2","Åseral (-2019)","","","","","","","536"
"1027","04","2","Audnedal (-2019)","","","","","","","695"
"1029","04","2","Lindesnes (-2019)","","","","","","","733"
"1032","04","2","Lyngdal (-2019)","","","","","","","695"
"1034","05","2","Hægebostad (-2019)","","","","","","","575"
"1037","05","2","Kvinesdal (-2019)","","","","","","","650"
"1046","05","2","Sirdal (-2019)","","","","","","","575"
"1101","04","2","Eigersund","","","","","","","747"
"1102","02","2","Sandnes (-2019)","","","","","","","882"
"1103","02","2","Stavanger","","","","","","","890"
"1106","03","2","Haugesund","","","","","","","836"
"1108","02","2","Sandnes","","","","","","","882"
"1111","05","2","Sokndal","","","","","","","652"
"1112","05","2","Lund","","","","","","","625"
"1114","04","2","Bjerkreim","","","","","","","687"
"1119","04","2","Hå","","","","","","","773"
"1120","03","2","Klepp","","","","","","","851"
"1121","03","2","Time","","","","","","","836"
"1122","03","2","Gjesdal","","","","","","","792"
"1124","02","2","Sola","","","","","","","878"
"1127","03","2","Randaberg","","","","","","","867"
"1129","02","2","Forsand (-2019)","","","","","","","882"
"1130","03","2","Strand","","","","","","","787"
"1133","05","2","Hjelmeland","","","","","","","593"
"1134","06","2","Suldal","","","","","","","518"
"1135","05","2","Sauda","","","","","","","604"
"1141","02","2","Finnøy (-2019)","","","","","","","890"
"1142","02","2","Rennesøy (-2019)","","","","","","","890"
"1144","06","2","Kvitsøy","","","","","","","525"
"1145","05","2","Bokn","","","","","","","624"
"1146","04","2","Tysvær","","","","","","","724"
"1149","04","2","Karmøy","","","","","","","758"
"1151","06","2","Utsira","","","","","","","293"
"1154","05","2","Vindafjord (1965-2005)","","","","","","","643"
"1159","05","2","Ølen (2002-2005)","","","","","","","643"
"1160","05","2","Vindafjord (2006-)","","","","","","","643"
"1201","02","2","Bergen (-2019)","","","","","","","895"
"1211","05","2","Etne (-2019)","","","","","","","604"
"1214","05","2","Ølen (-2001)","","","","","","","643"
"1216","04","2","Sveio (-2019)","","","","","","","673"
"1219","05","2","Bømlo (-2019)","","","","","","","644"
"1221","04","2","Stord (-2019)","","","","","","","746"
"1222","05","2","Fitjar (-2019)","","","","","","","603"
"1223","05","2","Tysnes (-2019)","","","","","","","578"
"1224","05","2","Kvinnherad (-2019)","","","","","","","587"
"1227","05","2","Jondal (-2019)","","","","","","","583"
"1228","05","2","Odda (-2019)","","","","","","","583"
"1231","05","2","Ullensvang (1977-2019)","","","","","","","583"
"1232","06","2","Eidfjord (-2019)","","","","","","","531"
"1233","06","2","Ulvik (-2019)","","","","","","","529"
"1234","04","2","Granvin (-2019)","","","","","","","720"
"1235","04","2","Voss (-2019)","","","","","","","720"
"1238","04","2","Kvam (-2019)","","","","","","","674"
"1241","04","2","Fusa (-2019)","","","","","","","766"
"1242","04","2","Samnanger (-2019)","","","","","","","683"
"1243","04","2","Os (Hordaland) (-2019)","","","","","","","766"
"1244","05","2","Austevoll (-2019)","","","","","","","598"
"1245","04","2","Sund (-2019)","","","","","","","769"
"1246","04","2","Fjell (-2019)","","","","","","","769"
"1247","03","2","Askøy (-2019)","","","","","","","810"
"1251","05","2","Vaksdal (-2019)","","","","","","","644"
"1252","06","2","Modalen (-2019)","","","","","","","530"
"1253","04","2","Osterøy (-2019)","","","","","","","717"
"1256","04","2","Meland (-2019)","","","","","","","731"
"1259","04","2","Øygarden (-2019)","","","","","","","769"
"1260","04","2","Radøy (-2019)","","","","","","","731"
"1263","04","2","Lindås (-2019)","","","","","","","731"
"1264","05","2","Austrheim (-2019)","","","","","","","641"
"1265","06","2","Fedje (-2019)","","","","","","","436"
"1266","06","2","Masfjorden (-2019)","","","","","","","552"
"1401","05","2","Flora (-2019)","","","","","","","663"
"1411","06","2","Gulen (-2019)","","","","","","","483"
"1412","06","2","Solund (-2019)","","","","","","","350"
"1413","06","2","Hyllestad (-2019)","","","","","","","481"
"1416","06","2","Høyanger (-2019)","","","","","","","547"
"1417","06","2","Vik (-2019)","","","","","","","532"
"1418","05","2","Balestrand (-2019)","","","","","","","659"
"1419","05","2","Leikanger (-2019)","","","","","","","659"
"1420","05","2","Sogndal (-2019)","","","","","","","659"
"1421","06","2","Aurland (-2019)","","","","","","","528"
"1422","05","2","Lærdal (-2019)","","","","","","","570"
"1424","05","2","Årdal (-2019)","","","","","","","592"
"1426","05","2","Luster (-2019)","","","","","","","567"
"1428","06","2","Askvoll (-2019)","","","","","","","504"
"1429","06","2","Fjaler (-2019)","","","","","","","562"
"1430","05","2","Gaular (-2019)","","","","","","","667"
"1431","05","2","Jølster (-2019)","","","","","","","667"
"1432","05","2","Førde (-2019)","","","","","","","667"
"1433","05","2","Naustdal (-2019)","","","","","","","667"
"1438","06","2","Bremanger (-2019)","","","","","","","476"
"1439","05","2","Vågsøy (-2019)","","","","","","","663"
"1441","05","2","Selje (-2019)","","","","","","","607"
"1443","05","2","Eid (-2019)","","","","","","","607"
"1444","04","2","Hornindal (-2019)","","","","","","","705"
"1445","05","2","Gloppen (-2019)","","","","","","","617"
"1449","05","2","Stryn (1977-2019)","","","","","","","603"
"1502","04","2","Molde (-2019)","","","","","","","740"
"1503","04","2","Kristiansund  (-2007)","","","","","","","749"
"1504","03","2","Ålesund (1977-2019)","","","","","","","800"
"1505","04","2","Kristiansund","","","","","","","749"
"1506","04","2","Molde","","","","","","","740"
"1507","03","2","Ålesund","","","","","","","800"
"1508","03","2","Ålesund","","","","","","","800"
"1511","06","2","Vanylven","","","","","","","535"
"1514","06","2","Sande (Møre og Romsdal)","","","","","","","560"
"1515","05","2","Herøy (Møre og Romsdal)","","","","","","","664"
"1516","04","2","Ulstein","","","","","","","719"
"1517","04","2","Hareid","","","","","","","683"
"1519","04","2","Volda (-2019)","","","","","","","705"
"1520","04","2","Ørsta","","","","","","","718"
"1523","03","2","Ørskog (1977-2019)","","","","","","","800"
"1524","06","2","Norddal (-2019)","","","","","","","564"
"1525","05","2","Stranda","","","","","","","628"
"1526","06","2","Stordal (-2019)","","","","","","","564"
"1528","04","2","Sykkylven","","","","","","","695"
"1529","03","2","Skodje (-2019)","","","","","","","800"
"1531","04","2","Sula","","","","","","","737"
"1532","04","2","Giske","","","","","","","714"
"1534","05","2","Haram (-2019)","","","","","","","625"
"1535","05","2","Vestnes","","","","","","","644"
"1539","05","2","Rauma","","","","","","","627"
"1543","04","2","Nesset (-2019)","","","","","","","740"
"1545","04","2","Midsund (-2019)","","","","","","","740"
"1546","03","2","Sandøy (-2019)","","","","","","","800"
"1547","05","2","Aukra","","","","","","","616"
"1548","05","2","Fræna (-2019)","","","","","","","651"
"1551","05","2","Eide (-2019)","","","","","","","651"
"1554","05","2","Averøy","","","","","","","611"
"1556","04","2","Frei (-2007)","","","","","","","749"
"1557","05","2","Gjemnes","","","","","","","576"
"1560","05","2","Tingvoll","","","","","","","568"
"1563","05","2","Sunndal","","","","","","","640"
"1566","05","2","Surnadal","","","","","","","607"
"1567","05","2","Rindal (-2018)","","","","","","","607"
"1569","06","2","Aure (-2005)","","","","","","","501"
"1571","05","2","Halsa (-2019)","","","","","","","588"
"1572","06","2","Tustna (-2005)","","","","","","","501"
"1573","06","2","Smøla","","","","","","","501"
"1576","06","2","Aure","","","","","","","501"
"1577","04","2","Volda","","","","","","","705"
"1578","06","2","Fjord","","","","","","","564"
"1579","05","2","Hustadvika","","","","","","","651"
"1580","05","2","Haram","","","","","","","625"
"1601","02","2","Trondheim (-2017)","","","","","","","885"
"1612","05","2","Hemne (-2017)","","","","","","","588"
"1613","04","2","Snillfjord (-2017)","","","","","","","728"
"1617","06","2","Hitra (-2017)","","","","","","","551"
"1620","06","2","Frøya (-2017)","","","","","","","531"
"1621","05","2","Ørland (-2017)","","","","","","","603"
"1622","04","2","Agdenes (-2017)","","","","","","","728"
"1624","05","2","Rissa (-2017)","","","","","","","621"
"1627","05","2","Bjugn (-2017)","","","","","","","603"
"1630","06","2","Åfjord (-2017)","","","","","","","512"
"1632","06","2","Roan (-2017)","","","","","","","512"
"1633","06","2","Osen (-2017)","","","","","","","459"
"1634","05","2","Oppdal (-2017)","","","","","","","666"
"1635","05","2","Rennebu (-2017)","","","","","","","602"
"1636","04","2","Meldal (-2017)","","","","","","","728"
"1638","04","2","Orkdal (-2017)","","","","","","","728"
"1640","05","2","Røros (-2017)","","","","","","","644"
"1644","06","2","Holtålen (-2017)","","","","","","","524"
"1648","05","2","Midtre Gauldal (-2017)","","","","","","","657"
"1653","03","2","Melhus (-2017)","","","","","","","776"
"1657","04","2","Skaun (-2017)","","","","","","","746"
"1662","02","2","Klæbu (-2017)","","","","","","","885"
"1663","03","2","Malvik (-2017)","","","","","","","807"
"1664","05","2","Selbu (-2017)","","","","","","","643"
"1665","06","2","Tydal (-2017)","","","","","","","519"
"1702","04","2","Steinkjer (-2017)","","","","","","","721"
"1703","04","2","Namsos (-2017)","","","","","","","690"
"1711","05","2","Meråker (-2017)","","","","","","","626"
"1714","03","2","Stjørdal (-2017)","","","","","","","802"
"1717","05","2","Frosta (-2017)","","","","","","","657"
"1718","05","2","Leksvik (-2017)","","","","","","","621"
"1719","04","2","Levanger (-2017)","","","","","","","752"
"1721","04","2","Verdal (-2017)","","","","","","","747"
"1723","04","2","Mosvik  (-2011)","","","","","","","670"
"1724","04","2","Verran (-2017)","","","","","","","721"
"1725","04","2","Namdalseid (-2017)","","","","","","","690"
"1729","04","2","Inderøy (-2011)","","","","","","","670"
"1736","06","2","Snåase - Snåsa (-2017)","","","","","","","561"
"1738","06","2","Lierne (-2017)","","","","","","","398"
"1739","06","2","Raarvihke - Røyrvik (-2017)","","","","","","","389"
"1740","06","2","Namsskogan (-2017)","","","","","","","427"
"1742","05","2","Grong (-2017)","","","","","","","593"
"1743","06","2","Høylandet (-2017)","","","","","","","525"
"1744","05","2","Overhalla (-2017)","","","","","","","611"
"1748","04","2","Fosnes (-2017)","","","","","","","690"
"1749","06","2","Flatanger (-2017)","","","","","","","475"
"1750","05","2","Vikna (-2017)","","","","","","","581"
"1751","05","2","Nærøy (-2017)","","","","","","","581"
"1755","06","2","Leka (-2017)","","","","","","","386"
"1756","04","2","Inderøy (2012-2017)","","","","","","","670"
"1804","03","2","Bodø","","","","","","","793"
"1805","04","2","Narvik (-2019)","","","","","","","686"
"1806","04","2","Narvik","","","","","","","686"
"1811","06","2","Bindal","","","","","","","426"
"1812","06","2","Sømna","","","","","","","505"
"1813","05","2","Brønnøy","","","","","","","613"
"1815","06","2","Vega","","","","","","","400"
"1816","06","2","Vevelstad","","","","","","","373"
"1818","06","2","Herøy (Nordland)","","","","","","","480"
"1820","05","2","Alstahaug","","","","","","","653"
"1822","06","2","Leirfjord","","","","","","","559"
"1824","04","2","Vefsn","","","","","","","686"
"1825","06","2","Grane","","","","","","","494"
"1826","06","2","Hattfjelldal","","","","","","","453"
"1827","06","2","Dønna","","","","","","","429"
"1828","06","2","Nesna","","","","","","","494"
"1832","05","2","Hemnes","","","","","","","567"
"1833","04","2","Rana","","","","","","","713"
"1834","06","2","Lurøy","","","","","","","362"
"1835","06","2","Træna","","","","","","","323"
"1836","06","2","Rødøy","","","","","","","338"
"1837","06","2","Meløy","","","","","","","488"
"1838","06","2","Gildeskål","","","","","","","478"
"1839","06","2","Beiarn","","","","","","","448"
"1840","05","2","Saltdal","","","","","","","603"
"1841","04","2","Fauske - Fuossko","","","","","","","679"
"1842","03","2","Skjerstad (-2004)","","","","","","","793"
"1845","06","2","Sørfold","","","","","","","547"
"1848","06","2","Steigen","","","","","","","403"
"1849","06","2","Hamarøy - Hábmer (-2019)","","","","","","","405"
"1850","06","2","Divtasvuodna - Tysfjord (-2019)","","","","","","","405"
"1851","06","2","Lødingen","","","","","","","537"
"1852","06","2","Tjeldsund (-2019)","","","","","","","542"
"1853","06","2","Evenes","","","","","","","528"
"1854","04","2","Ballangen (-2019)","","","","","","","686"
"1856","06","2","Røst","","","","","","","366"
"1857","06","2","Værøy","","","","","","","370"
"1859","06","2","Flakstad","","","","","","","522"
"1860","05","2","Vestvågøy","","","","","","","631"
"1865","05","2","Vågan","","","","","","","650"
"1866","05","2","Hadsel","","","","","","","605"
"1867","06","2","Bø (Nordland)","","","","","","","497"
"1868","05","2","Øksnes","","","","","","","584"
"1870","04","2","Sortland - Suortá","","","","","","","670"
"1871","06","2","Andøy","","","","","","","517"
"1874","06","2","Moskenes","","","","","","","442"
"1875","06","2","Hamarøy","","","","","","","405"
"1901","04","2","Harstad (-2012)","","","","","","","738"
"1902","03","2","Tromsø (-2019)","","","","","","","803"
"1903","04","2","Harstad - Hárstták (2013-2019)","","","","","","","738"
"1911","05","2","Kvæfjord (-2019)","","","","","","","587"
"1913","06","2","Skånland (-2019)","","","","","","","542"
"1915","04","2","Bjarkøy (-2012)","","","","","","","738"
"1917","06","2","Ibestad (-2019)","","","","","","","447"
"1919","06","2","Gratangen (-2019)","","","","","","","509"
"1920","06","2","Loabák - Lavangen (-2019)","","","","","","","517"
"1922","05","2","Bardu (-2019)","","","","","","","597"
"1923","06","2","Salangen (1977-2019)","","","","","","","552"
"1924","05","2","Målselv (-2019)","","","","","","","576"
"1925","05","2","Sørreisa (-2019)","","","","","","","610"
"1926","06","2","Dyrøy (-2019)","","","","","","","496"
"1927","05","2","Tranøy (-2019)","","","","","","","611"
"1928","05","2","Torsken (-2019)","","","","","","","611"
"1929","05","2","Berg (-2019)","","","","","","","611"
"1931","05","2","Lenvik (-2019)","","","","","","","611"
"1933","06","2","Balsfjord (-2019)","","","","","","","557"
"1936","06","2","Karlsøy (-2019)","","","","","","","452"
"1938","06","2","Lyngen (-2019)","","","","","","","486"
"1939","06","2","Storfjord - Omasvuotna - Omasvuono (-2019)","","","","","","","516"
"1940","06","2","Gáivuotna - Kåfjord - Kaivuono (-2019)","","","","","","","431"
"1941","06","2","Skjervøy (-2019)","","","","","","","556"
"1942","05","2","Nordreisa - Ráisa - Raisi (-2019)","","","","","","","570"
"1943","06","2","Kvænangen (-2019)","","","","","","","438"
"2001","04","2","Hammerfest (-1991)","","","","","","","682"
"2002","06","2","Vardø (-2019)","","","","","","","515"
"2003","05","2","Vadsø (-2019)","","","","","","","641"
"2004","04","2","Hammerfest (1992-2019)","","","","","","","682"
"2011","06","2","Guovdageaidnu - Kautokeino (-2019)","","","","","","","495"
"2012","04","2","Alta (-2019)","","","","","","","713"
"2014","06","2","Loppa (-2019)","","","","","","","351"
"2015","06","2","Hasvik (-2019)","","","","","","","351"
"2016","04","2","Sørøysund (-1991)","","","","","","","682"
"2017","04","2","Kvalsund (-2019)","","","","","","","682"
"2018","06","2","Måsøy (-2019)","","","","","","","397"
"2019","06","2","Nordkapp (-2019)","","","","","","","525"
"2020","06","2","Porsanger - Porsángu - Porsanki (-2019)","","","","","","","543"
"2021","06","2","Kárásjohka - Karasjok (-2019)","","","","","","","554"
"2022","06","2","Lebesby (-2019)","","","","","","","430"
"2023","06","2","Gamvik (-2019)","","","","","","","407"
"2024","06","2","Berlevåg (-2019)","","","","","","","426"
"2025","06","2","Deatnu - Tana (-2019)","","","","","","","490"
"2027","06","2","Unjárga - Nesseby (-2019)","","","","","","","476"
"2028","06","2","Båtsfjord (-2019)","","","","","","","538"
"2030","05","2","Sør-Varanger (-2019)","","","","","","","634"
"3001","03","2","Halden","","","","","","","842"
"3002","02","2","Moss","","","","","","","900"
"3003","02","2","Sarpsborg","","","","","","","877"
"3004","02","2","Fredrikstad","","","","","","","870"
"3005","02","2","Drammen","","","","","","","912"
"3006","03","2","Kongsberg","","","","","","","848"
"3007","03","2","Ringerike","","","","","","","838"
"3011","04","2","Hvaler","","","","","","","723"
"3012","05","2","Aremark","","","","","","","662"
"3013","04","2","Marker","","","","","","","732"
"3014","03","2","Indre Østfold","","","","","","","858"
"3015","03","2","Skiptvet","","","","","","","792"
"3016","03","2","Rakkestad","","","","","","","785"
"3017","03","2","Råde","","","","","","","836"
"3018","03","2","Våler (Viken)","","","","","","","824"
"3019","02","2","Vestby","","","","","","","877"
"3020","02","2","Nordre Follo","","","","","","","923"
"3021","02","2","Ås","","","","","","","895"
"3022","02","2","Frogn","","","","","","","891"
"3023","03","2","Nesodden","","","","","","","850"
"3024","01","2","Bærum","","","","","","","966"
"3025","02","2","Asker","","","","","","","910"
"3026","03","2","Aurskog-Høland","","","","","","","797"
"3027","01","2","Rælingen","","","","","","","948"
"3028","03","2","Enebakk","","","","","","","827"
"3029","01","2","Lørenskog","","","","","","","978"
"3030","01","2","Lillestrøm","","","","","","","940"
"3031","02","2","Nittedal","","","","","","","886"
"3032","02","2","Gjerdrum","","","","","","","880"
"3033","02","2","Ullensaker","","","","","","","920"
"3034","03","2","Nes","","","","","","","826"
"3035","03","2","Eidsvoll","","","","","","","851"
"3036","03","2","Nannestad","","","","","","","834"
"3037","04","2","Hurdal","","","","","","","736"
"3038","03","2","Hole","","","","","","","832"
"3039","05","2","Flå","","","","","","","617"
"3040","05","2","Nesbyen","","","","","","","640"
"3041","04","2","Gol","","","","","","","683"
"3042","05","2","Hemsedal","","","","","","","625"
"3043","05","2","Ål","","","","","","","635"
"3044","05","2","Hol","","","","","","","629"
"3045","05","2","Sigdal","","","","","","","663"
"3046","05","2","Krødsherad","","","","","","","656"
"3047","03","2","Modum","","","","","","","812"
"3048","03","2","Øvre Eiker","","","","","","","848"
"3049","02","2","Lier","","","","","","","887"
"3050","04","2","Flesberg","","","","","","","688"
"3051","05","2","Rollag","","","","","","","578"
"3052","06","2","Nore og Uvdal","","","","","","","530"
"3053","03","2","Jevnaker","","","","","","","793"
"3054","03","2","Lunner","","","","","","","785"
"3101","03","2","Halden","","","","","","","842"
"3103","02","2","Moss","","","","","","","900"
"3105","02","2","Sarpsborg","","","","","","","877"
"3107","02","2","Fredrikstad","","","","","","","870"
"3110","04","2","Hvaler","","","","","","","723"
"3112","03","2","Råde","","","","","","","836"
"3114","03","2","Våler (Viken)","","","","","","","824"
"3116","03","2","Skiptvet","","","","","","","792"
"3118","03","2","Indre Østfold","","","","","","","858"
"3120","03","2","Rakkestad","","","","","","","785"
"3122","04","2","Marker","","","","","","","732"
"3124","05","2","Aremark","","","","","","","662"
"3201","01","2","Bærum","","","","","","","966"
"3203","02","2","Asker","","","","","","","910"
"3205","01","2","Lillestrøm","","","","","","","940"
"3207","02","2","Nordre Follo","","","","","","","923"
"3209","02","2","Ullensaker","","","","","","","920"
"3212","03","2","Nesodden","","","","","","","850"
"3214","02","2","Frogn","","","","","","","891"
"3216","02","2","Vestby","","","","","","","877"
"3218","02","2","Ås","","","","","","","895"
"3220","03","2","Enebakk","","","","","","","827"
"3222","01","2","Lørenskog","","","","","","","978"
"3224","01","2","Rælingen","","","","","","","948"
"3226","03","2","Aurskog-Høland","","","","","","","797"
"3228","03","2","Nes","","","","","","","826"
"3230","02","2","Gjerdrum","","","","","","","880"
"3232","02","2","Nittedal","","","","","","","886"
"3234","03","2","Lunner","","","","","","","785"
"3236","03","2","Jevnaker","","","","","","","793"
"3238","03","2","Nannestad","","","","","","","834"
"3240","03","2","Eidsvoll","","","","","","","851"
"3242","04","2","Hurdal","","","","","","","736"
"3301","02","2","Drammen","","","","","","","912"
"3303","03","2","Kongsberg","","","","","","","848"
"3305","03","2","Ringerike","","","","","","","838"
"3310","03","2","Hole","","","","","","","832"
"3312","02","2","Lier","","","","","","","887"
"3314","03","2","Øvre Eiker","","","","","","","848"
"3316","03","2","Modum","","","","","","","812"
"3318","05","2","Krødsherad","","","","","","","656"
"3320","05","2","Flå","","","","","","","617"
"3322","05","2","Nesbyen","","","","","","","640"
"3324","04","2","Gol","","","","","","","683"
"3326","05","2","Hemsedal","","","","","","","625"
"3328","05","2","Ål","","","","","","","635"
"3330","05","2","Hol","","","","","","","629"
"3332","05","2","Sigdal","","","","","","","663"
"3334","04","2","Flesberg","","","","","","","688"
"3336","05","2","Rollag","","","","","","","578"
"3338","06","2","Nore og Uvdal","","","","","","","530"
"3401","03","2","Kongsvinger","","","","","","","792"
"3403","02","2","Hamar","","","","","","","873"
"3405","03","2","Lillehammer","","","","","","","818"
"3407","03","2","Gjøvik","","","","","","","805"
"3411","03","2","Ringsaker","","","","","","","797"
"3412","03","2","Løten","","","","","","","790"
"3413","03","2","Stange","","","","","","","820"
"3414","04","2","Nord-Odal","","","","","","","708"
"3415","03","2","Sør-Odal","","","","","","","777"
"3416","04","2","Eidskog","","","","","","","691"
"3417","05","2","Grue","","","","","","","662"
"3418","05","2","Åsnes","","","","","","","665"
"3419","05","2","Våler (Innlandet)","","","","","","","669"
"3420","03","2","Elverum","","","","","","","787"
"3421","05","2","Trysil","","","","","","","604"
"3422","05","2","Åmot","","","","","","","638"
"3423","06","2","Stor-Elvdal","","","","","","","538"
"3424","06","2","Rendalen","","","","","","","486"
"3425","06","2","Engerdal","","","","","","","421"
"3426","05","2","Tolga","","","","","","","567"
"3427","05","2","Tynset","","","","","","","647"
"3428","05","2","Alvdal","","","","","","","573"
"3429","06","2","Folldal","","","","","","","492"
"3430","06","2","Os","","","","","","","551"
"3431","06","2","Dovre","","","","","","","563"
"3432","06","2","Lesja","","","","","","","520"
"3433","06","2","Skjåk","","","","","","","550"
"3434","06","2","Lom","","","","","","","547"
"3435","05","2","Vågå","","","","","","","610"
"3436","05","2","Nord-Fron","","","","","","","629"
"3437","05","2","Sel","","","","","","","627"
"3438","05","2","Sør-Fron","","","","","","","615"
"3439","05","2","Ringebu","","","","","","","647"
"3440","04","2","Øyer","","","","","","","698"
"3441","04","2","Gausdal","","","","","","","673"
"3442","04","2","Østre Toten","","","","","","","747"
"3443","03","2","Vestre Toten","","","","","","","789"
"3446","03","2","Gran","","","","","","","801"
"3447","04","2","Søndre Land","","","","","","","692"
"3448","04","2","Nordre Land","","","","","","","695"
"3449","05","2","Sør-Aurdal","","","","","","","581"
"3450","05","2","Etnedal","","","","","","","587"
"3451","04","2","Nord-Aurdal","","","","","","","686"
"3452","05","2","Vestre Slidre","","","","","","","583"
"3453","05","2","Øystre Slidre","","","","","","","602"
"3454","06","2","Vang","","","","","","","541"
"3801","02","2","Horten","","","","","","","874"
"3802","03","2","Holmestrand","","","","","","","837"
"3803","02","2","Tønsberg","","","","","","","879"
"3804","03","2","Sandefjord","","","","","","","861"
"3805","03","2","Larvik","","","","","","","842"
"3806","03","2","Porsgrunn","","","","","","","855"
"3807","03","2","Skien","","","","","","","849"
"3808","04","2","Notodden","","","","","","","774"
"3811","03","2","Færder","","","","","","","846"
"3812","04","2","Siljan","","","","","","","739"
"3813","03","2","Bamble","","","","","","","786"
"3814","04","2","Kragerø","","","","","","","755"
"3815","05","2","Drangedal","","","","","","","645"
"3816","04","2","Nome","","","","","","","709"
"3817","04","2","Midt-Telemark","","","","","","","731"
"3818","05","2","Tinn","","","","","","","595"
"3819","05","2","Hjartdal","","","","","","","599"
"3820","05","2","Seljord","","","","","","","650"
"3821","05","2","Kviteseid","","","","","","","601"
"3822","06","2","Nissedal","","","","","","","543"
"3823","06","2","Fyresdal","","","","","","","491"
"3824","06","2","Tokke","","","","","","","533"
"3825","06","2","Vinje","","","","","","","550"
"3901","02","2","Horten","","","","","","","874"
"3903","03","2","Holmestrand","","","","","","","837"
"3905","02","2","Tønsberg","","","","","","","879"
"3907","03","2","Sandefjord","","","","","","","861"
"3909","03","2","Larvik","","","","","","","842"
"3911","03","2","Færder","","","","","","","846"
"4001","03","2","Porsgrunn","","","","","","","855"
"4003","03","2","Skien","","","","","","","849"
"4005","04","2","Notodden","","","","","","","774"
"4010","04","2","Siljan","","","","","","","739"
"4012","03","2","Bamble","","","","","","","786"
"4014","04","2","Kragerø","","","","","","","755"
"4016","05","2","Drangedal","","","","","","","645"
"4018","04","2","Nome","","","","","","","709"
"4020","04","2","Midt-Telemark","","","","","","","731"
"4022","05","2","Seljord","","","","","","","650"
"4024","05","2","Hjartdal","","","","","","","599"
"4026","05","2","Tinn","","","","","","","595"
"4028","05","2","Kviteseid","","","","","","","601"
"4030","06","2","Nissedal","","","","","","","543"
"4032","06","2","Fyresdal","","","","","","","491"
"4034","06","2","Tokke","","","","","","","533"
"4036","06","2","Vinje","","","","","","","550"
"4201","04","2","Risør","","","","","","","709"
"4202","03","2","Grimstad","","","","","","","809"
"4203","03","2","Arendal","","","","","","","805"
"4204","03","2","Kristiansand","","","","","","","832"
"4205","04","2","Lindesnes","","","","","","","733"
"4206","04","2","Farsund","","","","","","","686"
"4207","04","2","Flekkefjord","","","","","","","689"
"4211","05","2","Gjerstad","","","","","","","661"
"4212","05","2","Vegårshei","","","","","","","653"
"4213","04","2","Tvedestrand","","","","","","","729"
"4214","04","2","Froland","","","","","","","726"
"4215","03","2","Lillesand","","","","","","","788"
"4216","04","2","Birkenes","","","","","","","705"
"4217","05","2","Åmli","","","","","","","591"
"4218","05","2","Iveland","","","","","","","624"
"4219","04","2","Evje og Hornnes","","","","","","","691"
"4220","06","2","Bygland","","","","","","","551"
"4221","06","2","Valle","","","","","","","466"
"4222","06","2","Bykle","","","","","","","467"
"4223","03","2","Vennesla","","","","","","","775"
"4224","06","2","Åseral","","","","","","","536"
"4225","04","2","Lyngdal","","","","","","","695"
"4226","05","2","Hægebostad","","","","","","","575"
"4227","05","2","Kvinesdal","","","","","","","650"
"4228","05","2","Sirdal","","","","","","","575"
"4601","02","2","Bergen","","","","","","","895"
"4602","05","2","Kinn","","","","","","","663"
"4611","05","2","Etne","","","","","","","604"
"4612","04","2","Sveio","","","","","","","673"
"4613","05","2","Bømlo","","","","","","","644"
"4614","04","2","Stord","","","","","","","746"
"4615","05","2","Fitjar","","","","","","","603"
"4616","05","2","Tysnes","","","","","","","578"
"4617","05","2","Kvinnherad","","","","","","","587"
"4618","05","2","Ullensvang","","","","","","","583"
"4619","06","2","Eidfjord","","","","","","","531"
"4620","06","2","Ulvik","","","","","","","529"
"4621","04","2","Voss","","","","","","","720"
"4622","04","2","Kvam","","","","","","","674"
"4623","04","2","Samnanger","","","","","","","683"
"4624","04","2","Bjørnafjorden","","","","","","","766"
"4625","05","2","Austevoll","","","","","","","598"
"4626","04","2","Øygarden","","","","","","","769"
"4627","03","2","Askøy","","","","","","","810"
"4628","05","2","Vaksdal","","","","","","","644"
"4629","06","2","Modalen","","","","","","","530"
"4630","04","2","Osterøy","","","","","","","717"
"4631","04","2","Alver","","","","","","","731"
"4632","05","2","Austrheim","","","","","","","641"
"4633","06","2","Fedje","","","","","","","436"
"4634","06","2","Masfjorden","","","","","","","552"
"4635","06","2","Gulen","","","","","","","483"
"4636","06","2","Solund","","","","","","","350"
"4637","06","2","Hyllestad","","","","","","","481"
"4638","06","2","Høyanger","","","","","","","547"
"4639","06","2","Vik","","","","","","","532"
"4640","05","2","Sogndal","","","","","","","659"
"4641","06","2","Aurland","","","","","","","528"
"4642","05","2","Lærdal","","","","","","","570"
"4643","05","2","Årdal","","","","","","","592"
"4644","05","2","Luster","","","","","","","567"
"4645","06","2","Askvoll","","","","","","","504"
"4646","06","2","Fjaler","","","","","","","562"
"4647","05","2","Sunnfjord","","","","","","","667"
"4648","06","2","Bremanger","","","","","","","476"
"4649","05","2","Stad","","","","","","","607"
"4650","05","2","Gloppen","","","","","","","617"
"4651","05","2","Stryn","","","","","","","603"
"5001","02","2","Trondheim","","","","","","","885"
"5004","04","2","Steinkjer (2018-2019)","","","","","","","721"
"5005","04","2","Namsos (2018-2019)","","","","","","","690"
"5006","04","2","Steinkjer","","","","","","","721"
"5007","04","2","Namsos","","","","","","","690"
"5011","05","2","Hemne (2018-2019)","","","","","","","588"
"5012","04","2","Snillfjord (2018-2019)","","","","","","","728"
"5013","06","2","Hitra (2018-2019)","","","","","","","551"
"5014","06","2","Frøya","","","","","","","531"
"5015","05","2","Ørland (2018-2019)","","","","","","","603"
"5016","04","2","Agdenes (2018-2019)","","","","","","","728"
"5017","05","2","Bjugn (2018-2019)","","","","","","","603"
"5018","06","2","Åfjord (2018-2019)","","","","","","","512"
"5019","06","2","Roan (2018-2019)","","","","","","","512"
"5020","06","2","Osen","","","","","","","459"
"5021","05","2","Oppdal","","","","","","","666"
"5022","05","2","Rennebu","","","","","","","602"
"5023","04","2","Meldal (2018-2019)","","","","","","","728"
"5024","04","2","Orkdal (2018-2019)","","","","","","","728"
"5025","05","2","Røros","","","","","","","644"
"5026","06","2","Holtålen","","","","","","","524"
"5027","05","2","Midtre Gauldal","","","","","","","657"
"5028","03","2","Melhus","","","","","","","776"
"5029","04","2","Skaun","","","","","","","746"
"5030","02","2","Klæbu (2018-2019)","","","","","","","885"
"5031","03","2","Malvik","","","","","","","807"
"5032","05","2","Selbu","","","","","","","643"
"5033","06","2","Tydal","","","","","","","519"
"5034","05","2","Meråker","","","","","","","626"
"5035","03","2","Stjørdal","","","","","","","802"
"5036","05","2","Frosta","","","","","","","657"
"5037","04","2","Levanger","","","","","","","752"
"5038","04","2","Verdal","","","","","","","747"
"5039","04","2","Verran (2018-2019)","","","","","","","721"
"5040","04","2","Namdalseid (2018-2019)","","","","","","","690"
"5041","06","2","Snåase - Snåsa","","","","","","","561"
"5042","06","2","Lierne","","","","","","","398"
"5043","06","2","Raarvihke - Røyrvik","","","","","","","389"
"5044","06","2","Namsskogan","","","","","","","427"
"5045","05","2","Grong","","","","","","","593"
"5046","06","2","Høylandet","","","","","","","525"
"5047","05","2","Overhalla","","","","","","","611"
"5048","04","2","Fosnes (2018-2019)","","","","","","","690"
"5049","06","2","Flatanger","","","","","","","475"
"5050","05","2","Vikna (2018-2019)","","","","","","","581"
"5051","05","2","Nærøy (2018-2019)","","","","","","","581"
"5052","06","2","Leka","","","","","","","386"
"5053","04","2","Inderøy","","","","","","","670"
"5054","05","2","Indre Fosen","","","","","","","621"
"5055","05","2","Heim","","","","","","","588"
"5056","06","2","Hitra","","","","","","","551"
"5057","05","2","Ørland","","","","","","","603"
"5058","06","2","Åfjord","","","","","","","512"
"5059","04","2","Orkland","","","","","","","728"
"5060","05","2","Nærøysund","","","","","","","581"
"5061","05","2","Rindal","","","","","","","607"
"5401","03","2","Tromsø","","","","","","","803"
"5402","04","2","Harstad","","","","","","","738"
"5403","04","2","Alta","","","","","","","713"
"5404","06","2","Vardø","","","","","","","515"
"5405","05","2","Vadsø","","","","","","","641"
"5406","04","2","Hammerfest","","","","","","","682"
"5411","05","2","Kvæfjord","","","","","","","587"
"5412","06","2","Tjeldsund","","","","","","","542"
"5413","06","2","Ibestad","","","","","","","447"
"5414","06","2","Gratangen","","","","","","","509"
"5415","06","2","Loabák - Lavangen","","","","","","","517"
"5416","05","2","Bardu","","","","","","","597"
"5417","06","2","Salangen","","","","","","","552"
"5418","05","2","Målselv","","","","","","","576"
"5419","05","2","Sørreisa","","","","","","","610"
"5420","06","2","Dyrøy","","","","","","","496"
"5421","05","2","Senja","","","","","","","611"
"5422","06","2","Balsfjord","","","","","","","557"
"5423","06","2","Karlsøy","","","","","","","452"
"5424","06","2","Lyngen","","","","","","","486"
"5425","06","2","Storfjord - Omasvuotna - Omasvuono","","","","","","","516"
"5426","06","2","Gáivuotna - Kåfjord - Kaivuono","","","","","","","431"
"5427","06","2","Skjervøy","","","","","","","556"
"5428","05","2","Nordreisa","","","","","","","570"
"5429","06","2","Kvænangen","","","","","","","438"
"5430","06","2","Guovdageaidnu - Kautokeino","","","","","","","495"
"5432","06","2","Loppa","","","","","","","351"
"5433","06","2","Hasvik","","","","","","","351"
"5434","06","2","Måsøy","","","","","","","397"
"5435","06","2","Nordkapp","","","","","","","525"
"5436","06","2","Porsanger - Porsángu - Porsanki ","","","","","","","543"
"5437","06","2","Kárásjohka - Karasjok","","","","","","","554"
"5438","06","2","Lebesby","","","","","","","430"
"5439","06","2","Gamvik","","","","","","","407"
"5440","06","2","Berlevåg","","","","","","","426"
"5441","06","2","Deatnu-Tana","","","","","","","490"
"5442","06","2","Unjárga-Nesseby","","","","","","","476"
"5443","06","2","Båtsfjord","","","","","","","538"
"5444","05","2","Sør-Varanger","","","","","","","634"
"5501","03","2","Tromsø","","","","","","","803"
"5503","04","2","Harstad","","","","","","","738"
"5510","05","2","Kvæfjord","","","","","","","587"
"5512","06","2","Tjeldsund","","","","","","","542"
"5514","06","2","Ibestad","","","","","","","447"
"5516","06","2","Gratangen","","","","","","","509"
"5518","06","2","Loabák - Lavangen","","","","","","","517"
"5520","05","2","Bardu","","","","","","","597"
"5522","06","2","Salangen","","","","","","","552"
"5524","05","2","Målselv","","","","","","","576"
"5526","05","2","Sørreisa","","","","","","","610"
"5528","06","2","Dyrøy","","","","","","","496"
"5530","05","2","Senja","","","","","","","611"
"5532","06","2","Balsfjord","","","","","","","557"
"5534","06","2","Karlsøy","","","","","","","452"
"5536","06","2","Lyngen","","","","","","","486"
"5538","06","2","Storfjord - Omasvuotna - Omasvuono","","","","","","","516"
"5540","06","2","Gáivuotna - Kåfjord - Kaivuono","","","","","","","431"
"5542","06","2","Skjervøy","","","","","","","556"
"5544","05","2","Nordreisa","","","","","","","570"
"5546","06","2","Kvænangen","","","","","","","438"
"5601","04","2","Alta","","","","","","","713"
"5603","04","2","Hammerfest","","","","","","","682"
"5605","05","2","Sør-Varanger","","","","","","","634"
"5607","05","2","Vadsø","","","","","","","641"
"5610","06","2","Kárásjohka - Karasjok","","","","","","","554"
"5612","06","2","Guovdageaidnu - Kautokeino","","","","","","","495"
"5614","06","2","Loppa","","","","","","","351"
"5616","06","2","Hasvik","","","","","","","351"
"5618","06","2","Måsøy","","","","","","","397"
"5620","06","2","Nordkapp","","","","","","","525"
"5622","06","2","Porsanger - Porsángu - Porsanki ","","","","","","","543"
"5624","06","2","Lebesby","","","","","","","430"
"5626","06","2","Gamvik","","","","","","","407"
"5628","06","2","Deatnu - Tana","","","","","","","490"
"5630","06","2","Berlevåg","","","","","","","426"
"5632","06","2","Båtsfjord","","","","","","","538"
"5634","06","2","Vardø","","","","","","","515"
"5636","06","2","Unjárga - Nesseby","","","","","","","476"