"Region","PolitParti","Godkjente1 1985"
"0101","01",9249
"0101","02",521
"0101","03",3610
"0101","04",1607
"0101","05",949
"0101","06",685
"0101","07",265
"0101","12",44
"0101","09",24
"0101","10",94
"0101","11",78
"0102","01",4721
"0102","02",176
"0102","03",2225
"0102","04",612
"0102","05",69
"0102","06",306
"0102","07",126
"0102","12",25
"0102","09",14
"0102","10",29
"0102","11",22
"0103","01",9701
"0103","02",366
"0103","03",5452
"0103","04",1309
"0103","05",236
"0103","06",751
"0103","07",353
"0103","12",55
"0103","09",35
"0103","10",122
"0103","11",55
"0104","01",6962
"0104","02",587
"0104","03",5731
"0104","04",658
"0104","05",170
"0104","06",824
"0104","07",287
"0104","12",63
"0104","09",33
"0104","10",212
"0104","11",144
"0111","01",698
"0111","02",45
"0111","03",680
"0111","04",179
"0111","05",54
"0111","06",82
"0111","07",34
"0111","12",4
"0111","10",15
"0111","11",4
"0113","01",4579
"0113","02",146
"0113","03",1492
"0113","04",423
"0113","05",344
"0113","06",320
"0113","07",96
"0113","12",9
"0113","09",28
"0113","10",15
"0113","11",12
"0114","01",632
"0114","02",22
"0114","03",234
"0114","04",210
"0114","05",160
"0114","06",34
"0114","07",19
"0114","09",1
"0114","10",1
"0114","11",2
"0115","01",5271
"0115","02",201
"0115","03",1472
"0115","04",736
"0115","05",507
"0115","06",294
"0115","07",110
"0115","12",15
"0115","09",7
"0115","10",13
"0115","11",10
"0118","01",424
"0118","02",20
"0118","03",166
"0118","04",162
"0118","05",179
"0118","06",13
"0118","07",9
"0118","12",1
"0118","09",1
"0118","10",3
"0119","01",1036
"0119","02",25
"0119","03",328
"0119","04",380
"0119","05",445
"0119","06",32
"0119","07",13
"0119","12",1
"0119","09",1
"0119","10",10
"0121","01",233
"0121","02",6
"0121","03",42
"0121","04",121
"0121","05",58
"0121","06",6
"0121","07",6
"0121","10",2
"0122","01",959
"0122","02",111
"0122","03",701
"0122","04",355
"0122","05",643
"0122","06",55
"0122","07",40
"0122","12",4
"0122","09",2
"0122","10",15
"0122","11",2
"0123","01",899
"0123","02",92
"0123","03",794
"0123","04",224
"0123","05",390
"0123","06",58
"0123","07",49
"0123","12",5
"0123","10",7
"0124","01",3440
"0124","02",347
"0124","03",2367
"0124","04",549
"0124","05",458
"0124","06",281
"0124","07",187
"0124","12",24
"0124","09",15
"0124","10",39
"0124","11",33
"0125","01",2238
"0125","02",209
"0125","03",1400
"0125","04",759
"0125","05",864
"0125","06",128
"0125","07",141
"0125","12",17
"0125","09",2
"0125","10",25
"0125","11",4
"0127","01",772
"0127","02",91
"0127","03",357
"0127","04",243
"0127","05",310
"0127","06",38
"0127","07",37
"0127","12",2
"0127","10",7
"0127","11",8
"0128","01",1744
"0128","02",108
"0128","03",799
"0128","04",843
"0128","05",935
"0128","06",44
"0128","07",58
"0128","12",4
"0128","09",1
"0128","10",15
"0128","11",1
"0130","01",6811
"0130","02",272
"0130","03",2740
"0130","04",1052
"0130","05",345
"0130","06",430
"0130","07",227
"0130","12",32
"0130","09",23
"0130","10",18
"0130","11",32
"0131","01",2272
"0131","02",65
"0131","03",691
"0131","04",320
"0131","05",168
"0131","06",128
"0131","07",33
"0131","12",5
"0131","09",4
"0131","10",10
"0131","11",9
"0133","01",2591
"0133","02",112
"0133","03",1544
"0133","04",376
"0133","05",58
"0133","06",184
"0133","07",143
"0133","12",8
"0133","09",12
"0133","10",19
"0133","11",5
"0134","01",3732
"0134","02",266
"0134","03",2401
"0134","04",889
"0134","05",357
"0134","06",249
"0134","07",152
"0134","12",18
"0134","09",6
"0134","10",27
"0134","11",20
"0135","01",1422
"0135","02",121
"0135","03",1015
"0135","04",522
"0135","05",396
"0135","06",81
"0135","07",26
"0135","12",8
"0135","09",2
"0135","10",21
"0135","11",5
"0136","01",2439
"0136","02",342
"0136","03",2782
"0136","04",410
"0136","05",470
"0136","06",396
"0136","07",167
"0136","12",34
"0136","09",6
"0136","10",67
"0136","11",38
"0137","01",604
"0137","02",96
"0137","03",752
"0137","04",204
"0137","05",305
"0137","06",78
"0137","07",35
"0137","12",4
"0137","10",11
"0137","11",11
"0138","01",854
"0138","02",93
"0138","03",624
"0138","04",208
"0138","05",370
"0138","06",65
"0138","07",52
"0138","12",6
"0138","10",8
"0138","11",2
"0211","01",1977
"0211","02",376
"0211","03",2548
"0211","04",207
"0211","05",474
"0211","06",347
"0211","07",148
"0211","12",11
"0211","09",2
"0211","10",16
"0211","11",19
"0211","92",3
"0213","01",4126
"0213","02",777
"0213","03",5678
"0213","04",521
"0213","05",582
"0213","06",906
"0213","07",341
"0213","12",73
"0213","09",10
"0213","10",31
"0213","11",57
"0213","92",3
"0214","01",2005
"0214","02",328
"0214","03",2537
"0214","04",337
"0214","05",923
"0214","06",541
"0214","07",333
"0214","12",52
"0214","09",6
"0214","10",8
"0214","11",60
"0214","92",2
"0215","01",1667
"0215","02",448
"0215","03",2814
"0215","04",162
"0215","05",332
"0215","06",307
"0215","07",167
"0215","12",29
"0215","09",3
"0215","10",20
"0215","11",22
"0216","01",1880
"0216","02",461
"0216","03",2965
"0216","04",329
"0216","05",170
"0216","06",825
"0216","07",231
"0216","12",43
"0216","09",7
"0216","10",15
"0216","11",74
"0216","92",3
"0217","01",2987
"0217","02",669
"0217","03",6297
"0217","04",476
"0217","05",241
"0217","06",710
"0217","07",322
"0217","12",107
"0217","09",7
"0217","10",27
"0217","11",26
"0217","92",3
"0219","01",10610
"0219","02",2883
"0219","03",32642
"0219","04",1739
"0219","05",1303
"0219","06",3284
"0219","07",1667
"0219","12",646
"0219","09",71
"0219","10",125
"0219","11",350
"0219","92",8
"0220","01",5236
"0220","02",1478
"0220","03",13167
"0220","04",915
"0220","05",867
"0220","06",1511
"0220","07",930
"0220","12",187
"0220","09",27
"0220","10",51
"0220","11",173
"0220","92",4
"0221","01",4437
"0221","02",247
"0221","03",1453
"0221","04",646
"0221","05",1015
"0221","06",267
"0221","07",119
"0221","12",16
"0221","09",4
"0221","10",8
"0221","11",5
"0221","92",1
"0226","01",2996
"0226","02",276
"0226","03",1755
"0226","04",316
"0226","05",732
"0226","06",295
"0226","07",145
"0226","12",25
"0226","09",7
"0226","10",12
"0226","11",19
"0226","92",2
"0227","01",2550
"0227","02",218
"0227","03",1454
"0227","04",218
"0227","05",324
"0227","06",207
"0227","07",130
"0227","12",22
"0227","09",7
"0227","10",16
"0227","11",16
"0227","92",2
"0228","01",3901
"0228","02",441
"0228","03",2687
"0228","04",306
"0228","05",202
"0228","06",505
"0228","07",141
"0228","12",30
"0228","09",5
"0228","10",6
"0228","11",42
"0228","92",3
"0229","01",1701
"0229","02",330
"0229","03",1395
"0229","04",297
"0229","05",268
"0229","06",205
"0229","07",138
"0229","12",16
"0229","09",6
"0229","10",7
"0229","11",12
"0229","92",1
"0230","01",6436
"0230","02",805
"0230","03",5040
"0230","04",543
"0230","05",339
"0230","06",1067
"0230","07",425
"0230","12",65
"0230","09",28
"0230","10",30
"0230","11",73
"0230","92",2
"0231","01",10014
"0231","02",918
"0231","03",7020
"0231","04",738
"0231","05",546
"0231","06",1250
"0231","07",492
"0231","12",99
"0231","09",69
"0231","10",43
"0231","11",100
"0231","92",4
"0233","01",3636
"0233","02",579
"0233","03",3453
"0233","04",282
"0233","05",325
"0233","06",544
"0233","07",283
"0233","12",89
"0233","09",3
"0233","10",19
"0233","11",32
"0234","01",860
"0234","02",89
"0234","03",642
"0234","04",170
"0234","05",295
"0234","06",71
"0234","07",36
"0234","12",6
"0234","09",1
"0234","10",4
"0234","11",8
"0235","01",4558
"0235","02",659
"0235","03",3683
"0235","04",349
"0235","05",820
"0235","06",386
"0235","07",240
"0235","12",32
"0235","09",6
"0235","10",20
"0235","11",39
"0235","92",6
"0236","01",5591
"0236","02",302
"0236","03",1635
"0236","04",376
"0236","05",1006
"0236","06",339
"0236","07",187
"0236","12",47
"0236","09",10
"0236","10",17
"0236","11",22
"0237","01",5492
"0237","02",444
"0237","03",2141
"0237","04",425
"0237","05",785
"0237","06",436
"0237","07",239
"0237","12",35
"0237","09",14
"0237","10",16
"0237","11",22
"0237","92",1
"0238","01",2372
"0238","02",204
"0238","03",1089
"0238","04",331
"0238","05",470
"0238","06",176
"0238","07",99
"0238","12",11
"0238","09",3
"0238","10",5
"0238","11",10
"0238","92",1
"0239","01",832
"0239","02",52
"0239","03",265
"0239","04",198
"0239","05",143
"0239","06",42
"0239","07",67
"0239","12",7
"0239","09",1
"0239","10",3
"0239","11",2
"0602","01",14622
"0602","02",1647
"0602","03",13595
"0602","04",1620
"0602","05",520
"0602","06",808
"0602","07",462
"0602","12",79
"0602","09",73
"0602","10",119
"0602","11",87
"0602","92",3
"0604","01",5845
"0604","02",499
"0604","03",4577
"0604","04",484
"0604","05",793
"0604","06",544
"0604","07",582
"0604","12",36
"0604","09",14
"0604","10",3
"0604","11",58
"0604","92",28
"0605","01",9926
"0605","02",486
"0605","03",4666
"0605","04",607
"0605","05",810
"0605","06",701
"0605","07",326
"0605","12",42
"0605","09",36
"0605","10",31
"0605","11",73
"0605","92",3
"0612","01",958
"0612","02",102
"0612","03",1075
"0612","04",109
"0612","05",288
"0612","06",89
"0612","07",56
"0612","12",8
"0612","09",2
"0612","10",6
"0612","11",3
"0615","01",481
"0615","02",25
"0615","03",209
"0615","04",55
"0615","05",100
"0615","06",8
"0615","07",6
"0615","12",2
"0615","11",1
"0616","01",1006
"0616","02",39
"0616","03",572
"0616","04",207
"0616","05",293
"0616","06",28
"0616","07",55
"0616","12",3
"0616","10",1
"0616","92",1
"0617","01",873
"0617","02",78
"0617","03",801
"0617","04",224
"0617","05",400
"0617","06",49
"0617","07",89
"0617","12",9
"0617","09",3
"0617","10",3
"0618","01",228
"0618","02",21
"0618","03",331
"0618","04",143
"0618","05",253
"0618","06",23
"0618","07",35
"0618","12",1
"0618","09",1
"0618","10",1
"0618","11",2
"0619","01",1057
"0619","02",50
"0619","03",803
"0619","04",349
"0619","05",530
"0619","06",73
"0619","07",119
"0619","12",2
"0619","09",2
"0619","10",2
"0619","11",6
"0620","01",1130
"0620","02",89
"0620","03",1074
"0620","04",197
"0620","05",252
"0620","06",44
"0620","07",108
"0620","12",7
"0620","09",1
"0620","10",8
"0620","11",7
"0621","01",982
"0621","02",73
"0621","03",747
"0621","04",78
"0621","05",586
"0621","06",14
"0621","07",37
"0621","12",6
"0621","09",1
"0621","10",3
"0621","11",4
"0622","01",818
"0622","02",36
"0622","03",380
"0622","04",50
"0622","05",188
"0622","06",78
"0622","07",11
"0622","09",1
"0622","10",4
"0623","01",4491
"0623","02",173
"0623","03",1731
"0623","04",331
"0623","05",820
"0623","06",202
"0623","07",87
"0623","12",5
"0623","09",25
"0623","10",17
"0623","11",8
"0623","92",1
"0624","01",4175
"0624","02",295
"0624","03",2598
"0624","04",416
"0624","05",991
"0624","06",276
"0624","07",137
"0624","12",12
"0624","09",18
"0624","10",27
"0624","11",17
"0624","92",3
"0625","01",5918
"0625","02",479
"0625","03",3217
"0625","04",520
"0625","05",259
"0625","06",358
"0625","07",152
"0625","12",22
"0625","09",36
"0625","10",34
"0625","11",51
"0626","01",4814
"0626","02",432
"0626","03",4224
"0626","04",383
"0626","05",959
"0626","06",344
"0626","07",201
"0626","12",41
"0626","09",6
"0626","10",44
"0626","11",24
"0626","92",5
"0627","01",3622
"0627","02",446
"0627","03",3075
"0627","04",316
"0627","05",330
"0627","06",285
"0627","07",197
"0627","12",17
"0627","09",18
"0627","10",20
"0627","11",32
"0627","92",3
"0628","01",2565
"0628","02",145
"0628","03",1375
"0628","04",234
"0628","05",167
"0628","06",192
"0628","07",99
"0628","12",11
"0628","09",11
"0628","10",11
"0628","11",12
"0628","92",1
"0631","01",560
"0631","02",54
"0631","03",505
"0631","04",86
"0631","05",302
"0631","06",29
"0631","07",51
"0631","12",5
"0631","10",3
"0631","11",3
"0632","01",431
"0632","02",19
"0632","03",183
"0632","04",81
"0632","05",220
"0632","06",26
"0632","07",11
"0632","12",3
"0632","09",3
"0632","10",3
"0632","11",1
"0632","92",1
"0633","01",902
"0633","02",64
"0633","03",401
"0633","04",122
"0633","05",349
"0633","06",39
"0633","07",19
"0633","12",1
"0633","09",2
"0633","10",4
"0633","11",6
"0633","92",1
"0301","01",103811
"0301","02",15579
"0301","03",131269
"0301","04",12358
"0301","05",2550
"0301","06",21533
"0301","07",8487
"0301","12",2360
"0301","09",600
"0301","10",1419
"0301","11",5275
"0301","92",240
"0401","01",5485
"0401","02",223
"0401","03",3059
"0401","04",525
"0401","05",313
"0401","06",985
"0401","07",237
"0401","12",34
"0401","09",20
"0401","10",29
"0401","11",34
"0401","92",2
"0402","01",6800
"0402","02",300
"0402","03",1987
"0402","04",302
"0402","05",567
"0402","06",944
"0402","07",154
"0402","12",34
"0402","09",18
"0402","10",9
"0402","11",26
"0402","92",1
"0412","01",11530
"0412","02",345
"0412","03",3437
"0412","04",646
"0412","05",2041
"0412","06",1401
"0412","07",218
"0412","12",34
"0412","09",31
"0412","10",36
"0412","11",30
"0412","92",11
"0414","01",3708
"0414","02",91
"0414","03",1110
"0414","04",145
"0414","05",460
"0414","06",436
"0414","07",49
"0414","12",9
"0414","09",5
"0414","10",9
"0414","11",19
"0414","92",1
"0415","01",3096
"0415","02",59
"0415","03",615
"0415","04",96
"0415","05",381
"0415","06",365
"0415","07",33
"0415","12",4
"0415","09",29
"0415","10",11
"0415","11",12
"0415","92",1
"0417","01",7559
"0417","02",190
"0417","03",1675
"0417","04",434
"0417","05",820
"0417","06",886
"0417","07",123
"0417","12",34
"0417","09",37
"0417","10",14
"0417","11",13
"0418","01",2694
"0418","02",30
"0418","03",316
"0418","04",69
"0418","05",185
"0418","06",344
"0418","07",24
"0418","12",11
"0418","09",10
"0418","10",4
"0418","11",6
"0419","01",3418
"0419","02",75
"0419","03",626
"0419","04",78
"0419","05",416
"0419","06",374
"0419","07",64
"0419","12",10
"0419","09",4
"0419","10",3
"0419","11",21
"0419","92",1
"0420","01",2812
"0420","02",53
"0420","03",526
"0420","04",183
"0420","05",324
"0420","06",233
"0420","07",49
"0420","12",7
"0420","09",4
"0420","10",4
"0420","11",2
"0420","92",2
"0423","01",2600
"0423","02",37
"0423","03",552
"0423","04",113
"0423","05",410
"0423","06",311
"0423","07",54
"0423","12",6
"0423","09",9
"0423","10",3
"0423","11",5
"0423","92",1
"0425","01",3331
"0425","02",84
"0425","03",710
"0425","04",221
"0425","05",521
"0425","06",786
"0425","07",39
"0425","12",3
"0425","09",32
"0425","10",7
"0425","11",3
"0425","92",2
"0426","01",1740
"0426","02",44
"0426","03",450
"0426","04",68
"0426","05",263
"0426","06",359
"0426","07",14
"0426","12",1
"0426","09",12
"0426","10",6
"0426","11",1
"0427","01",5663
"0427","02",278
"0427","03",2521
"0427","04",218
"0427","05",813
"0427","06",864
"0427","07",161
"0427","12",17
"0427","09",22
"0427","10",38
"0427","11",55
"0427","92",1
"0428","01",2725
"0428","02",68
"0428","03",701
"0428","04",255
"0428","05",649
"0428","06",323
"0428","07",68
"0428","12",20
"0428","09",21
"0428","10",6
"0428","11",4
"0429","01",1672
"0429","02",49
"0429","03",427
"0429","04",41
"0429","05",303
"0429","06",468
"0429","07",27
"0429","12",5
"0429","09",40
"0429","10",15
"0429","11",8
"0430","01",1461
"0430","02",28
"0430","03",348
"0430","04",24
"0430","05",218
"0430","06",214
"0430","07",21
"0430","12",3
"0430","09",10
"0430","10",5
"0432","01",1154
"0432","02",18
"0432","03",208
"0432","04",32
"0432","05",346
"0432","06",158
"0432","07",18
"0432","12",1
"0432","09",12
"0432","10",2
"0432","11",1
"0432","92",1
"0434","01",640
"0434","02",1
"0434","03",200
"0434","04",10
"0434","05",258
"0434","06",51
"0434","07",31
"0434","12",7
"0434","10",2
"0434","11",2
"0436","01",383
"0436","02",9
"0436","03",143
"0436","04",24
"0436","05",475
"0436","06",114
"0436","07",27
"0436","12",3
"0436","10",5
"0436","11",5
"0436","92",2
"0437","01",1352
"0437","02",37
"0437","03",576
"0437","04",173
"0437","05",847
"0437","06",280
"0437","07",115
"0437","12",11
"0437","09",1
"0437","10",15
"0437","11",3
"0437","92",1
"0438","01",682
"0438","02",18
"0438","03",218
"0438","04",81
"0438","05",489
"0438","06",70
"0438","07",29
"0438","12",6
"0438","10",1
"0438","11",2
"0438","92",2
"0439","01",774
"0439","02",12
"0439","03",121
"0439","04",29
"0439","05",380
"0439","06",63
"0439","07",14
"0439","12",2
"0439","09",3
"0439","11",4
"0441","01",645
"0441","02",13
"0441","03",132
"0441","04",75
"0441","05",372
"0441","06",89
"0441","07",13
"0441","12",4
"0441","09",1
"0441","11",1
"0441","92",1
"0501","01",6904
"0501","02",270
"0501","03",3920
"0501","04",734
"0501","05",1154
"0501","06",760
"0501","07",423
"0501","12",31
"0501","09",22
"0501","11",76
"0501","92",8
"0502","01",10404
"0502","02",276
"0502","03",3436
"0502","04",1119
"0502","05",1161
"0502","06",544
"0502","07",352
"0502","12",42
"0502","09",20
"0502","11",50
"0502","92",9
"0511","01",1138
"0511","02",38
"0511","03",336
"0511","04",51
"0511","05",402
"0511","06",50
"0511","07",23
"0511","12",4
"0511","09",1
"0511","11",5
"0511","92",4
"0512","01",663
"0512","02",11
"0512","03",251
"0512","04",126
"0512","05",467
"0512","06",28
"0512","07",45
"0512","12",1
"0512","92",3
"0513","01",880
"0513","02",33
"0513","03",214
"0513","04",40
"0513","05",409
"0513","06",48
"0513","07",41
"0513","12",3
"0513","11",6
"0514","01",902
"0514","02",12
"0514","03",203
"0514","04",86
"0514","05",393
"0514","06",35
"0514","07",45
"0514","12",2
"0514","09",1
"0514","92",3
"0515","01",1686
"0515","02",33
"0515","03",315
"0515","04",46
"0515","05",406
"0515","06",126
"0515","07",41
"0515","12",1
"0515","11",4
"0515","92",1
"0516","01",2573
"0516","02",38
"0516","03",487
"0516","04",148
"0516","05",534
"0516","06",127
"0516","07",71
"0516","12",6
"0516","09",3
"0516","11",2
"0516","92",3
"0517","01",2724
"0517","02",52
"0517","03",584
"0517","04",100
"0517","05",518
"0517","06",211
"0517","07",43
"0517","12",5
"0517","09",4
"0517","11",7
"0517","92",2
"0519","01",1468
"0519","02",25
"0519","03",299
"0519","04",70
"0519","05",389
"0519","06",45
"0519","07",30
"0519","09",1
"0519","11",4
"0519","92",1
"0520","01",2014
"0520","02",38
"0520","03",492
"0520","04",150
"0520","05",559
"0520","06",67
"0520","07",67
"0520","12",1
"0520","09",3
"0520","11",5
"0520","92",3
"0521","01",1484
"0521","02",28
"0521","03",433
"0521","04",170
"0521","05",651
"0521","06",59
"0521","07",68
"0521","12",4
"0521","09",1
"0521","11",4
"0521","92",3
"0522","01",2505
"0522","02",86
"0522","03",423
"0522","04",189
"0522","05",711
"0522","06",157
"0522","07",116
"0522","12",4
"0522","09",2
"0522","11",11
"0522","92",8
"0528","01",5340
"0528","02",198
"0528","03",1547
"0528","04",625
"0528","05",1184
"0528","06",245
"0528","07",167
"0528","12",21
"0528","09",9
"0528","11",13
"0528","92",15
"0529","01",5390
"0529","02",186
"0529","03",1483
"0529","04",518
"0529","05",681
"0529","06",288
"0529","07",143
"0529","12",22
"0529","09",14
"0529","11",21
"0529","92",6
"0532","01",2281
"0532","02",68
"0532","03",795
"0532","04",131
"0532","05",169
"0532","06",207
"0532","07",39
"0532","12",1
"0532","09",30
"0532","11",11
"0533","01",2451
"0533","02",120
"0533","03",1060
"0533","04",266
"0533","05",466
"0533","06",201
"0533","07",69
"0533","12",4
"0533","09",4
"0533","11",16
"0533","92",1
"0534","01",4466
"0534","02",196
"0534","03",1613
"0534","04",436
"0534","05",1121
"0534","06",201
"0534","07",151
"0534","12",12
"0534","09",23
"0534","11",12
"0534","92",9
"0536","01",2926
"0536","02",87
"0536","03",519
"0536","04",102
"0536","05",310
"0536","06",212
"0536","07",88
"0536","12",8
"0536","09",12
"0536","11",11
"0536","92",3
"0538","01",3157
"0538","02",55
"0538","03",547
"0538","04",182
"0538","05",378
"0538","06",125
"0538","07",110
"0538","12",7
"0538","09",2
"0538","11",6
"0538","92",3
"0540","01",1271
"0540","02",27
"0540","03",382
"0540","04",178
"0540","05",367
"0540","06",36
"0540","07",46
"0540","12",4
"0541","01",537
"0541","02",16
"0541","03",194
"0541","04",116
"0541","05",221
"0541","06",13
"0541","07",29
"0541","12",2
"0541","11",3
"0541","92",1
"0542","01",1937
"0542","02",82
"0542","03",939
"0542","04",302
"0542","05",613
"0542","06",67
"0542","07",117
"0542","12",7
"0542","09",1
"0542","11",7
"0542","92",9
"0543","01",672
"0543","02",20
"0543","03",260
"0543","04",83
"0543","05",402
"0543","06",19
"0543","07",67
"0543","12",3
"0543","09",1
"0543","11",1
"0543","92",4
"0544","01",754
"0544","02",50
"0544","03",389
"0544","04",111
"0544","05",442
"0544","06",48
"0544","07",123
"0544","12",2
"0544","09",2
"0544","11",5
"0545","01",425
"0545","02",19
"0545","03",210
"0545","04",86
"0545","05",321
"0545","06",19
"0545","07",18
"0545","11",4
"0545","92",1
"0702","01",2711
"0702","02",199
"0702","03",1733
"0702","04",343
"0702","05",253
"0702","06",303
"0702","07",95
"0702","12",46
"0702","09",4
"0702","11",19
"0702","92",1
"0703","01",3674
"0703","02",246
"0703","03",3318
"0703","04",359
"0703","05",65
"0703","06",430
"0703","07",170
"0703","12",25
"0703","09",7
"0703","11",70
"0703","92",2
"0705","01",2210
"0705","02",273
"0705","03",2695
"0705","04",405
"0705","05",66
"0705","06",320
"0705","07",138
"0705","12",16
"0705","09",14
"0705","11",36
"0705","92",1
"0706","01",6630
"0706","02",1448
"0706","03",9763
"0706","04",1650
"0706","05",536
"0706","06",782
"0706","07",675
"0706","12",114
"0706","09",23
"0706","11",80
"0706","92",8
"0707","01",2621
"0707","02",154
"0707","03",1729
"0707","04",349
"0707","05",46
"0707","06",340
"0707","07",160
"0707","12",29
"0707","09",7
"0707","11",18
"0708","01",606
"0708","02",70
"0708","03",803
"0708","04",87
"0708","05",13
"0708","06",58
"0708","07",66
"0708","12",10
"0708","11",3
"0708","92",1
"0711","01",1555
"0711","02",170
"0711","03",1133
"0711","04",167
"0711","05",156
"0711","06",117
"0711","07",55
"0711","12",13
"0711","09",1
"0711","11",4
"0711","92",1
"0713","01",1908
"0713","02",204
"0713","03",1221
"0713","04",146
"0713","05",413
"0713","06",89
"0713","07",62
"0713","12",18
"0713","09",3
"0713","11",6
"0714","01",803
"0714","02",48
"0714","03",423
"0714","04",120
"0714","05",225
"0714","06",43
"0714","07",40
"0714","12",4
"0714","09",1
"0714","11",5
"0714","92",1
"0716u","01",625
"0716u","02",66
"0716u","03",865
"0716u","04",234
"0716u","05",355
"0716u","06",39
"0716u","07",31
"0716u","11",5
"0716u","92",1
"0717","01",2140
"0717","02",162
"0717","03",2285
"0717","04",306
"0717","05",243
"0717","06",233
"0717","07",93
"0717","12",20
"0717","09",2
"0717","11",22
"0718","01",583
"0718","02",71
"0718","03",678
"0718","04",153
"0718","05",402
"0718","06",58
"0718","07",38
"0718","12",6
"0718","11",5
"0718","92",1
"0719","01",780
"0719","02",164
"0719","03",946
"0719","04",224
"0719","05",259
"0719","06",54
"0719","07",114
"0719","12",4
"0719","09",1
"0719","11",10
"0719","92",1
"0720","01",1431
"0720","02",249
"0720","03",1992
"0720","04",531
"0720","05",393
"0720","06",221
"0720","07",155
"0720","12",6
"0720","09",4
"0720","11",13
"0720","92",2
"0721","01",4384
"0721","02",747
"0721","03",6449
"0721","04",971
"0721","05",439
"0721","06",500
"0721","07",309
"0721","12",47
"0721","09",13
"0721","11",54
"0721","92",4
"0722","01",2788
"0722","02",623
"0722","03",5811
"0722","04",595
"0722","05",194
"0722","06",463
"0722","07",262
"0722","12",43
"0722","09",8
"0722","11",66
"0722","92",4
"0723","01",657
"0723","02",190
"0723","03",1189
"0723","04",114
"0723","05",35
"0723","06",87
"0723","07",67
"0723","12",7
"0723","11",9
"0723","92",1
"0725","01",1812
"0725","02",192
"0725","03",1737
"0725","04",357
"0725","05",311
"0725","06",239
"0725","07",235
"0725","12",12
"0725","09",1
"0725","11",16
"0725","92",1
"0726","01",1630
"0726","02",167
"0726","03",1824
"0726","04",567
"0726","05",244
"0726","06",160
"0726","07",216
"0726","12",14
"0726","11",10
"0727","01",2293
"0727","02",275
"0727","03",2293
"0727","04",696
"0727","05",455
"0727","06",203
"0727","07",192
"0727","12",20
"0727","09",1
"0727","11",13
"0728","01",806
"0728","02",28
"0728","03",347
"0728","04",82
"0728","05",257
"0728","06",23
"0728","07",38
"0728","12",8
"0805","01",10391
"0805","02",407
"0805","03",5514
"0805","04",1550
"0805","05",305
"0805","06",1272
"0805","07",502
"0805","12",161
"0805","09",49
"0805","11",60
"0805","92",3
"0806","01",14205
"0806","02",824
"0806","03",8345
"0806","04",2786
"0806","05",719
"0806","06",1670
"0806","07",719
"0806","12",164
"0806","09",70
"0806","11",121
"0806","92",7
"0807","01",5112
"0807","02",103
"0807","03",1612
"0807","04",753
"0807","05",336
"0807","06",364
"0807","07",163
"0807","12",44
"0807","09",8
"0807","11",81
"0807","92",1
"0811","01",671
"0811","02",15
"0811","03",260
"0811","04",167
"0811","05",102
"0811","06",39
"0811","07",23
"0811","12",6
"0811","11",2
"0814","01",3921
"0814","02",212
"0814","03",2173
"0814","04",639
"0814","05",216
"0814","06",349
"0814","07",159
"0814","12",58
"0814","11",41
"0814","92",1
"0815","01",3107
"0815","02",157
"0815","03",1598
"0815","04",697
"0815","05",233
"0815","06",530
"0815","07",251
"0815","12",41
"0815","09",17
"0815","11",14
"0815","92",1
"0817","01",1464
"0817","02",35
"0817","03",515
"0817","04",373
"0817","05",195
"0817","06",141
"0817","07",97
"0817","12",27
"0817","09",2
"0817","11",8
"0817","92",1
"0819","01",2405
"0819","02",63
"0819","03",957
"0819","04",472
"0819","05",335
"0819","06",213
"0819","07",109
"0819","12",15
"0819","09",1
"0819","11",7
"0819","92",5
"0821","01",1289
"0821","02",53
"0821","03",678
"0821","04",286
"0821","05",243
"0821","06",147
"0821","07",128
"0821","12",15
"0821","09",3
"0821","11",14
"0821","92",1
"0822","01",1376
"0822","02",49
"0822","03",571
"0822","04",246
"0822","05",323
"0822","06",97
"0822","07",87
"0822","12",10
"0822","09",3
"0822","11",12
"0826","01",2890
"0826","02",63
"0826","03",1054
"0826","04",224
"0826","05",305
"0826","06",281
"0826","07",96
"0826","12",18
"0826","09",2
"0826","11",17
"0826","92",1
"0827","01",529
"0827","02",9
"0827","03",207
"0827","04",161
"0827","05",168
"0827","06",18
"0827","07",23
"0827","12",2
"0828","01",851
"0828","02",27
"0828","03",460
"0828","04",222
"0828","05",140
"0828","06",98
"0828","07",65
"0828","12",9
"0828","09",3
"0828","11",7
"0828","92",1
"0829","01",878
"0829","02",34
"0829","03",419
"0829","04",220
"0829","05",156
"0829","06",78
"0829","07",39
"0829","12",7
"0829","09",1
"0829","11",2
"0830","01",433
"0830","02",21
"0830","03",168
"0830","04",212
"0830","05",97
"0830","06",25
"0830","07",21
"0830","12",3
"0830","11",1
"0831","01",558
"0831","02",11
"0831","03",156
"0831","04",70
"0831","05",87
"0831","06",27
"0831","07",31
"0831","12",3
"0831","11",5
"0831","92",1
"0833","01",974
"0833","02",22
"0833","03",367
"0833","04",174
"0833","05",166
"0833","06",114
"0833","07",21
"0833","12",5
"0833","09",2
"0833","11",8
"0834","01",1159
"0834","02",26
"0834","03",633
"0834","04",205
"0834","05",214
"0834","06",178
"0834","07",83
"0834","12",2
"0834","09",1
"0834","11",5
"0901","01",1687
"0901","02",175
"0901","03",1210
"0901","04",583
"0901","05",164
"0901","06",143
"0901","07",173
"0901","12",35
"0901","09",1
"0901","11",24
"0903","01",2934
"0903","02",227
"0903","03",2667
"0903","04",871
"0903","05",113
"0903","06",261
"0903","07",324
"0903","12",49
"0903","09",9
"0903","11",20
"0904","01",2562
"0904","02",397
"0904","03",2944
"0904","04",1660
"0904","05",494
"0904","06",200
"0904","07",270
"0904","12",53
"0904","09",11
"0904","11",14
"0911","01",884
"0911","02",30
"0911","03",270
"0911","04",257
"0911","05",124
"0911","06",39
"0911","07",57
"0911","12",9
"0911","09",1
"0912","01",534
"0912","02",34
"0912","03",238
"0912","04",274
"0912","05",103
"0912","06",11
"0912","07",31
"0912","12",9
"0912","09",1
"0912","11",1
"0914","01",1359
"0914","02",184
"0914","03",1108
"0914","04",533
"0914","05",244
"0914","06",75
"0914","07",134
"0914","12",46
"0914","11",4
"0918","01",2267
"0918","02",157
"0918","03",1319
"0918","04",539
"0918","05",141
"0918","06",89
"0918","07",184
"0918","12",22
"0918","09",1
"0918","11",10
"0919","01",1165
"0919","02",42
"0919","03",397
"0919","04",373
"0919","05",215
"0919","06",28
"0919","07",81
"0919","12",6
"0919","09",1
"0919","11",7
"0920","01",2389
"0920","02",177
"0920","03",1173
"0920","04",550
"0920","05",338
"0920","06",85
"0920","07",128
"0920","12",20
"0920","09",8
"0920","11",4
"0921","01",1075
"0921","02",87
"0921","03",923
"0921","04",331
"0921","05",68
"0921","06",90
"0921","07",120
"0921","12",11
"0921","11",2
"0922","01",936
"0922","02",86
"0922","03",1053
"0922","04",211
"0922","05",30
"0922","06",76
"0922","07",136
"0922","12",13
"0922","09",2
"0922","11",10
"0926","01",1259
"0926","02",235
"0926","03",1679
"0926","04",664
"0926","05",207
"0926","06",170
"0926","07",188
"0926","12",20
"0926","09",2
"0926","11",4
"0928","01",749
"0928","02",102
"0928","03",587
"0928","04",535
"0928","05",260
"0928","06",40
"0928","07",39
"0928","12",38
"0929","01",790
"0929","02",25
"0929","03",148
"0929","04",131
"0929","05",157
"0929","06",38
"0929","07",27
"0929","12",7
"0929","11",2
"0935","01",222
"0935","02",17
"0935","03",134
"0935","04",158
"0935","05",92
"0935","06",13
"0935","07",16
"0935","12",1
"0935","09",1
"0937","01",993
"0937","02",62
"0937","03",439
"0937","04",354
"0937","05",161
"0937","06",52
"0937","07",58
"0937","12",8
"0937","09",2
"0937","11",1
"0938","01",370
"0938","02",10
"0938","03",188
"0938","04",127
"0938","05",153
"0938","06",5
"0938","07",62
"0938","12",1
"0938","09",2
"0938","11",2
"0940","01",395
"0940","02",15
"0940","03",170
"0940","04",164
"0940","05",176
"0940","06",19
"0940","07",19
"0940","12",2
"0940","09",2
"0941","01",149
"0941","02",18
"0941","03",87
"0941","04",66
"0941","05",57
"0941","06",7
"0941","07",7
"0941","09",1
"0941","11",1
"1001","01",11801
"1001","02",1588
"1001","03",13414
"1001","04",6216
"1001","05",2033
"1001","06",1227
"1001","07",1187
"1001","12",283
"1001","09",38
"1001","10",735
"1001","11",126
"1001","92",6
"1002","01",2326
"1002","02",268
"1002","03",2275
"1002","04",986
"1002","05",766
"1002","06",261
"1002","07",268
"1002","12",85
"1002","09",3
"1002","10",60
"1002","11",10
"1002","92",2
"1003","01",1417
"1003","02",252
"1003","03",2194
"1003","04",979
"1003","05",395
"1003","06",76
"1003","07",139
"1003","12",69
"1003","09",6
"1003","10",94
"1003","11",9
"1003","92",1
"1004","01",1692
"1004","02",249
"1004","03",1692
"1004","04",1099
"1004","05",384
"1004","06",96
"1004","07",153
"1004","12",78
"1004","09",3
"1004","10",35
"1004","11",1
"1004","92",1
"1014","01",3113
"1014","02",214
"1014","03",1066
"1014","04",1505
"1014","05",544
"1014","06",156
"1014","07",149
"1014","12",44
"1014","09",3
"1014","10",69
"1014","11",4
"1014","92",2
"1017","01",908
"1017","02",85
"1017","03",693
"1017","04",476
"1017","05",435
"1017","06",64
"1017","07",78
"1017","12",34
"1017","10",24
"1017","11",1
"1018","01",996
"1018","02",209
"1018","03",1532
"1018","04",596
"1018","05",334
"1018","06",77
"1018","07",135
"1018","12",29
"1018","09",2
"1018","10",35
"1018","11",2
"1018","92",1
"1021","01",416
"1021","02",37
"1021","03",335
"1021","04",189
"1021","05",304
"1021","06",17
"1021","07",36
"1021","12",24
"1021","10",5
"1021","11",1
"1026","01",118
"1026","02",6
"1026","03",119
"1026","04",123
"1026","05",194
"1026","06",3
"1026","07",10
"1026","12",1
"1026","92",1
"1027","01",298
"1027","02",35
"1027","03",154
"1027","04",272
"1027","05",236
"1027","06",14
"1027","07",8
"1027","12",4
"1027","10",8
"1029","01",728
"1029","02",71
"1029","03",720
"1029","04",497
"1029","05",238
"1029","06",33
"1029","07",75
"1029","12",15
"1029","09",1
"1029","10",8
"1029","11",4
"1032","01",840
"1032","02",115
"1032","03",1102
"1032","04",926
"1032","05",381
"1032","06",36
"1032","07",111
"1032","12",48
"1032","09",3
"1032","10",33
"1032","11",10
"1032","92",1
"1034","01",291
"1034","02",20
"1034","03",170
"1034","04",301
"1034","05",154
"1034","06",5
"1034","07",17
"1034","12",3
"1034","10",11
"1034","11",1
"1037","01",1097
"1037","02",120
"1037","03",785
"1037","04",785
"1037","05",238
"1037","06",82
"1037","07",108
"1037","12",23
"1037","10",39
"1037","11",2
"1037","92",2
"1046","01",273
"1046","02",10
"1046","03",229
"1046","04",233
"1046","05",201
"1046","06",18
"1046","07",48
"1046","12",8
"1046","10",6
"1046","11",2
"1101","01",2271
"1101","02",363
"1101","03",2060
"1101","04",1227
"1101","05",503
"1101","06",192
"1101","07",332
"1101","12",41
"1101","09",6
"1101","11",7
"1101","92",1
"1102","01",7790
"1102","02",1533
"1102","03",7458
"1102","04",3191
"1102","05",1420
"1102","06",917
"1102","07",1292
"1102","12",137
"1102","09",29
"1102","11",44
"1102","92",2
"1103","01",19906
"1103","02",3486
"1103","03",20550
"1103","04",5330
"1103","05",1435
"1103","06",3010
"1103","07",3023
"1103","12",454
"1103","09",60
"1103","11",178
"1103","92",10
"1106","01",6278
"1106","02",1007
"1106","03",5676
"1106","04",1961
"1106","05",306
"1106","06",491
"1106","07",980
"1106","12",132
"1106","09",16
"1106","11",21
"1106","92",3
"1111","01",657
"1111","02",112
"1111","03",656
"1111","04",474
"1111","05",168
"1111","06",43
"1111","07",67
"1111","12",14
"1111","09",3
"1112","01",538
"1112","02",93
"1112","03",452
"1112","04",472
"1112","05",239
"1112","06",38
"1112","07",56
"1112","12",10
"1112","09",1
"1114","01",209
"1114","02",17
"1114","03",281
"1114","04",345
"1114","05",467
"1114","06",20
"1114","07",43
"1114","12",1
"1114","11",2
"1119","01",1429
"1119","02",504
"1119","03",1852
"1119","04",1776
"1119","05",1345
"1119","06",150
"1119","07",245
"1119","12",47
"1119","09",2
"1119","11",13
"1120","01",1435
"1120","02",425
"1120","03",2144
"1120","04",983
"1120","05",1064
"1120","06",130
"1120","07",291
"1120","12",36
"1120","09",4
"1120","11",14
"1121","01",1629
"1121","02",341
"1121","03",1976
"1121","04",1053
"1121","05",997
"1121","06",202
"1121","07",293
"1121","12",56
"1121","09",5
"1121","11",16
"1121","92",1
"1122","01",1136
"1122","02",175
"1122","03",801
"1122","04",623
"1122","05",464
"1122","06",74
"1122","07",189
"1122","12",18
"1122","09",2
"1124","01",1820
"1124","02",730
"1124","03",3217
"1124","04",934
"1124","05",804
"1124","06",172
"1124","07",317
"1124","12",55
"1124","09",1
"1124","11",6
"1124","92",1
"1127","01",928
"1127","02",195
"1127","03",1211
"1127","04",750
"1127","05",463
"1127","06",88
"1127","07",190
"1127","12",12
"1127","09",2
"1127","11",2
"1127","92",1
"1129","01",102
"1129","02",11
"1129","03",126
"1129","04",172
"1129","05",84
"1129","06",6
"1129","07",22
"1129","12",2
"1130","01",1606
"1130","02",179
"1130","03",1372
"1130","04",1160
"1130","05",309
"1130","06",185
"1130","07",273
"1130","12",60
"1130","09",5
"1130","11",8
"1130","92",2
"1133","01",255
"1133","02",41
"1133","03",376
"1133","04",433
"1133","05",489
"1133","06",21
"1133","07",59
"1133","12",10
"1133","11",3
"1134","01",693
"1134","02",61
"1134","03",490
"1134","04",458
"1134","05",528
"1134","06",74
"1134","07",178
"1134","12",11
"1134","11",5
"1134","92",1
"1135","01",1718
"1135","02",115
"1135","03",715
"1135","04",422
"1135","05",205
"1135","06",152
"1135","07",240
"1135","12",16
"1135","09",8
"1135","11",14
"1135","92",1
"1141","01",217
"1141","02",61
"1141","03",309
"1141","04",495
"1141","05",461
"1141","06",21
"1141","07",129
"1141","12",8
"1141","09",1
"1142","01",258
"1142","02",62
"1142","03",442
"1142","04",349
"1142","05",310
"1142","06",21
"1142","07",56
"1142","12",10
"1144","01",93
"1144","02",4
"1144","03",98
"1144","04",97
"1144","05",24
"1144","06",6
"1144","07",10
"1144","12",1
"1145","01",99
"1145","02",29
"1145","03",97
"1145","04",89
"1145","05",82
"1145","06",6
"1145","07",18
"1145","12",4
"1145","09",1
"1145","11",2
"1145","92",1
"1146","01",1088
"1146","02",274
"1146","03",1094
"1146","04",833
"1146","05",485
"1146","06",69
"1146","07",310
"1146","12",19
"1146","09",1
"1146","11",4
"1146","92",1
"1149","01",5760
"1149","02",1465
"1149","03",5359
"1149","04",3680
"1149","05",767
"1149","06",419
"1149","07",1019
"1149","12",77
"1149","09",8
"1149","11",17
"1151","01",56
"1151","02",4
"1151","03",60
"1151","04",19
"1151","05",21
"1151","06",4
"1151","07",3
"1154","01",731
"1154","02",116
"1154","03",652
"1154","04",531
"1154","05",661
"1154","06",34
"1154","07",151
"1154","12",6
"1154","09",2
"1154","11",9
"1154","92",1
"1201","01",44763
"1201","02",7023
"1201","03",48980
"1201","04",11193
"1201","05",2251
"1201","06",7492
"1201","07",4798
"1201","12",1164
"1201","09",224
"1201","10",1704
"1201","11",828
"1211","01",765
"1211","02",76
"1211","03",563
"1211","04",437
"1211","05",376
"1211","06",52
"1211","07",120
"1211","12",13
"1211","09",2
"1211","11",3
"1214","01",452
"1214","02",96
"1214","03",474
"1214","04",388
"1214","05",249
"1214","06",54
"1214","07",96
"1214","12",5
"1214","10",6
"1216","01",760
"1216","02",159
"1216","03",689
"1216","04",517
"1216","05",253
"1216","06",68
"1216","07",132
"1216","12",11
"1216","09",2
"1216","10",5
"1216","11",2
"1219","01",1319
"1219","02",255
"1219","03",1526
"1219","04",1785
"1219","05",282
"1219","06",120
"1219","07",247
"1219","12",27
"1219","09",4
"1219","10",22
"1219","11",1
"1221","01",2880
"1221","02",367
"1221","03",2065
"1221","04",1215
"1221","05",351
"1221","06",515
"1221","07",450
"1221","12",62
"1221","09",12
"1221","10",24
"1221","11",25
"1222","01",381
"1222","02",94
"1222","03",504
"1222","04",484
"1222","05",163
"1222","06",45
"1222","07",54
"1222","12",12
"1222","10",6
"1222","11",5
"1223","01",373
"1223","02",86
"1223","03",545
"1223","04",388
"1223","05",290
"1223","06",30
"1223","07",51
"1223","12",7
"1223","09",1
"1223","10",7
"1223","11",1
"1224","01",2227
"1224","02",329
"1224","03",2020
"1224","04",1257
"1224","05",928
"1224","06",347
"1224","07",315
"1224","12",40
"1224","09",7
"1224","10",25
"1224","11",17
"1227","01",188
"1227","02",23
"1227","03",178
"1227","04",214
"1227","05",98
"1227","06",15
"1227","07",37
"1227","12",8
"1227","10",4
"1227","11",4
"1228","01",2981
"1228","02",106
"1228","03",1080
"1228","04",270
"1228","05",194
"1228","06",613
"1228","07",191
"1228","12",31
"1228","09",50
"1228","10",22
"1228","11",57
"1231","01",585
"1231","02",66
"1231","03",652
"1231","04",209
"1231","05",631
"1231","06",136
"1231","07",150
"1231","12",14
"1231","09",1
"1231","10",5
"1231","11",8
"1232","01",301
"1232","02",26
"1232","03",195
"1232","04",39
"1232","05",62
"1232","06",16
"1232","07",16
"1232","11",1
"1233","01",258
"1233","02",19
"1233","03",160
"1233","04",39
"1233","05",172
"1233","06",56
"1233","07",64
"1233","12",14
"1233","09",1
"1233","10",5
"1233","11",2
"1234","01",170
"1234","02",10
"1234","03",149
"1234","04",45
"1234","05",201
"1234","06",38
"1234","07",38
"1234","12",12
"1234","10",1
"1234","11",1
"1235","01",3722
"1235","02",181
"1235","03",1571
"1235","04",906
"1235","05",1205
"1235","06",364
"1235","07",411
"1235","12",409
"1235","09",8
"1235","10",18
"1235","11",31
"1238","01",1515
"1238","02",142
"1238","03",1460
"1238","04",1036
"1238","05",657
"1238","06",222
"1238","07",201
"1238","12",43
"1238","09",3
"1238","10",14
"1238","11",11
"1241","01",562
"1241","02",82
"1241","03",615
"1241","04",497
"1241","05",334
"1241","06",59
"1241","07",112
"1241","12",25
"1241","09",1
"1241","10",6
"1242","01",602
"1242","02",57
"1242","03",327
"1242","04",229
"1242","05",103
"1242","06",41
"1242","07",35
"1242","12",7
"1242","09",1
"1242","10",7
"1242","11",6
"1243","01",2021
"1243","02",427
"1243","03",2464
"1243","04",739
"1243","05",386
"1243","06",230
"1243","07",309
"1243","12",43
"1243","09",3
"1243","10",30
"1243","11",19
"1244","01",454
"1244","02",64
"1244","03",587
"1244","04",457
"1244","05",728
"1244","06",28
"1244","07",49
"1244","12",14
"1244","10",12
"1244","11",4
"1245","01",798
"1245","02",168
"1245","03",939
"1245","04",315
"1245","05",105
"1245","06",68
"1245","07",78
"1245","12",16
"1245","09",1
"1245","10",21
"1245","11",5
"1246","01",2047
"1246","02",463
"1246","03",2364
"1246","04",1321
"1246","05",278
"1246","06",204
"1246","07",178
"1246","12",57
"1246","09",1
"1246","10",39
"1246","11",11
"1247","01",3821
"1247","02",542
"1247","03",2984
"1247","04",1193
"1247","05",168
"1247","06",566
"1247","07",774
"1247","12",64
"1247","09",5
"1247","10",78
"1247","11",39
"1251","01",1513
"1251","02",81
"1251","03",546
"1251","04",441
"1251","05",186
"1251","06",158
"1251","07",89
"1251","12",48
"1251","09",4
"1251","10",13
"1251","11",5
"1252","01",44
"1252","02",6
"1252","03",54
"1252","04",38
"1252","05",39
"1252","06",13
"1252","07",3
"1252","12",2
"1253","01",1358
"1253","02",208
"1253","03",998
"1253","04",607
"1253","05",505
"1253","06",152
"1253","07",145
"1253","12",57
"1253","09",3
"1253","10",20
"1253","11",7
"1256","01",633
"1256","02",92
"1256","03",620
"1256","04",464
"1256","05",254
"1256","06",79
"1256","07",106
"1256","12",23
"1256","09",1
"1256","10",19
"1256","11",4
"1259","01",455
"1259","02",63
"1259","03",446
"1259","04",512
"1259","05",67
"1259","06",39
"1259","07",42
"1259","12",14
"1259","09",3
"1259","10",5
"1259","11",3
"1260","01",1027
"1260","02",82
"1260","03",527
"1260","04",492
"1260","05",323
"1260","06",69
"1260","07",96
"1260","12",56
"1260","09",1
"1260","10",24
"1260","11",5
"1263","01",1561
"1263","02",221
"1263","03",1822
"1263","04",1346
"1263","05",683
"1263","06",250
"1263","07",290
"1263","12",37
"1263","09",3
"1263","10",39
"1263","11",10
"1264","01",359
"1264","02",57
"1264","03",461
"1264","04",393
"1264","05",93
"1264","06",29
"1264","07",46
"1264","12",6
"1264","09",2
"1264","10",8
"1264","11",1
"1265","01",161
"1265","02",17
"1265","03",115
"1265","04",153
"1265","05",24
"1265","06",7
"1265","07",7
"1265","12",11
"1265","10",5
"1266","01",302
"1266","02",50
"1266","03",340
"1266","04",284
"1266","05",151
"1266","06",39
"1266","07",53
"1266","12",3
"1266","10",3
"1266","11",2
"1401","01",2167
"1401","02",84
"1401","03",1405
"1401","04",528
"1401","05",447
"1401","06",342
"1401","07",296
"1401","12",14
"1401","09",8
"1401","11",35
"1411","01",427
"1411","02",34
"1411","03",387
"1411","04",283
"1411","05",307
"1411","06",53
"1411","07",59
"1411","12",5
"1411","09",3
"1411","11",2
"1412","01",175
"1412","02",14
"1412","03",203
"1412","04",116
"1412","05",86
"1412","06",19
"1412","07",27
"1412","11",1
"1413","01",396
"1413","02",16
"1413","03",224
"1413","04",160
"1413","05",191
"1413","06",20
"1413","07",40
"1413","11",11
"1416","01",1639
"1416","02",39
"1416","03",567
"1416","04",221
"1416","05",287
"1416","06",162
"1416","07",96
"1416","12",14
"1416","09",1
"1416","11",41
"1417","01",574
"1417","02",20
"1417","03",324
"1417","04",157
"1417","05",390
"1417","06",38
"1417","07",37
"1417","12",3
"1417","11",5
"1418","01",303
"1418","02",15
"1418","03",218
"1418","04",207
"1418","05",255
"1418","06",36
"1418","07",68
"1418","12",2
"1418","09",1
"1418","11",9
"1419","01",760
"1419","02",19
"1419","03",354
"1419","04",195
"1419","05",261
"1419","06",67
"1419","07",117
"1419","12",2
"1419","11",4
"1420","01",1296
"1420","02",54
"1420","03",732
"1420","04",330
"1420","05",504
"1420","06",118
"1420","07",217
"1420","12",4
"1420","09",2
"1420","11",16
"1421","01",519
"1421","02",22
"1421","03",255
"1421","04",92
"1421","05",200
"1421","06",39
"1421","07",52
"1421","12",5
"1421","11",12
"1422","01",648
"1422","02",13
"1422","03",255
"1422","04",78
"1422","05",272
"1422","06",76
"1422","07",70
"1422","12",2
"1422","09",1
"1422","11",3
"1424","01",3119
"1424","02",32
"1424","03",526
"1424","04",142
"1424","05",103
"1424","06",187
"1424","07",94
"1424","12",8
"1424","09",6
"1424","11",17
"1426","01",1436
"1426","02",40
"1426","03",409
"1426","04",478
"1426","05",611
"1426","06",60
"1426","07",80
"1426","12",3
"1426","09",2
"1426","11",4
"1428","01",598
"1428","02",33
"1428","03",509
"1428","04",366
"1428","05",310
"1428","06",54
"1428","07",92
"1428","12",4
"1428","11",16
"1429","01",819
"1429","02",20
"1429","03",361
"1429","04",247
"1429","05",438
"1429","06",88
"1429","07",96
"1429","12",3
"1429","09",1
"1429","11",9
"1430","01",504
"1430","02",10
"1430","03",415
"1430","04",435
"1430","05",301
"1430","06",38
"1430","07",69
"1430","12",3
"1430","09",1
"1430","11",7
"1431","01",519
"1431","02",12
"1431","03",317
"1431","04",367
"1431","05",469
"1431","06",45
"1431","07",62
"1431","12",7
"1431","11",9
"1432","01",1424
"1432","02",64
"1432","03",1197
"1432","04",812
"1432","05",521
"1432","06",227
"1432","07",229
"1432","12",18
"1432","11",57
"1433","01",445
"1433","02",17
"1433","03",354
"1433","04",239
"1433","05",392
"1433","06",53
"1433","07",68
"1433","12",1
"1433","11",10
"1438","01",1157
"1438","02",43
"1438","03",719
"1438","04",455
"1438","05",327
"1438","06",102
"1438","07",143
"1438","12",13
"1438","09",1
"1438","11",6
"1439","01",1247
"1439","02",127
"1439","03",1252
"1439","04",573
"1439","05",247
"1439","06",106
"1439","07",237
"1439","12",13
"1439","09",4
"1439","11",33
"1441","01",534
"1441","02",48
"1441","03",553
"1441","04",432
"1441","05",297
"1441","06",37
"1441","07",91
"1441","12",2
"1441","09",2
"1441","11",2
"1443","01",851
"1443","02",64
"1443","03",809
"1443","04",287
"1443","05",811
"1443","06",66
"1443","07",221
"1443","12",2
"1443","09",1
"1443","11",3
"1444","01",197
"1444","02",7
"1444","03",142
"1444","04",53
"1444","05",289
"1444","06",13
"1444","07",53
"1444","11",1
"1445","01",823
"1445","02",45
"1445","03",843
"1445","04",722
"1445","05",1198
"1445","06",124
"1445","07",196
"1445","12",13
"1445","11",17
"1449","01",1000
"1449","02",45
"1449","03",805
"1449","04",485
"1449","05",1516
"1449","06",70
"1449","07",93
"1449","12",2
"1449","09",1
"1449","11",23
"1502","01",4837
"1502","02",446
"1502","03",3688
"1502","04",1951
"1502","05",774
"1502","06",788
"1502","07",589
"1502","12",34
"1502","09",10
"1502","10",32
"1502","11",87
"1502","92",3
"1503","01",6028
"1503","02",391
"1503","03",3327
"1503","04",554
"1503","05",143
"1503","06",474
"1503","07",476
"1503","12",20
"1503","09",18
"1503","10",44
"1503","11",56
"1503","92",1
"1504","01",6985
"1504","02",1084
"1504","03",7582
"1504","04",2939
"1504","05",600
"1504","06",721
"1504","07",1051
"1504","12",86
"1504","09",9
"1504","10",27
"1504","11",95
"1504","92",486
"1511","01",555
"1511","02",95
"1511","03",525
"1511","04",486
"1511","05",378
"1511","06",43
"1511","07",164
"1511","12",2
"1511","09",1
"1511","10",2
"1511","11",2
"1511","92",49
"1514","01",415
"1514","02",46
"1514","03",497
"1514","04",547
"1514","05",189
"1514","06",46
"1514","07",168
"1514","12",2
"1514","09",1
"1514","10",2
"1514","11",4
"1515","01",1109
"1515","02",135
"1515","03",1338
"1515","04",1311
"1515","05",212
"1515","06",86
"1515","07",202
"1515","12",7
"1515","09",1
"1515","10",11
"1515","11",8
"1515","92",325
"1516","01",705
"1516","02",128
"1516","03",1057
"1516","04",784
"1516","05",213
"1516","06",103
"1516","07",226
"1516","12",12
"1516","09",3
"1516","10",6
"1516","11",5
"1516","92",38
"1517","01",575
"1517","02",109
"1517","03",725
"1517","04",520
"1517","05",196
"1517","06",67
"1517","07",401
"1517","12",5
"1517","10",2
"1517","11",9
"1517","92",24
"1519","01",1060
"1519","02",130
"1519","03",1005
"1519","04",1149
"1519","05",561
"1519","06",322
"1519","07",471
"1519","12",8
"1519","09",2
"1519","10",4
"1519","11",19
"1519","92",68
"1520","01",1525
"1520","02",169
"1520","03",1379
"1520","04",1177
"1520","05",841
"1520","06",651
"1520","07",335
"1520","12",9
"1520","09",2
"1520","10",10
"1520","11",3
"1520","92",66
"1523","01",313
"1523","02",190
"1523","03",275
"1523","04",192
"1523","05",155
"1523","06",29
"1523","07",68
"1523","12",3
"1523","10",1
"1523","11",1
"1524","01",226
"1524","02",18
"1524","03",232
"1524","04",238
"1524","05",364
"1524","06",29
"1524","07",87
"1524","12",1
"1524","10",2
"1524","11",12
"1524","92",14
"1525","01",772
"1525","02",65
"1525","03",790
"1525","04",597
"1525","05",442
"1525","06",61
"1525","07",179
"1525","12",9
"1525","09",1
"1525","10",5
"1525","11",2
"1525","92",38
"1526","01",156
"1526","02",32
"1526","03",126
"1526","04",107
"1526","05",120
"1526","06",15
"1526","07",47
"1526","10",1
"1526","11",1
"1526","92",3
"1528","01",1262
"1528","02",143
"1528","03",1150
"1528","04",756
"1528","05",439
"1528","06",79
"1528","07",202
"1528","12",3
"1528","09",2
"1528","10",1
"1528","11",1
"1528","92",48
"1529","01",451
"1529","02",96
"1529","03",500
"1529","04",400
"1529","05",183
"1529","06",37
"1529","07",147
"1529","12",3
"1529","11",1
"1529","92",28
"1531","01",1108
"1531","02",211
"1531","03",1191
"1531","04",990
"1531","05",128
"1531","06",105
"1531","07",202
"1531","12",3
"1531","09",2
"1531","10",6
"1531","11",4
"1531","92",63
"1532","01",659
"1532","02",132
"1532","03",1025
"1532","04",1065
"1532","05",382
"1532","06",39
"1532","07",137
"1532","12",5
"1532","10",5
"1532","11",7
"1532","92",54
"1534","01",1506
"1534","02",173
"1534","03",1263
"1534","04",1251
"1534","05",395
"1534","06",180
"1534","07",316
"1534","12",21
"1534","09",5
"1534","10",11
"1534","11",9
"1534","92",102
"1535","01",1220
"1535","02",234
"1535","03",819
"1535","04",592
"1535","05",398
"1535","06",160
"1535","07",154
"1535","12",4
"1535","10",6
"1535","11",10
"1535","92",4
"1539","01",1876
"1539","02",226
"1539","03",1086
"1539","04",746
"1539","05",519
"1539","06",180
"1539","07",173
"1539","12",7
"1539","09",1
"1539","10",8
"1539","11",10
"1539","92",1
"1543","01",885
"1543","02",73
"1543","03",386
"1543","04",320
"1543","05",309
"1543","06",31
"1543","07",97
"1543","12",2
"1543","09",1
"1543","11",4
"1545","01",385
"1545","02",52
"1545","03",284
"1545","04",229
"1545","05",186
"1545","06",48
"1545","07",59
"1545","12",1
"1545","09",1
"1545","10",1
"1545","11",3
"1545","92",1
"1546","01",204
"1546","02",47
"1546","03",297
"1546","04",241
"1546","05",66
"1546","06",30
"1546","07",55
"1546","12",13
"1546","09",1
"1546","10",3
"1546","92",3
"1547","01",570
"1547","02",46
"1547","03",360
"1547","04",348
"1547","05",191
"1547","06",60
"1547","07",122
"1547","12",1
"1547","10",5
"1547","11",4
"1548","01",1747
"1548","02",228
"1548","03",1080
"1548","04",911
"1548","05",694
"1548","06",156
"1548","07",149
"1548","12",7
"1548","10",11
"1548","11",4
"1548","92",3
"1551","01",725
"1551","02",96
"1551","03",384
"1551","04",257
"1551","05",231
"1551","06",51
"1551","07",104
"1551","12",7
"1551","09",1
"1551","10",2
"1551","11",2
"1554","01",1296
"1554","02",91
"1554","03",528
"1554","04",426
"1554","05",371
"1554","06",62
"1554","07",413
"1554","12",7
"1554","09",1
"1554","10",7
"1554","11",3
"1554","92",1
"1556","01",1107
"1556","02",106
"1556","03",602
"1556","04",240
"1556","05",98
"1556","06",93
"1556","07",133
"1556","12",3
"1556","09",1
"1556","10",3
"1556","11",7
"1557","01",579
"1557","02",56
"1557","03",300
"1557","04",336
"1557","05",417
"1557","06",33
"1557","07",65
"1557","09",2
"1557","10",6
"1557","11",7
"1560","01",1010
"1560","02",39
"1560","03",359
"1560","04",320
"1560","05",327
"1560","06",83
"1560","07",102
"1560","12",9
"1560","09",3
"1560","10",4
"1560","11",1
"1560","92",1
"1563","01",2647
"1563","02",78
"1563","03",792
"1563","04",338
"1563","05",452
"1563","06",321
"1563","07",192
"1563","12",16
"1563","09",6
"1563","10",12
"1563","11",25
"1563","92",1
"1566","01",1903
"1566","02",75
"1566","03",547
"1566","04",424
"1566","05",696
"1566","06",110
"1566","07",131
"1566","12",8
"1566","09",3
"1566","10",2
"1566","11",2
"1566","92",1
"1567","01",552
"1567","02",12
"1567","03",175
"1567","04",168
"1567","05",406
"1567","06",24
"1567","07",39
"1567","12",1
"1567","10",1
"1569","01",683
"1569","02",35
"1569","03",327
"1569","04",226
"1569","05",355
"1569","06",34
"1569","07",104
"1569","12",3
"1569","10",3
"1569","11",5
"1571","01",607
"1571","02",37
"1571","03",248
"1571","04",117
"1571","05",273
"1571","06",33
"1571","07",56
"1571","12",4
"1571","09",1
"1571","10",1
"1571","11",2
"1572","01",329
"1572","02",10
"1572","03",104
"1572","04",87
"1572","05",114
"1572","06",30
"1572","07",46
"1572","09",2
"1572","10",3
"1572","11",3
"1572","92",3
"1573","01",814
"1573","02",39
"1573","03",217
"1573","04",173
"1573","05",316
"1573","06",76
"1573","07",70
"1573","12",2
"1573","09",1
"1573","10",4
"1573","11",4
"1573","92",3
"1601","01",35872
"1601","02",3361
"1601","03",28282
"1601","04",4215
"1601","05",2728
"1601","06",7322
"1601","07",2501
"1601","12",388
"1601","09",249
"1601","11",1128
"1612","01",1206
"1612","02",91
"1612","03",549
"1612","04",219
"1612","05",426
"1612","06",131
"1612","07",95
"1612","12",7
"1612","09",4
"1612","11",3
"1613","01",277
"1613","02",19
"1613","03",93
"1613","04",127
"1613","05",170
"1613","06",28
"1613","07",23
"1613","12",1
"1613","11",2
"1617","01",1095
"1617","02",92
"1617","03",636
"1617","04",254
"1617","05",246
"1617","06",157
"1617","07",57
"1617","12",8
"1617","09",1
"1617","11",33
"1620","01",1441
"1620","02",55
"1620","03",582
"1620","04",364
"1620","05",188
"1620","06",113
"1620","07",91
"1620","12",6
"1620","09",3
"1620","11",11
"1621","01",917
"1621","02",126
"1621","03",798
"1621","04",180
"1621","05",717
"1621","06",114
"1621","07",59
"1621","12",19
"1621","09",1
"1621","11",18
"1622","01",407
"1622","02",32
"1622","03",325
"1622","04",182
"1622","05",273
"1622","06",26
"1622","07",14
"1622","09",2
"1622","11",1
"1624","01",1544
"1624","02",115
"1624","03",791
"1624","04",480
"1624","05",837
"1624","06",162
"1624","07",141
"1624","12",10
"1624","09",8
"1624","11",11
"1627","01",1114
"1627","02",88
"1627","03",700
"1627","04",206
"1627","05",559
"1627","06",115
"1627","07",95
"1627","12",5
"1627","09",2
"1627","11",4
"1630","01",727
"1630","02",68
"1630","03",466
"1630","04",328
"1630","05",547
"1630","06",69
"1630","07",102
"1630","12",15
"1630","09",1
"1630","11",2
"1632","01",268
"1632","02",30
"1632","03",185
"1632","04",100
"1632","05",135
"1632","06",22
"1632","07",31
"1632","12",2
"1632","11",2
"1633","01",304
"1633","02",18
"1633","03",156
"1633","04",114
"1633","05",108
"1633","06",27
"1633","07",49
"1633","12",2
"1633","11",4
"1634","01",1627
"1634","02",67
"1634","03",928
"1634","04",357
"1634","05",534
"1634","06",164
"1634","07",154
"1634","12",21
"1634","09",2
"1635","01",721
"1635","02",26
"1635","03",282
"1635","04",313
"1635","05",363
"1635","06",42
"1635","07",73
"1635","12",38
"1635","09",4
"1635","11",2
"1636","01",1682
"1636","02",43
"1636","03",397
"1636","04",231
"1636","05",435
"1636","06",94
"1636","07",102
"1636","12",38
"1636","09",5
"1636","11",10
"1638","01",2913
"1638","02",151
"1638","03",1093
"1638","04",706
"1638","05",711
"1638","06",301
"1638","07",289
"1638","12",18
"1638","09",20
"1638","11",26
"1640","01",1955
"1640","02",57
"1640","03",672
"1640","04",112
"1640","05",285
"1640","06",297
"1640","07",92
"1640","12",14
"1640","09",23
"1640","11",51
"1644","01",1247
"1644","02",22
"1644","03",160
"1644","04",107
"1644","05",144
"1644","06",147
"1644","07",31
"1644","12",7
"1644","09",4
"1644","11",7
"1648","01",1836
"1648","02",82
"1648","03",573
"1648","04",428
"1648","05",763
"1648","06",143
"1648","07",159
"1648","12",15
"1648","09",1
"1648","11",5
"1653","01",3326
"1653","02",199
"1653","03",1515
"1653","04",652
"1653","05",1101
"1653","06",320
"1653","07",225
"1653","12",27
"1653","09",6
"1653","11",10
"1657","01",1357
"1657","02",95
"1657","03",578
"1657","04",225
"1657","05",593
"1657","06",162
"1657","07",116
"1657","12",42
"1657","09",1
"1657","11",8
"1662","01",892
"1662","02",70
"1662","03",532
"1662","04",119
"1662","05",170
"1662","06",197
"1662","07",84
"1662","12",7
"1662","09",2
"1662","11",12
"1663","01",2723
"1663","02",193
"1663","03",1403
"1663","04",214
"1663","05",287
"1663","06",410
"1663","07",142
"1663","12",17
"1663","09",17
"1663","11",18
"1664","01",1192
"1664","02",57
"1664","03",532
"1664","04",158
"1664","05",398
"1664","06",185
"1664","07",79
"1664","12",13
"1664","09",27
"1664","11",13
"1665","01",326
"1665","02",11
"1665","03",98
"1665","04",23
"1665","05",84
"1665","06",62
"1665","07",17
"1702","01",5871
"1702","02",235
"1702","03",2209
"1702","04",400
"1702","05",2536
"1702","06",819
"1702","07",736
"1702","12",57
"1702","09",7
"1702","10",26
"1702","11",60
"1703","01",3895
"1703","02",154
"1703","03",1254
"1703","04",421
"1703","05",662
"1703","06",545
"1703","07",367
"1703","12",30
"1703","09",45
"1703","10",6
"1703","11",28
"1711","01",1120
"1711","02",40
"1711","03",242
"1711","04",44
"1711","05",161
"1711","06",162
"1711","07",76
"1711","12",7
"1711","09",8
"1711","10",4
"1711","11",3
"1714","01",4420
"1714","02",306
"1714","03",1979
"1714","04",657
"1714","05",1573
"1714","06",560
"1714","07",386
"1714","12",132
"1714","09",6
"1714","10",26
"1714","11",35
"1717","01",621
"1717","02",25
"1717","03",269
"1717","04",136
"1717","05",382
"1717","06",40
"1717","07",66
"1717","12",11
"1717","09",2
"1717","10",2
"1717","11",1
"1718","01",802
"1718","02",41
"1718","03",359
"1718","04",211
"1718","05",535
"1718","06",63
"1718","07",88
"1718","12",5
"1718","09",2
"1718","10",3
"1718","11",8
"1719","01",4290
"1719","02",184
"1719","03",1640
"1719","04",695
"1719","05",1922
"1719","06",742
"1719","07",624
"1719","12",58
"1719","09",19
"1719","10",15
"1719","11",39
"1721","01",4292
"1721","02",153
"1721","03",1107
"1721","04",246
"1721","05",1179
"1721","06",400
"1721","07",362
"1721","12",50
"1721","09",42
"1721","10",17
"1721","11",44
"1723","01",244
"1723","02",10
"1723","03",47
"1723","04",107
"1723","05",164
"1723","06",18
"1723","07",37
"1723","12",1
"1723","11",2
"1724","01",1226
"1724","02",21
"1724","03",209
"1724","04",80
"1724","05",320
"1724","06",163
"1724","07",91
"1724","12",16
"1724","09",4
"1724","10",9
"1724","11",8
"1725","01",527
"1725","02",21
"1725","03",155
"1725","04",73
"1725","05",298
"1725","06",70
"1725","07",84
"1725","12",1
"1725","10",2
"1729","01",1580
"1729","02",62
"1729","03",386
"1729","04",160
"1729","05",919
"1729","06",219
"1729","07",183
"1729","12",12
"1729","09",1
"1729","10",5
"1729","11",6
"1736","01",687
"1736","02",11
"1736","03",170
"1736","04",31
"1736","05",542
"1736","06",124
"1736","07",121
"1736","12",7
"1736","09",2
"1736","10",1
"1736","11",3
"1738","01",507
"1738","02",15
"1738","03",118
"1738","04",72
"1738","05",189
"1738","06",26
"1738","07",72
"1738","12",20
"1738","09",1
"1738","10",3
"1738","11",1
"1739","01",244
"1739","02",2
"1739","03",51
"1739","04",46
"1739","05",76
"1739","06",32
"1739","07",31
"1739","12",3
"1739","10",1
"1739","11",1
"1740","01",506
"1740","02",21
"1740","03",83
"1740","04",45
"1740","05",81
"1740","06",39
"1740","07",19
"1740","12",2
"1740","10",2
"1740","11",3
"1742","01",880
"1742","02",21
"1742","03",215
"1742","04",21
"1742","05",427
"1742","06",108
"1742","07",105
"1742","12",6
"1742","09",2
"1742","11",1
"1743","01",465
"1743","02",9
"1743","03",56
"1743","04",37
"1743","05",293
"1743","06",25
"1743","07",66
"1743","11",1
"1744","01",1079
"1744","02",19
"1744","03",317
"1744","04",47
"1744","05",632
"1744","06",105
"1744","07",113
"1744","12",15
"1744","09",1
"1744","10",3
"1744","11",5
"1748","01",218
"1748","02",3
"1748","03",58
"1748","04",30
"1748","05",149
"1748","06",13
"1748","07",13
"1748","12",3
"1749","01",365
"1749","02",27
"1749","03",150
"1749","04",96
"1749","05",178
"1749","06",34
"1749","07",46
"1749","12",1
"1749","09",1
"1749","10",3
"1750","01",1047
"1750","02",59
"1750","03",427
"1750","04",101
"1750","05",303
"1750","06",92
"1750","07",120
"1750","12",4
"1750","09",3
"1750","10",4
"1750","11",15
"1751","01",1718
"1751","02",50
"1751","03",469
"1751","04",245
"1751","05",704
"1751","06",163
"1751","07",127
"1751","12",16
"1751","09",3
"1751","10",6
"1751","11",6
"1755","01",290
"1755","02",8
"1755","03",62
"1755","04",11
"1755","05",119
"1755","06",39
"1755","07",14
"1755","12",2
"1755","10",1
"1755","11",2
"1804","01",7620
"1804","02",458
"1804","03",7681
"1804","04",1193
"1804","05",664
"1804","06",2245
"1804","07",696
"1804","12",34
"1804","09",20
"1804","10",63
"1804","11",95
"1805","01",6013
"1805","02",146
"1805","03",2951
"1805","04",474
"1805","05",386
"1805","06",1345
"1805","07",302
"1805","12",28
"1805","09",36
"1805","10",21
"1805","11",30
"1811","01",685
"1811","02",16
"1811","03",196
"1811","04",72
"1811","05",161
"1811","06",163
"1811","07",45
"1811","09",3
"1811","10",4
"1811","11",6
"1812","01",578
"1812","02",17
"1812","03",186
"1812","04",81
"1812","05",228
"1812","06",175
"1812","07",19
"1812","12",3
"1812","09",2
"1812","10",3
"1812","11",4
"1813","01",1800
"1813","02",51
"1813","03",826
"1813","04",248
"1813","05",253
"1813","06",560
"1813","07",96
"1813","12",3
"1813","09",3
"1813","10",10
"1813","11",28
"1815","01",476
"1815","02",12
"1815","03",150
"1815","04",81
"1815","05",124
"1815","06",146
"1815","07",39
"1815","12",1
"1815","09",6
"1815","10",3
"1815","11",2
"1816","01",218
"1816","02",7
"1816","03",88
"1816","04",37
"1816","05",61
"1816","06",59
"1816","07",9
"1816","12",1
"1816","10",2
"1816","11",1
"1818","01",647
"1818","02",18
"1818","03",212
"1818","04",123
"1818","05",89
"1818","06",68
"1818","07",37
"1818","12",3
"1818","09",1
"1818","10",1
"1818","11",4
"1820","01",1849
"1820","02",104
"1820","03",1139
"1820","04",218
"1820","05",332
"1820","06",419
"1820","07",97
"1820","12",5
"1820","09",1
"1820","10",11
"1820","11",55
"1822","01",724
"1822","02",25
"1822","03",233
"1822","04",91
"1822","05",199
"1822","06",138
"1822","07",42
"1822","12",1
"1822","09",1
"1822","10",5
"1822","11",11
"1824","01",4488
"1824","02",90
"1824","03",1580
"1824","04",359
"1824","05",554
"1824","06",973
"1824","07",208
"1824","12",9
"1824","09",4
"1824","10",21
"1824","11",36
"1825","01",648
"1825","02",26
"1825","03",159
"1825","04",40
"1825","05",149
"1825","06",103
"1825","07",15
"1825","12",1
"1825","09",6
"1825","10",4
"1825","11",2
"1826","01",637
"1826","02",2
"1826","03",84
"1826","04",62
"1826","05",206
"1826","06",119
"1826","07",34
"1826","12",1
"1826","09",2
"1826","10",3
"1826","11",2
"1827","01",470
"1827","02",26
"1827","03",251
"1827","04",67
"1827","05",131
"1827","06",119
"1827","07",23
"1827","12",1
"1827","10",1
"1827","11",20
"1828","01",533
"1828","02",9
"1828","03",219
"1828","04",71
"1828","05",113
"1828","06",148
"1828","07",40
"1828","10",5
"1828","11",6
"1832","01",1470
"1832","02",37
"1832","03",570
"1832","04",148
"1832","05",291
"1832","06",546
"1832","07",51
"1832","12",5
"1832","09",7
"1832","10",5
"1832","11",5
"1833","01",8013
"1833","02",226
"1833","03",2510
"1833","04",460
"1833","05",418
"1833","06",3482
"1833","07",321
"1833","12",18
"1833","09",72
"1833","10",27
"1833","11",141
"1834","01",666
"1834","02",23
"1834","03",290
"1834","04",149
"1834","05",152
"1834","06",106
"1834","07",27
"1834","12",2
"1834","09",1
"1834","10",3
"1834","11",1
"1835","01",107
"1835","02",1
"1835","03",67
"1835","04",70
"1835","05",63
"1835","06",12
"1835","07",4
"1835","09",1
"1835","11",2
"1836","01",436
"1836","02",19
"1836","03",274
"1836","04",192
"1836","05",75
"1836","06",76
"1836","07",26
"1836","12",1
"1836","09",1
"1836","10",2
"1836","11",7
"1837","01",1917
"1837","02",46
"1837","03",1116
"1837","04",438
"1837","05",179
"1837","06",360
"1837","07",89
"1837","12",6
"1837","09",9
"1837","10",6
"1837","11",14
"1838","01",783
"1838","02",20
"1838","03",429
"1838","04",210
"1838","05",99
"1838","06",118
"1838","07",49
"1838","12",2
"1838","09",1
"1838","10",7
"1838","11",3
"1839","01",547
"1839","02",2
"1839","03",181
"1839","04",56
"1839","05",124
"1839","06",66
"1839","07",18
"1839","12",1
"1839","09",2
"1839","10",2
"1839","11",3
"1840","01",1551
"1840","02",46
"1840","03",660
"1840","04",154
"1840","05",152
"1840","06",466
"1840","07",105
"1840","12",4
"1840","09",21
"1840","10",7
"1840","11",20
"1841","01",3531
"1841","02",94
"1841","03",1342
"1841","04",179
"1841","05",181
"1841","06",738
"1841","07",195
"1841","12",8
"1841","09",19
"1841","10",19
"1841","11",30
"1842","01",378
"1842","02",4
"1842","03",214
"1842","04",120
"1842","05",100
"1842","06",58
"1842","07",14
"1842","10",2
"1842","11",1
"1845","01",991
"1845","02",22
"1845","03",352
"1845","04",102
"1845","05",178
"1845","06",179
"1845","07",26
"1845","12",3
"1845","10",2
"1845","11",5
"1848","01",803
"1848","02",32
"1848","03",455
"1848","04",210
"1848","05",255
"1848","06",181
"1848","07",78
"1848","12",4
"1848","09",5
"1848","10",11
"1848","11",5
"1849","01",567
"1849","02",22
"1849","03",351
"1849","04",148
"1849","05",118
"1849","06",127
"1849","07",55
"1849","12",1
"1849","10",4
"1849","11",1
"1850","01",867
"1850","02",14
"1850","03",298
"1850","04",201
"1850","05",61
"1850","06",182
"1850","07",38
"1850","12",2
"1850","09",2
"1850","10",7
"1850","11",2
"1851","01",706
"1851","02",33
"1851","03",600
"1851","04",84
"1851","05",111
"1851","06",152
"1851","07",54
"1851","12",5
"1851","10",6
"1851","11",4
"1852","01",446
"1852","02",40
"1852","03",380
"1852","04",78
"1852","05",71
"1852","06",75
"1852","07",25
"1852","12",3
"1852","09",2
"1852","10",2
"1852","11",2
"1853","01",482
"1853","02",21
"1853","03",264
"1853","04",74
"1853","05",137
"1853","06",89
"1853","07",31
"1853","09",4
"1853","10",8
"1853","11",2
"1854","01",954
"1854","02",23
"1854","03",358
"1854","04",164
"1854","05",188
"1854","06",163
"1854","07",28
"1854","12",3
"1854","09",7
"1854","10",8
"1856","01",264
"1856","02",2
"1856","03",99
"1856","04",20
"1856","05",6
"1856","06",16
"1856","07",45
"1856","10",1
"1857","01",344
"1857","02",4
"1857","03",109
"1857","04",67
"1857","05",13
"1857","06",30
"1857","10",2
"1859","01",499
"1859","02",26
"1859","03",181
"1859","04",59
"1859","05",116
"1859","06",93
"1859","07",13
"1859","12",1
"1859","10",5
"1860","01",2566
"1860","02",177
"1860","03",1420
"1860","04",696
"1860","05",717
"1860","06",481
"1860","07",89
"1860","12",8
"1860","09",2
"1860","10",136
"1860","11",18
"1865","01",2206
"1865","02",120
"1865","03",1585
"1865","04",238
"1865","05",273
"1865","06",623
"1865","07",101
"1865","12",4
"1865","09",9
"1865","10",39
"1865","11",49
"1866","01",2103
"1866","02",75
"1866","03",1264
"1866","04",414
"1866","05",317
"1866","06",658
"1866","07",158
"1866","12",7
"1866","09",12
"1866","10",40
"1866","11",18
"1867","01",1051
"1867","02",49
"1867","03",688
"1867","04",232
"1867","05",113
"1867","06",312
"1867","07",76
"1867","12",1
"1867","09",4
"1867","10",17
"1867","11",3
"1868","01",1132
"1868","02",57
"1868","03",747
"1868","04",361
"1868","05",163
"1868","06",302
"1868","07",66
"1868","12",3
"1868","10",11
"1868","11",10
"1870","01",1897
"1870","02",92
"1870","03",1430
"1870","04",295
"1870","05",241
"1870","06",629
"1870","07",166
"1870","12",8
"1870","09",4
"1870","10",16
"1870","11",21
"1871","01",1762
"1871","02",79
"1871","03",1385
"1871","04",200
"1871","05",248
"1871","06",452
"1871","07",152
"1871","12",11
"1871","09",2
"1871","10",7
"1871","11",7
"1874","01",562
"1874","02",8
"1874","03",114
"1874","04",58
"1874","05",43
"1874","06",107
"1874","07",12
"1874","10",4
"1874","11",1
"1901","01",4748
"1901","02",442
"1901","03",5161
"1901","04",771
"1901","05",463
"1901","06",678
"1901","07",316
"1901","12",15
"1901","09",16
"1901","10",18
"1901","11",107
"1901","92",1
"1902","01",11879
"1902","02",776
"1902","03",8528
"1902","04",1548
"1902","05",847
"1902","06",2561
"1902","07",798
"1902","12",62
"1902","09",75
"1902","10",54
"1902","11",558
"1902","92",8
"1911","01",813
"1911","02",38
"1911","03",587
"1911","04",122
"1911","05",187
"1911","06",121
"1911","07",124
"1911","12",2
"1911","10",3
"1911","11",32
"1913","01",1044
"1913","02",40
"1913","03",560
"1913","04",135
"1913","05",66
"1913","06",98
"1913","07",59
"1913","09",2
"1913","10",10
"1913","11",7
"1915","01",229
"1915","02",4
"1915","03",126
"1915","04",66
"1915","05",51
"1915","06",23
"1915","07",12
"1915","12",1
"1915","09",1
"1915","10",3
"1915","11",4
"1915","92",1
"1917","01",709
"1917","02",22
"1917","03",364
"1917","04",151
"1917","05",57
"1917","06",80
"1917","07",78
"1917","12",1
"1917","09",1
"1917","10",1
"1917","11",3
"1919","01",607
"1919","02",16
"1919","03",218
"1919","04",85
"1919","05",44
"1919","06",58
"1919","07",8
"1919","12",2
"1919","09",1
"1919","10",2
"1919","11",1
"1919","92",1
"1920","01",469
"1920","02",4
"1920","03",191
"1920","04",52
"1920","05",32
"1920","06",11
"1920","07",19
"1920","10",2
"1920","11",2
"1922","01",1131
"1922","02",76
"1922","03",651
"1922","04",115
"1922","05",309
"1922","06",101
"1922","07",40
"1922","12",3
"1922","10",1
"1922","11",5
"1923","01",883
"1923","02",14
"1923","03",267
"1923","04",107
"1923","05",111
"1923","06",121
"1923","07",15
"1923","12",3
"1923","10",3
"1923","11",6
"1924","01",1864
"1924","02",100
"1924","03",1419
"1924","04",174
"1924","05",403
"1924","06",250
"1924","07",137
"1924","12",8
"1924","09",3
"1924","10",6
"1924","11",22
"1924","92",1
"1925","01",1179
"1925","02",36
"1925","03",435
"1925","04",131
"1925","05",118
"1925","06",85
"1925","07",25
"1925","12",6
"1925","09",2
"1925","10",1
"1925","11",5
"1926","01",536
"1926","02",15
"1926","03",176
"1926","04",95
"1926","05",119
"1926","06",48
"1926","07",11
"1926","12",2
"1926","09",1
"1926","10",4
"1927","01",871
"1927","02",16
"1927","03",229
"1927","04",109
"1927","05",89
"1927","06",76
"1927","07",9
"1927","09",2
"1927","11",5
"1928","01",579
"1928","02",4
"1928","03",166
"1928","04",59
"1928","05",64
"1928","06",22
"1928","07",7
"1928","12",2
"1928","10",4
"1928","11",3
"1929","01",492
"1929","02",13
"1929","03",133
"1929","04",74
"1929","05",30
"1929","06",54
"1929","07",6
"1929","12",2
"1929","10",2
"1931","01",3494
"1931","02",149
"1931","03",1409
"1931","04",586
"1931","05",258
"1931","06",308
"1931","07",152
"1931","12",7
"1931","09",22
"1931","10",33
"1931","11",26
"1931","92",3
"1933","01",2099
"1933","02",83
"1933","03",676
"1933","04",276
"1933","05",360
"1933","06",267
"1933","07",98
"1933","12",4
"1933","09",18
"1933","10",5
"1933","11",27
"1936","01",1025
"1936","02",32
"1936","03",264
"1936","04",81
"1936","05",127
"1936","06",79
"1936","07",29
"1936","12",1
"1936","10",4
"1936","11",9
"1938","01",1359
"1938","02",40
"1938","03",306
"1938","04",205
"1938","05",92
"1938","06",133
"1938","07",36
"1938","12",1
"1938","09",3
"1938","10",3
"1938","11",11
"1939","01",719
"1939","02",14
"1939","03",153
"1939","04",64
"1939","05",49
"1939","06",114
"1939","07",13
"1939","12",2
"1939","09",4
"1939","11",6
"1940","01",936
"1940","02",22
"1940","03",201
"1940","04",276
"1940","05",108
"1940","06",122
"1940","07",15
"1940","09",4
"1940","10",2
"1940","11",10
"1940","92",1
"1941","01",876
"1941","02",21
"1941","03",352
"1941","04",269
"1941","05",125
"1941","06",98
"1941","07",44
"1941","09",3
"1941","10",2
"1941","11",2
"1942","01",1617
"1942","02",43
"1942","03",439
"1942","04",259
"1942","05",161
"1942","06",113
"1942","07",66
"1942","12",1
"1942","09",7
"1942","10",5
"1942","11",7
"1943","01",572
"1943","02",19
"1943","03",193
"1943","04",136
"1943","05",27
"1943","06",46
"1943","07",8
"1943","09",1
"1943","11",9
"2001","01",2498
"2001","02",44
"2001","03",972
"2001","04",122
"2001","05",34
"2001","06",309
"2001","07",46
"2001","12",6
"2001","09",66
"2001","10",8
"2001","11",60
"2002","01",1137
"2002","02",34
"2002","03",423
"2002","04",48
"2002","05",6
"2002","06",163
"2002","07",42
"2002","12",6
"2002","09",45
"2002","10",3
"2002","11",11
"2003","01",1990
"2003","02",55
"2003","03",871
"2003","04",185
"2003","05",52
"2003","06",232
"2003","07",61
"2003","12",12
"2003","09",69
"2003","10",2
"2003","11",24
"2011","01",592
"2011","02",19
"2011","03",308
"2011","04",161
"2011","05",25
"2011","06",67
"2011","07",68
"2011","12",1
"2011","09",2
"2011","11",9
"2012","01",3550
"2012","02",120
"2012","03",1552
"2012","04",566
"2012","05",184
"2012","06",689
"2012","07",378
"2012","12",10
"2012","09",109
"2012","10",9
"2012","11",46
"2014","01",630
"2014","02",10
"2014","03",159
"2014","04",82
"2014","05",71
"2014","06",91
"2014","07",14
"2014","12",1
"2014","09",4
"2014","10",5
"2014","11",6
"2015","01",641
"2015","02",29
"2015","03",126
"2015","04",33
"2015","05",10
"2015","06",46
"2015","07",6
"2015","09",4
"2015","11",1
"2016","01",874
"2016","02",13
"2016","03",142
"2016","04",46
"2016","05",22
"2016","06",92
"2016","07",14
"2016","09",4
"2016","10",5
"2016","11",4
"2017","01",630
"2017","02",10
"2017","03",99
"2017","04",50
"2017","05",44
"2017","06",34
"2017","07",33
"2017","10",3
"2017","11",6
"2018","01",744
"2018","02",13
"2018","03",130
"2018","04",17
"2018","05",87
"2018","06",88
"2018","07",2
"2018","12",1
"2018","09",1
"2018","10",3
"2018","11",6
"2019","01",1590
"2019","02",41
"2019","03",538
"2019","04",104
"2019","05",28
"2019","06",209
"2019","07",19
"2019","12",3
"2019","09",12
"2019","10",9
"2019","11",14
"2020","01",1553
"2020","02",56
"2020","03",555
"2020","04",110
"2020","05",38
"2020","06",112
"2020","07",26
"2020","12",8
"2020","09",7
"2020","10",3
"2020","11",16
"2021","01",808
"2021","02",9
"2021","03",296
"2021","04",82
"2021","05",62
"2021","06",78
"2021","07",39
"2021","12",1
"2021","09",2
"2021","11",23
"2022","01",706
"2022","02",9
"2022","03",129
"2022","04",62
"2022","05",19
"2022","06",56
"2022","07",7
"2022","12",1
"2022","09",6
"2022","10",3
"2022","11",6
"2023","01",613
"2023","02",8
"2023","03",140
"2023","04",25
"2023","05",11
"2023","06",65
"2023","07",8
"2023","09",6
"2023","11",7
"2024","01",607
"2024","02",11
"2024","03",158
"2024","04",20
"2024","05",12
"2024","06",73
"2024","07",9
"2024","12",5
"2024","09",37
"2024","10",3
"2024","11",5
"2025","01",1012
"2025","02",23
"2025","03",416
"2025","04",121
"2025","05",85
"2025","06",103
"2025","07",36
"2025","12",2
"2025","09",13
"2025","10",1
"2025","11",11
"2027","01",405
"2027","02",8
"2027","03",112
"2027","04",31
"2027","05",42
"2027","06",41
"2027","07",8
"2027","12",1
"2027","09",1
"2027","10",1
"2027","11",3
"2028","01",921
"2028","02",24
"2028","03",260
"2028","04",40
"2028","05",12
"2028","06",81
"2028","07",14
"2028","09",7
"2028","10",1
"2028","11",4
"2030","01",3477
"2030","02",68
"2030","03",1361
"2030","04",179
"2030","05",99
"2030","06",504
"2030","07",71
"2030","12",10
"2030","09",62
"2030","10",13
"2030","11",62
