kom2024,Gjeld,Brutto,gjeldsgrad
3101,715500,458700,1.56
3103,881600,522200,1.688
3105,745100,470300,1.584
3107,793500,491900,1.613
3301,889300,523300,1.699
3303,813700,551600,1.475
3305,745000,500500,1.489
3110,828800,547100,1.515
3124,669500,504800,1.326
3122,679900,475700,1.429
3118,780700,505200,1.545
3116,757800,488500,1.551
3120,759900,477300,1.592
3112,765500,504500,1.517
3114,943000,522100,1.806
3216,1054100,562700,1.873
3207,1067100,607100,1.758
3218,937700,517900,1.811
3214,1119800,626400,1.788
3212,1092400,605700,1.804
3201,1299500,787200,1.651
3203,1155400,674800,1.712
3226,838000,483400,1.734
3224,1094000,565500,1.935
3220,909100,515500,1.764
3222,1030600,562200,1.833
3205,1007600,555400,1.814
3232,1003800,584900,1.716
3230,1014200,599200,1.693
3209,981300,522800,1.877
3228,857800,497600,1.724
3240,863400,486500,1.775
3238,932400,497800,1.873
3242,662800,455800,1.454
3310,982600,617600,1.591
3320,576100,514500,1.12
3322,531100,528300,1.005
3324,620100,512800,1.209
3326,877900,573600,1.531
3328,606600,507800,1.195
3330,666100,567800,1.173
3332,542800,520200,1.043
3318,602100,602600,0.999
3316,739100,484000,1.527
3314,805400,532300,1.513
3312,973200,596900,1.63
3334,639500,522200,1.225
3336,447400,466100,0.96
3338,442500,489900,0.903
3236,754100,490000,1.539
3234,768900,503900,1.526
0301,1202700,649900,1.851
3401,662400,487300,1.359
3403,892100,521300,1.711
3405,800700,505900,1.583
3407,779600,481700,1.618
3411,717400,478600,1.499
3412,712200,461000,1.545
3413,793500,478500,1.658
3414,519600,440700,1.179
3415,648900,477700,1.358
3416,496400,434500,1.142
3417,524100,490400,1.069
3418,556700,441700,1.26
3419,597500,456300,1.309
3420,791800,478000,1.656
3421,547000,440600,1.241
3422,567900,432800,1.312
3423,489400,427100,1.146
3424,427900,413900,1.034
3425,373900,418700,0.893
3426,589900,443100,1.331
3427,656800,462200,1.421
3428,594900,476600,1.248
3429,467700,450200,1.039
3430,524500,454200,1.155
3431,447700,440400,1.017
3432,592800,496500,1.194
3433,476500,441900,1.078
3434,437200,441900,0.989
3435,464200,451000,1.029
3436,544800,471500,1.155
3437,489700,419800,1.167
3438,552700,469000,1.178
3439,480600,448300,1.072
3440,607500,470100,1.292
3441,566500,475900,1.19
3442,715700,484000,1.479
3443,685800,461400,1.486
3446,670600,492000,1.363
3447,533400,431000,1.238
3448,498900,431600,1.156
3449,449500,449100,1.001
3450,460800,431900,1.067
3451,519400,468100,1.11
3452,499400,492300,1.014
3453,539600,491300,1.098
3454,451600,455900,0.991
3901,798400,477600,1.672
3903,854500,522000,1.637
3905,936000,547200,1.711
3907,830000,511600,1.622
3909,801300,499900,1.603
4001,827600,512000,1.616
4003,804000,497900,1.615
4005,636200,475900,1.337
3911,949400,569300,1.668
4010,693300,487900,1.421
4012,798300,525800,1.518
4014,680000,463800,1.466
4016,482900,440700,1.096
4018,590000,465000,1.269
4020,636700,453200,1.405
4026,481400,482100,0.999
4024,464500,498000,0.933
4022,616300,486800,1.266
4028,490600,475800,1.031
4030,519900,484100,1.074
4032,543400,511600,1.062
4034,495500,505500,0.98
4036,576200,509100,1.132
4201,639800,478600,1.337
4202,823600,493900,1.668
4203,751600,491400,1.53
4204,908200,503500,1.804
4205,741400,491000,1.51
4206,677900,488300,1.388
4207,656800,492800,1.333
4211,477400,431100,1.107
4212,629600,456300,1.38
4213,662600,473800,1.398
4214,743200,471300,1.577
4215,929600,533700,1.742
4216,714700,470800,1.518
4217,533200,477700,1.116
4218,761200,445000,1.711
4219,646700,464000,1.394
4220,544200,468600,1.161
4221,521900,528900,0.987
4222,618500,536800,1.152
4223,784300,456600,1.718
4224,632800,508300,1.245
4225,711700,472500,1.506
4226,595600,510700,1.166
4227,656600,481100,1.365
4228,617800,570200,1.083
1101,748700,520700,1.438
1103,1013700,624000,1.625
1106,826300,528900,1.562
1108,946800,571600,1.656
1111,615600,506900,1.214
1112,627000,506700,1.237
1114,762200,540500,1.41
1119,851100,518100,1.643
1120,917200,549500,1.669
1121,981800,579800,1.693
1122,904000,523700,1.726
1124,1065500,651300,1.636
1127,1001600,600200,1.669
1130,874500,532300,1.643
1133,742000,525500,1.412
1134,587500,492200,1.194
1135,607000,499400,1.215
1144,710900,517800,1.373
1145,801200,523500,1.53
1146,845000,539600,1.566
1149,803300,515900,1.557
1151,591800,573700,1.032
1160,730100,596400,1.224
4601,983800,555600,1.771
4602,762300,527700,1.445
4611,752200,543300,1.385
4612,775100,580400,1.335
4613,774100,532700,1.453
4614,851600,508800,1.674
4615,734500,505300,1.454
4616,660900,589700,1.121
4617,663600,528000,1.257
4618,523800,500700,1.046
4619,583200,551500,1.057
4620,518800,455500,1.139
4621,692800,491000,1.411
4622,692000,509900,1.357
4623,607400,481400,1.262
4624,925300,534300,1.732
4625,1064700,678900,1.568
4626,965100,536100,1.8
4627,999600,519900,1.923
4628,555300,459400,1.209
4629,506500,623800,0.812
4630,707600,486500,1.454
4631,797300,509700,1.564
4632,691400,535900,1.29
4633,518000,512900,1.01
4634,532700,523200,1.018
4635,514200,534100,0.963
4636,458000,490300,0.934
4637,358000,483600,0.74
4638,488300,484900,1.007
4639,439100,511800,0.858
4640,790100,488500,1.617
4641,519600,475400,1.093
4642,527500,491900,1.072
4643,676100,525600,1.286
4644,574600,470000,1.223
4645,560700,542600,1.033
4646,502100,562100,0.893
4647,794500,547200,1.452
4648,458500,477500,0.96
4649,606800,488500,1.242
4650,587100,481400,1.22
4651,589500,498000,1.184
1505,829000,504500,1.643
1506,835600,531300,1.573
1508,894600,539500,1.658
1511,436200,481800,0.905
1514,514000,476500,1.079
1515,767900,549800,1.397
1516,831900,533300,1.56
1517,663700,484100,1.371
1520,702900,493600,1.424
1525,508200,491700,1.034
1528,609300,485200,1.256
1531,877700,509900,1.721
1532,908000,540200,1.681
1535,632600,492000,1.286
1539,603300,501700,1.203
1547,780600,505200,1.545
1554,727900,522400,1.393
1557,579800,466800,1.242
1560,558600,464400,1.203
1563,607700,503000,1.208
1566,586200,472700,1.24
1573,583400,493500,1.182
1576,549000,483000,1.137
1577,673700,452200,1.49
1578,477400,453800,1.052
1579,763600,499200,1.53
5001,1000900,536800,1.865
5006,773600,466600,1.658
5007,733600,482100,1.522
5014,803200,881100,0.912
5020,444000,453700,0.979
5021,675000,484700,1.393
5022,475600,446400,1.065
5025,674000,480000,1.404
5026,495800,450000,1.102
5027,637000,466100,1.367
5028,877500,494800,1.773
5029,980100,514500,1.905
5031,1040800,544100,1.913
5032,645200,475200,1.358
5033,457400,460700,0.993
5034,508500,418800,1.214
5035,870900,486200,1.791
5036,702700,471400,1.491
5037,860000,493500,1.743
5038,830500,467200,1.778
5041,546800,467300,1.17
5042,416300,449400,0.926
5043,351800,426200,0.825
5044,465100,459900,1.011
5045,591000,470200,1.257
5046,590500,461200,1.28
5047,750600,495300,1.515
5049,553000,548200,1.009
5052,471600,500100,0.943
5053,767900,500200,1.535
5054,618500,458200,1.35
5055,574100,488900,1.174
5056,736300,494700,1.488
5057,793400,484900,1.636
5058,590200,488900,1.207
5059,724000,478900,1.512
5060,779100,567200,1.374
5061,559900,451400,1.24
1804,990800,542400,1.827
1806,775900,496100,1.564
1811,341000,509700,0.669
1812,631100,498200,1.267
1813,771800,584700,1.32
1815,527900,554700,0.952
1816,545200,546200,0.998
1818,544300,502100,1.084
1820,766600,488000,1.571
1822,680100,461000,1.475
1824,772700,488400,1.582
1825,474400,440600,1.077
1826,327800,409500,0.8
1827,546900,512100,1.068
1828,537800,465200,1.156
1832,613100,451700,1.357
1833,914500,490900,1.863
1834,530500,626300,0.847
1835,408100,486600,0.839
1836,447900,465000,0.963
1837,590200,496500,1.189
1838,533100,472400,1.128
1839,318200,404900,0.786
1840,515600,468300,1.101
1841,665100,483400,1.376
1845,440800,441800,0.998
1848,527000,494300,1.066
1851,465800,472400,0.986
1853,455600,426200,1.069
1856,455600,522400,0.872
1857,413900,495900,0.835
1859,508100,480000,1.059
1860,700200,494000,1.417
1865,739200,515200,1.435
1866,664500,538200,1.235
1867,511200,622600,0.821
1868,585700,494000,1.186
1870,753700,520100,1.449
1871,513800,488600,1.052
1874,461100,499000,0.924
1875,395500,441500,0.896
5501,1039000,529600,1.962
5503,797900,512100,1.558
5601,955600,505900,1.889
5634,458500,436700,1.05
5607,634000,487500,1.301
5603,866500,522200,1.659
5510,549400,449700,1.222
5512,546000,467100,1.169
5514,327500,482400,0.679
5516,453700,463300,0.979
5518,434000,421300,1.03
5520,611100,502100,1.217
5522,403800,449400,0.899
5524,581500,497500,1.169
5526,566800,480600,1.179
5528,415900,450400,0.923
5530,613900,494400,1.242
5532,504500,451900,1.116
5534,590100,468700,1.259
5536,509900,448800,1.136
5538,463800,436200,1.063
5540,451300,422100,1.069
5542,549900,461000,1.193
5544,600200,468800,1.28
5546,456800,432000,1.057
5612,457400,407100,1.124
5614,358500,429200,0.835
5616,382700,438300,0.873
5618,408100,485100,0.841
5620,534100,481900,1.108
5622,602800,470900,1.28
5610,565600,452500,1.25
5624,406300,457500,0.888
5626,362600,428400,0.846
5630,433200,488600,0.887
5628,550800,474900,1.16
5636,476100,449100,1.06
5632,437700,466900,0.937
5605,754500,485100,1.555
