kom2024,medianinntekt_2021,medianinntekt_2024,antall_25_44_2021
3101,517000.0,624100.0,7540
3103,537000.0,646500.0,11810
3105,533000.0,637700.0,14499
3107,541000.0,647800.0,20188
3301,551000.0,655900.0,27603
3303,582000.0,686900.0,7069
3305,529000.0,616900.0,7659
3110,610000.0,719600.0,790
3124,555000.0,659400.0,251
3122,525000.0,616200.0,719
3118,548000.0,649400.0,11123
3116,576000.0,673200.0,945
3120,549000.0,663900.0,1964
3112,622000.0,719500.0,1762
3114,650000.0,752900.0,1662
3216,661000.0,764200.0,4522
3207,689000.0,806400.0,14552
3218,604000.0,716800.0,5840
3214,650000.0,748300.0,3204
3212,670000.0,792400.0,4685
3201,704000.0,837100.0,31797
3203,692000.0,821700.0,22672
3226,562000.0,672600.0,4273
3224,626000.0,739500.0,5360
3220,631000.0,739000.0,2829
3222,599000.0,695900.0,12011
3205,615000.0,723500.0,23609
3232,687000.0,825200.0,6133
3230,681000.0,789900.0,1674
3209,575000.0,675500.0,11883
3228,607000.0,723300.0,6040
3240,582000.0,700400.0,7284
3238,606000.0,719600.0,4303
3242,530000.0,623500.0,643
3310,649000.0,762000.0,1586
3320,487000.0,565200.0,227
3322,537000.0,629000.0,666
3324,501000.0,599900.0,1039
3326,531000.0,631100.0,753
3328,546000.0,662000.0,945
3330,539000.0,611700.0,1064
3332,532000.0,632300.0,668
3318,509000.0,590500.0,528
3316,535000.0,632100.0,3472
3314,576000.0,681500.0,5159
3312,643000.0,761700.0,6985
3334,592000.0,691700.0,607
3336,516000.0,596100.0,269
3338,517000.0,609300.0,462
3236,566000.0,665200.0,1662
3234,606000.0,710800.0,2166
0301,525000.0,635200.0,258446
3401,501000.0,601200.0,3826
3403,539000.0,639200.0,7681
3405,554000.0,665000.0,6824
3407,520000.0,622900.0,7378
3411,550000.0,658800.0,8459
3412,562000.0,658000.0,1883
3413,563000.0,668200.0,5123
3414,512000.0,610600.0,1005
3415,572000.0,671000.0,1783
3416,482000.0,576100.0,1132
3417,477000.0,570400.0,824
3418,488000.0,580400.0,1411
3419,487000.0,568200.0,659
3420,536000.0,632700.0,5123
3421,484000.0,578300.0,1393
3422,484000.0,591000.0,970
3423,438000.0,521800.0,467
3424,464000.0,522200.0,260
3425,524000.0,618100.0,191
3426,513000.0,646200.0,323
3427,557000.0,650900.0,1214
3428,581000.0,665800.0,516
3429,514000.0,607900.0,263
3430,536000.0,644800.0,359
3431,503000.0,588400.0,484
3432,536000.0,675500.0,375
3433,532000.0,642600.0,441
3434,531000.0,642600.0,443
3435,527000.0,639500.0,740
3436,507000.0,606400.0,1096
3437,512000.0,605200.0,1079
3438,516000.0,615200.0,621
3439,511000.0,618000.0,967
3440,532000.0,644100.0,1201
3441,542000.0,640000.0,1334
3442,543000.0,647700.0,3269
3443,529000.0,629400.0,3192
3446,559000.0,667400.0,2931
3447,508000.0,601500.0,1147
3448,500000.0,591700.0,1366
3449,476000.0,583200.0,565
3450,457000.0,544500.0,230
3451,501000.0,597600.0,1432
3452,520000.0,641600.0,439
3453,533000.0,617000.0,746
3454,533000.0,642900.0,364
3901,543000.0,644100.0,6532
3903,585000.0,700300.0,6167
3905,551000.0,658000.0,15061
3907,541000.0,646600.0,15805
3909,543000.0,650100.0,10961
4001,545000.0,661400.0,8844
4003,538000.0,639800.0,13450
4005,520000.0,622200.0,3046
3911,588000.0,704500.0,5874
4010,644000.0,755500.0,559
4012,604000.0,711400.0,3114
4014,518000.0,615000.0,2178
4016,526000.0,613200.0,847
4018,533000.0,633700.0,1371
4020,533000.0,618900.0,2656
4026,514000.0,614100.0,1086
4024,559000.0,670900.0,288
4022,536000.0,635100.0,631
4028,539000.0,643000.0,499
4030,556000.0,663800.0,292
4032,519000.0,625400.0,245
4034,542000.0,646400.0,411
4036,554000.0,635900.0,854
4201,519000.0,611600.0,1348
4202,566000.0,676700.0,6184
4203,538000.0,642800.0,10914
4204,554000.0,657200.0,30460
4205,554000.0,654400.0,5395
4206,562000.0,668600.0,2131
4207,568000.0,667500.0,2041
4211,504000.0,600300.0,516
4212,552000.0,673200.0,509
4213,540000.0,628000.0,1354
4214,577000.0,694000.0,1635
4215,614000.0,724800.0,2715
4216,590000.0,690700.0,1352
4217,509000.0,606500.0,404
4218,578000.0,677100.0,341
4219,524000.0,628800.0,908
4220,515000.0,603600.0,234
4221,571000.0,695600.0,245
4222,525000.0,588400.0,256
4223,549000.0,656300.0,4099
4224,580000.0,687100.0,193
4225,566000.0,681600.0,2565
4226,630000.0,729600.0,419
4227,553000.0,662900.0,1390
4228,626000.0,701200.0,414
1101,604000.0,707300.0,3674
1103,609000.0,732600.0,42159
1106,526000.0,636300.0,10134
1108,636000.0,756600.0,23732
1111,584000.0,691500.0,740
1112,594000.0,700800.0,709
1114,681000.0,842900.0,674
1119,622000.0,744100.0,5137
1120,655000.0,790400.0,5632
1121,635000.0,772500.0,5383
1122,685000.0,806800.0,3460
1124,692000.0,838300.0,7976
1127,679000.0,811500.0,2861
1130,638000.0,747600.0,3374
1133,628000.0,733500.0,569
1134,622000.0,733000.0,811
1135,565000.0,670600.0,1040
1144,697000.0,793300.0,91
1145,622000.0,763000.0,183
1146,661000.0,781700.0,2755
1149,611000.0,737500.0,10692
1151,643000.0,732700.0,39
1160,602000.0,715400.0,2157
4601,553000.0,671700.0,86063
4602,601000.0,706500.0,4012
4611,586000.0,717600.0,894
4612,625000.0,742900.0,1459
4613,645000.0,755900.0,2853
4614,606000.0,736800.0,4765
4615,645000.0,774700.0,751
4616,568000.0,665600.0,643
4617,605000.0,708500.0,2715
4618,560000.0,685300.0,2363
4619,591000.0,708000.0,197
4620,568000.0,700300.0,217
4621,575000.0,708700.0,3747
4622,600000.0,720100.0,1855
4623,612000.0,744000.0,579
4624,648000.0,771700.0,6539
4625,699000.0,822100.0,1327
4626,658000.0,778200.0,10083
4627,687000.0,826600.0,7864
4628,556000.0,655500.0,920
4629,615000.0,628400.0,86
4630,597000.0,710700.0,1957
4631,629000.0,754100.0,7174
4632,614000.0,740200.0,653
4633,545000.0,685200.0,84
4634,629000.0,743500.0,324
4635,568000.0,682200.0,475
4636,606000.0,720900.0,161
4637,512000.0,604200.0,233
4638,559000.0,651100.0,782
4639,582000.0,687200.0,513
4640,608000.0,715100.0,3222
4641,557000.0,638800.0,481
4642,576000.0,703200.0,438
4643,577000.0,685200.0,1110
4644,586000.0,694600.0,1136
4645,575000.0,683200.0,573
4646,495000.0,597600.0,572
4647,623000.0,735300.0,5534
4648,566000.0,676900.0,661
4649,604000.0,707800.0,2055
4650,595000.0,712700.0,1240
4651,566000.0,666000.0,1620
1505,528000.0,634200.0,6017
1506,574000.0,680200.0,7761
1508,579000.0,691800.0,17984
1511,586000.0,670600.0,567
1514,543000.0,646900.0,488
1515,625000.0,737000.0,2056
1516,611000.0,736500.0,2098
1517,579000.0,687100.0,1314
1520,584000.0,701100.0,2594
1525,591000.0,691200.0,1077
1528,598000.0,688700.0,1714
1531,637000.0,743800.0,2493
1532,679000.0,810000.0,2211
1535,564000.0,653700.0,1538
1539,548000.0,658700.0,1556
1547,601000.0,713800.0,850
1554,618000.0,711800.0,1290
1557,582000.0,674500.0,597
1560,562000.0,647300.0,567
1563,564000.0,663200.0,1470
1566,544000.0,647000.0,1218
1573,521000.0,625200.0,452
1576,551000.0,642100.0,696
1577,566000.0,671000.0,2594
1578,547000.0,677700.0,445
1579,585000.0,698700.0,3285
5001,553000.0,659600.0,64704
5006,539000.0,645600.0,5471
5007,558000.0,657100.0,3405
5014,549000.0,623400.0,1539
5020,502000.0,609700.0,168
5021,546000.0,647000.0,1515
5022,536000.0,635600.0,439
5025,539000.0,636100.0,1217
5026,560000.0,657600.0,383
5027,554000.0,662800.0,1505
5028,613000.0,726400.0,4305
5029,675000.0,807200.0,2266
5031,668000.0,795000.0,3671
5032,571000.0,678100.0,880
5033,547000.0,639100.0,134
5034,503000.0,586600.0,500
5035,582000.0,693200.0,5718
5036,574000.0,664600.0,563
5037,578000.0,689900.0,4835
5038,541000.0,646200.0,3487
5041,549000.0,661000.0,396
5042,555000.0,668600.0,235
5043,533000.0,609500.0,86
5044,497000.0,580800.0,152
5045,533000.0,619100.0,487
5046,568000.0,665100.0,224
5047,627000.0,711700.0,952
5049,588000.0,648700.0,227
5052,541000.0,665800.0,95
5053,599000.0,708600.0,1449
5054,551000.0,652000.0,2035
5055,557000.0,646300.0,1226
5056,521000.0,619000.0,1360
5057,544000.0,657700.0,2429
5058,550000.0,661400.0,820
5059,557000.0,672100.0,4203
5060,566000.0,676500.0,2285
5061,577000.0,674700.0,403
1804,586000.0,689600.0,14703
1806,548000.0,654100.0,5222
1811,538000.0,591000.0,232
1812,539000.0,605700.0,405
1813,572000.0,646300.0,1771
1815,563000.0,618400.0,205
1816,508000.0,642900.0,78
1818,551000.0,626400.0,428
1820,555000.0,651000.0,1694
1822,568000.0,667100.0,541
1824,535000.0,649400.0,3040
1825,525000.0,620900.0,294
1826,509000.0,613200.0,216
1827,528000.0,629400.0,256
1828,525000.0,607300.0,365
1832,529000.0,637500.0,978
1833,565000.0,684300.0,6314
1834,542000.0,623000.0,413
1835,491000.0,559500.0,125
1836,571000.0,654500.0,219
1837,574000.0,667300.0,1337
1838,533000.0,617000.0,388
1839,501000.0,559300.0,175
1840,561000.0,652800.0,989
1841,548000.0,660300.0,2210
1845,539000.0,638300.0,369
1848,523000.0,633700.0,565
1851,523000.0,584000.0,335
1853,549000.0,623900.0,235
1856,508000.0,595300.0,98
1857,455000.0,527400.0,158
1859,537000.0,600300.0,234
1860,542000.0,657800.0,2779
1865,526000.0,611200.0,2466
1866,539000.0,640000.0,1859
1867,483000.0,563600.0,466
1868,520000.0,597200.0,1007
1870,551000.0,656100.0,2562
1871,538000.0,637900.0,931
1874,452000.0,520900.0,252
1875,487000.0,624000.0,572
5501,563000.0,658600.0,23595
5503,554000.0,663500.0,6214
5601,610000.0,722600.0,5444
5634,459000.0,527000.0,467
5607,563000.0,649000.0,1250
5603,578000.0,681600.0,3083
5510,562000.0,663400.0,604
5512,543000.0,647800.0,849
5514,482000.0,563300.0,217
5516,474000.0,579400.0,204
5518,544000.0,640800.0,194
5520,569000.0,668300.0,998
5522,522000.0,592900.0,402
5524,556000.0,646500.0,1614
5526,572000.0,661500.0,774
5528,501000.0,601900.0,179
5530,547000.0,644200.0,3335
5532,511000.0,618000.0,1167
5534,518000.0,615700.0,429
5536,540000.0,647900.0,505
5538,532000.0,631800.0,366
5540,513000.0,591800.0,417
5542,532000.0,617400.0,731
5544,561000.0,662100.0,1079
5546,514000.0,594000.0,215
5612,579000.0,691100.0,745
5614,474000.0,544000.0,176
5616,477000.0,550400.0,254
5618,511000.0,571700.0,284
5620,518000.0,621100.0,712
5622,542000.0,653000.0,857
5610,576000.0,682200.0,621
5624,492000.0,549900.0,285
5626,419000.0,503600.0,296
5630,506000.0,560900.0,221
5628,537000.0,623900.0,616
5636,468000.0,594400.0,194
5632,522000.0,592700.0,620
5605,559000.0,657700.0,2563
