kom2024,aar,stemmer_andre,total_stemmer_alle_partier,prosent_andre
0301,1987,20398,276431,7.38
1101,1987,0,5926,0.0
1103,1987,1227,52761,2.33
1106,1987,75,14236,0.53
1108,1987,361,21823,1.65
1111,1987,0,1920,0.0
1112,1987,0,1647,0.0
1114,1987,136,1228,11.07
1119,1987,3500,6402,54.67
1120,1987,439,5527,7.94
1121,1987,355,5938,5.98
1122,1987,0,3436,0.0
1124,1987,1229,7449,16.5
1127,1987,0,3571,0.0
1130,1987,443,4308,10.28
1133,1987,149,1500,9.93
1134,1987,182,2062,8.83
1135,1987,27,3045,0.89
1144,1987,84,287,29.27
1145,1987,0,398,0.0
1146,1987,126,3570,3.53
1149,1987,38,15194,0.25
1151,1987,80,148,54.05
1160,1987,2280,4159,54.82
1505,1987,507,11222,4.52
1506,1987,505,14278,3.54
1508,1987,1540,20486,7.52
1511,1987,0,1848,0.0
1514,1987,600,1772,33.86
1515,1987,641,3795,16.89
1516,1987,0,2801,0.0
1517,1987,0,2119,0.0
1520,1987,318,5139,6.19
1525,1987,371,2357,15.74
1528,1987,0,3340,0.0
1531,1987,886,3380,26.21
1532,1987,22,2908,0.76
1535,1987,438,2785,15.73
1539,1987,0,3934,0.0
1547,1987,0,1372,0.0
1554,1987,0,2611,0.0
1557,1987,0,1523,0.0
1560,1987,0,1833,0.0
1563,1987,23,3844,0.6
1566,1987,0,3135,0.0
1573,1987,352,1445,24.36
1576,1987,0,3191,0.0
1577,1987,408,4088,9.98
1578,1987,0,1499,0.0
1579,1987,0,5678,0.0
1580,1987,1292,4384,29.47
1804,1987,399,16462,2.42
1806,1987,363,10675,3.4
1811,1987,224,1212,18.48
1812,1987,0,1113,0.0
1813,1987,73,3121,2.34
1815,1987,164,887,18.49
1816,1987,187,409,45.72
1818,1987,285,944,30.19
1820,1987,142,3274,4.34
1822,1987,486,1173,41.43
1824,1987,94,6328,1.49
1825,1987,262,918,28.54
1826,1987,319,954,33.44
1827,1987,45,937,4.8
1828,1987,0,994,0.0
1832,1987,149,2649,5.62
1833,1987,403,11236,3.59
1834,1987,55,1231,4.47
1835,1987,0,295,0.0
1836,1987,459,999,45.95
1837,1987,0,3663,0.0
1838,1987,0,1405,0.0
1839,1987,340,883,38.51
1840,1987,447,2526,17.7
1841,1987,145,5939,2.44
1845,1987,146,1445,10.1
1848,1987,0,1609,0.0
1851,1987,0,1562,0.0
1853,1987,0,945,0.0
1856,1987,217,386,56.22
1857,1987,81,415,19.52
1859,1987,383,830,46.14
1860,1987,799,4919,16.24
1865,1987,125,3896,3.21
1866,1987,128,3851,3.32
1867,1987,741,2070,35.8
1868,1987,0,2118,0.0
1870,1987,58,3877,1.5
1871,1987,51,3573,1.43
1874,1987,374,698,53.58
1875,1987,402,2556,15.73
3101,1987,1083,14827,7.3
3103,1987,377,19120,1.97
3105,1987,443,24607,1.8
3107,1987,1028,35522,2.89
3110,1987,0,1560,0.0
3112,1987,0,3166,0.0
3114,1987,0,1884,0.0
3116,1987,0,1581,0.0
3118,1987,30,18188,0.16
3120,1987,56,3974,1.41
3122,1987,0,2075,0.0
3124,1987,0,904,0.0
3201,1987,3811,49793,7.65
3203,1987,1243,34418,3.61
3205,1987,293,28605,1.02
3207,1987,305,21779,1.4
3209,1987,50,9305,0.54
3212,1987,216,6385,3.38
3214,1987,0,5451,0.0
3216,1987,45,5437,0.83
3218,1987,181,6371,2.84
3220,1987,0,3832,0.0
3222,1987,214,13034,1.64
3224,1987,55,7128,0.77
3226,1987,0,7407,0.0
3228,1987,1987,8353,23.79
3230,1987,0,1994,0.0
3232,1987,101,8213,1.23
3234,1987,25,4119,0.61
3236,1987,52,3072,1.69
3238,1987,0,4055,0.0
3240,1987,942,8858,10.63
3242,1987,0,1447,0.0
3301,1987,1508,42588,3.54
3303,1987,212,11715,1.81
3305,1987,88,15115,0.58
3310,1987,0,2346,0.0
3312,1987,46,10246,0.45
3314,1987,0,7711,0.0
3316,1987,0,6470,0.0
3318,1987,240,1456,16.48
3320,1987,515,830,62.05
3322,1987,0,1950,0.0
3324,1987,0,2139,0.0
3326,1987,151,972,15.53
3328,1987,0,2564,0.0
3330,1987,0,2479,0.0
3332,1987,0,2301,0.0
3334,1987,106,1451,7.31
3336,1987,100,907,11.03
3338,1987,824,1705,48.33
3401,1987,58,9139,0.63
3403,1987,243,9429,2.58
3405,1987,0,11918,0.0
3407,1987,110,14403,0.76
3411,1987,92,15936,0.58
3412,1987,372,3815,9.75
3413,1987,67,9759,0.69
3414,1987,0,3055,0.0
3415,1987,316,4345,7.27
3416,1987,0,3496,0.0
3417,1987,0,3416,0.0
3418,1987,778,4480,17.37
3419,1987,446,2509,17.78
3420,1987,94,8732,1.08
3421,1987,0,3895,0.0
3422,1987,713,2706,26.35
3423,1987,0,2014,0.0
3424,1987,0,1630,0.0
3425,1987,483,1133,42.63
3426,1987,0,1030,0.0
3427,1987,0,2907,0.0
3428,1987,0,1430,0.0
3429,1987,130,1306,9.95
3430,1987,0,1143,0.0
3431,1987,357,1794,19.9
3432,1987,0,1383,0.0
3433,1987,144,1513,9.52
3434,1987,295,1418,20.8
3435,1987,247,2202,11.22
3436,1987,0,3171,0.0
3437,1987,0,3184,0.0
3438,1987,304,1938,15.69
3439,1987,386,2959,13.04
3440,1987,0,2446,0.0
3441,1987,0,3537,0.0
3442,1987,209,7922,2.64
3443,1987,52,7057,0.74
3446,1987,0,7299,0.0
3447,1987,0,3624,0.0
3448,1987,0,3666,0.0
3449,1987,0,1889,0.0
3450,1987,0,999,0.0
3451,1987,0,3418,0.0
3452,1987,0,1244,0.0
3453,1987,0,1657,0.0
3454,1987,78,5984,1.3
3901,1987,282,12206,2.31
3903,1987,930,14057,6.62
3905,1987,128,17707,0.72
3907,1987,132,25840,0.51
3909,1987,603,21572,2.8
3911,1987,548,11784,4.65
4001,1987,432,16110,2.68
4003,1987,246,25416,0.97
4005,1987,306,7196,4.25
4010,1987,574,1089,52.71
4012,1987,877,6403,13.7
4014,1987,126,5445,2.31
4016,1987,0,2388,0.0
4018,1987,559,3693,15.14
4020,1987,0,4770,0.0
4022,1987,0,1386,0.0
4024,1987,0,972,0.0
4026,1987,1191,4322,27.56
4028,1987,0,1529,0.0
4030,1987,0,905,0.0
4032,1987,0,824,0.0
4034,1987,435,1661,26.19
4036,1987,0,2147,0.0
4201,1987,170,3639,4.67
4202,1987,453,7328,6.18
4203,1987,389,19030,2.04
4204,1987,6307,38218,16.5
4205,1987,297,10301,2.88
4206,1987,125,4792,2.61
4207,1987,592,4670,12.68
4211,1987,0,1358,0.0
4212,1987,43,1157,3.72
4213,1987,259,3168,8.18
4214,1987,0,1968,0.0
4215,1987,0,3814,0.0
4216,1987,188,2097,8.97
4217,1987,0,1143,0.0
4218,1987,0,581,0.0
4219,1987,0,1807,0.0
4220,1987,0,779,0.0
4221,1987,0,903,0.0
4222,1987,55,374,14.71
4223,1987,0,5900,0.0
4224,1987,84,524,16.03
4225,1987,288,3289,8.76
4226,1987,199,886,22.46
4227,1987,394,2759,14.28
4228,1987,0,987,0.0
4601,1987,8080,105297,7.67
4602,1987,1138,7591,14.99
4611,1987,270,2028,13.31
4612,1987,444,2263,19.62
4613,1987,1023,4787,21.37
4614,1987,48,6872,0.7
4615,1987,96,1571,6.11
4616,1987,0,1518,0.0
4617,1987,23,6160,0.37
4618,1987,333,7310,4.56
4619,1987,354,639,55.4
4620,1987,0,738,0.0
4621,1987,1125,8068,13.94
4622,1987,0,4295,0.0
4623,1987,283,1175,24.09
4624,1987,1621,7780,20.84
4625,1987,0,1959,0.0
4626,1987,818,9785,8.36
4627,1987,829,8420,9.85
4628,1987,109,2536,4.3
4629,1987,147,147,100.0
4630,1987,810,3830,21.15
4631,1987,393,9997,3.93
4632,1987,0,1217,0.0
4633,1987,0,443,0.0
4634,1987,197,1064,18.52
4635,1987,0,1294,0.0
4636,1987,76,566,13.43
4637,1987,0,871,0.0
4638,1987,302,2500,12.08
4639,1987,0,1243,0.0
4640,1987,0,3755,0.0
4641,1987,180,1075,16.74
4642,1987,399,2815,14.17
4643,1987,204,3241,6.29
4644,1987,138,2822,4.89
4645,1987,91,1538,5.92
4646,1987,0,3253,0.0
4647,1987,421,6629,6.35
4648,1987,0,2474,0.0
4649,1987,0,4308,0.0
4650,1987,178,4130,4.31
4651,1987,134,3360,3.99
5001,1987,7841,73936,10.61
5006,1987,453,13348,3.39
5007,1987,375,6567,5.71
5014,1987,171,2168,7.89
5020,1987,122,1355,9.0
5021,1987,0,3370,0.0
5022,1987,136,1523,8.93
5025,1987,638,3132,20.37
5026,1987,395,1604,24.63
5027,1987,0,3371,0.0
5028,1987,0,6293,0.0
5029,1987,0,2870,0.0
5031,1987,0,4603,0.0
5032,1987,198,2291,8.64
5033,1987,464,683,67.94
5034,1987,0,1511,0.0
5035,1987,672,8321,8.08
5036,1987,74,1398,5.29
5037,1987,255,8424,3.03
5038,1987,837,6551,12.78
5041,1987,0,1518,0.0
5042,1987,113,852,13.26
5043,1987,163,424,38.44
5044,1987,203,698,29.08
5045,1987,0,1552,0.0
5046,1987,297,842,35.27
5047,1987,0,1993,0.0
5049,1987,308,793,38.84
5052,1987,276,478,57.74
5053,1987,122,5640,2.16
5054,1987,0,3301,0.0
5055,1987,129,3037,4.25
5056,1987,265,2099,12.63
5057,1987,216,4821,4.48
5058,1987,0,1862,0.0
5059,1987,785,8705,9.02
5060,1987,14,4884,0.29
5061,1987,0,1152,0.0
5501,1987,1592,23171,6.87
5503,1987,539,10779,5.0
5510,1987,58,1801,3.22
5512,1987,920,2640,34.85
5514,1987,533,1298,41.06
5516,1987,207,896,23.1
5518,1987,129,769,16.78
5520,1987,0,2114,0.0
5522,1987,0,1304,0.0
5524,1987,25,3475,0.72
5526,1987,0,1618,0.0
5528,1987,54,839,6.44
5530,1987,1747,7828,22.32
5532,1987,82,3081,2.66
5534,1987,410,1389,29.52
5536,1987,337,1759,19.16
5538,1987,0,1072,0.0
5540,1987,673,1602,42.01
5542,1987,0,1438,0.0
5544,1987,237,2207,10.74
5546,1987,92,928,9.91
5601,1987,320,5631,5.68
5603,1987,286,4631,6.18
5605,1987,245,4781,5.12
5607,1987,119,2745,4.34
5610,1987,517,1412,36.61
5612,1987,300,1237,24.25
5614,1987,92,905,10.17
5616,1987,0,743,0.0
5618,1987,105,884,11.88
5620,1987,0,1769,0.0
5622,1987,155,1928,8.04
5624,1987,0,784,0.0
5626,1987,276,709,38.93
5628,1987,537,1671,32.14
5630,1987,367,770,47.66
5632,1987,0,961,0.0
5634,1987,74,1508,4.91
5636,1987,292,627,46.57
0301,1991,19663,271073,7.25
1101,1991,0,6064,0.0
1103,1991,6358,53174,11.96
1106,1991,2526,14045,17.99
1108,1991,1688,22997,7.34
1111,1991,132,1841,7.17
1112,1991,0,1550,0.0
1114,1991,87,1305,6.67
1119,1991,2298,6357,36.15
1120,1991,0,5808,0.0
1121,1991,0,6215,0.0
1122,1991,0,3581,0.0
1124,1991,949,7746,12.25
1127,1991,0,3734,0.0
1130,1991,1249,4772,26.17
1133,1991,143,1507,9.49
1134,1991,102,2139,4.77
1135,1991,0,2838,0.0
1144,1991,103,281,36.65
1145,1991,0,400,0.0
1146,1991,154,3659,4.21
1149,1991,2457,15509,15.84
1151,1991,96,140,68.57
1160,1991,1366,4046,33.76
1505,1991,911,10199,8.93
1506,1991,436,13946,3.13
1508,1991,345,19463,1.77
1511,1991,0,1830,0.0
1514,1991,1007,1807,55.73
1515,1991,340,4120,8.25
1516,1991,0,2935,0.0
1517,1991,783,2322,33.72
1520,1991,167,5097,3.28
1525,1991,384,2445,15.71
1528,1991,0,3440,0.0
1531,1991,1088,3127,34.79
1532,1991,0,2892,0.0
1535,1991,393,3035,12.95
1539,1991,0,3714,0.0
1547,1991,0,1396,0.0
1554,1991,0,2687,0.0
1557,1991,0,1476,0.0
1560,1991,0,1857,0.0
1563,1991,0,3754,0.0
1566,1991,0,3219,0.0
1573,1991,0,1338,0.0
1576,1991,0,3150,0.0
1577,1991,169,4169,4.05
1578,1991,0,1537,0.0
1579,1991,406,5673,7.16
1580,1991,1952,4540,43.0
1804,1991,1444,17070,8.46
1806,1991,262,10603,2.47
1811,1991,209,1197,17.46
1812,1991,666,1179,56.49
1813,1991,85,3334,2.55
1815,1991,55,859,6.4
1816,1991,140,391,35.81
1818,1991,192,875,21.94
1820,1991,121,3071,3.94
1822,1991,445,1108,40.16
1824,1991,120,5734,2.09
1825,1991,91,911,9.99
1826,1991,0,979,0.0
1827,1991,120,913,13.14
1828,1991,14,903,1.55
1832,1991,313,2656,11.78
1833,1991,220,10378,2.12
1834,1991,0,1223,0.0
1835,1991,0,295,0.0
1836,1991,359,880,40.8
1837,1991,0,3435,0.0
1838,1991,0,1319,0.0
1839,1991,371,796,46.61
1840,1991,488,2511,19.43
1841,1991,68,5822,1.17
1845,1991,0,1366,0.0
1848,1991,165,1517,10.88
1851,1991,0,1419,0.0
1853,1991,49,850,5.76
1856,1991,58,353,16.43
1857,1991,0,393,0.0
1859,1991,461,821,56.15
1860,1991,513,4767,10.76
1865,1991,183,3929,4.66
1866,1991,88,3816,2.31
1867,1991,526,1969,26.71
1868,1991,124,2138,5.8
1870,1991,79,3743,2.11
1871,1991,0,3447,0.0
1874,1991,383,711,53.87
1875,1991,711,2478,28.69
3101,1991,138,13280,1.04
3103,1991,276,18609,1.48
3105,1991,138,22707,0.61
3107,1991,1761,32155,5.48
3110,1991,18,1650,1.09
3112,1991,0,3031,0.0
3114,1991,187,1948,9.6
3116,1991,0,1517,0.0
3118,1991,80,17088,0.47
3120,1991,0,3631,0.0
3122,1991,0,1947,0.0
3124,1991,457,867,52.71
3201,1991,1336,50131,2.67
3203,1991,1316,34109,3.86
3205,1991,165,27749,0.59
3207,1991,168,22309,0.75
3209,1991,53,9054,0.59
3212,1991,167,6644,2.51
3214,1991,0,5419,0.0
3216,1991,57,5260,1.08
3218,1991,95,6259,1.52
3220,1991,0,3794,0.0
3222,1991,160,14066,1.14
3224,1991,628,6816,9.21
3226,1991,0,6944,0.0
3228,1991,1006,8124,12.38
3230,1991,0,2071,0.0
3232,1991,58,8766,0.66
3234,1991,0,3946,0.0
3236,1991,0,3168,0.0
3238,1991,0,4118,0.0
3240,1991,363,8481,4.28
3242,1991,0,1400,0.0
3301,1991,2087,38162,5.47
3303,1991,191,10595,1.8
3305,1991,0,14086,0.0
3310,1991,0,2414,0.0
3312,1991,0,9836,0.0
3314,1991,34,6880,0.49
3316,1991,602,6089,9.89
3318,1991,441,1390,31.73
3320,1991,442,753,58.7
3322,1991,189,1922,9.83
3324,1991,0,2274,0.0
3326,1991,135,946,14.27
3328,1991,0,2611,0.0
3330,1991,0,2373,0.0
3332,1991,0,2177,0.0
3334,1991,0,1366,0.0
3336,1991,74,870,8.51
3338,1991,68,1527,4.45
3401,1991,285,8888,3.21
3403,1991,1849,14235,12.99
3405,1991,590,12007,4.91
3407,1991,896,13421,6.68
3411,1991,0,15163,0.0
3412,1991,68,3802,1.79
3413,1991,0,9408,0.0
3414,1991,416,3150,13.21
3415,1991,700,4336,16.14
3416,1991,0,3263,0.0
3417,1991,0,3204,0.0
3418,1991,133,4381,3.04
3419,1991,386,2459,15.7
3420,1991,58,8736,0.66
3421,1991,0,4224,0.0
3422,1991,0,2419,0.0
3423,1991,0,1971,0.0
3424,1991,271,1656,16.36
3425,1991,377,1069,35.27
3426,1991,118,1111,10.62
3427,1991,0,3014,0.0
3428,1991,0,1437,0.0
3429,1991,105,1265,8.3
3430,1991,0,1175,0.0
3431,1991,365,1662,21.96
3432,1991,315,1369,23.01
3433,1991,181,1412,12.82
3434,1991,179,1312,13.64
3435,1991,712,2306,30.88
3436,1991,0,3144,0.0
3437,1991,0,3114,0.0
3438,1991,172,1765,9.75
3439,1991,216,2780,7.77
3440,1991,297,2408,12.33
3441,1991,0,3593,0.0
3442,1991,0,7565,0.0
3443,1991,77,6501,1.18
3446,1991,0,6730,0.0
3447,1991,24,3361,0.71
3448,1991,0,3331,0.0
3449,1991,985,1947,50.59
3450,1991,0,887,0.0
3451,1991,0,3382,0.0
3452,1991,212,1354,15.66
3453,1991,0,1662,0.0
3454,1991,0,907,0.0
3901,1991,482,11462,4.21
3903,1991,1158,13453,8.61
3905,1991,127,16364,0.78
3907,1991,358,25207,1.42
3909,1991,122,21387,0.57
3911,1991,1028,11405,9.01
4001,1991,408,14744,2.77
4003,1991,363,22500,1.61
4005,1991,4137,6853,60.37
4010,1991,522,1086,48.07
4012,1991,701,6248,11.22
4014,1991,781,5508,14.18
4016,1991,0,2409,0.0
4018,1991,350,3464,10.1
4020,1991,9,4665,0.19
4022,1991,28,1439,1.95
4024,1991,0,925,0.0
4026,1991,896,4128,21.71
4028,1991,0,1459,0.0
4030,1991,0,826,0.0
4032,1991,91,803,11.33
4034,1991,713,1570,45.41
4036,1991,0,2036,0.0
4201,1991,131,3537,3.7
4202,1991,627,7468,8.4
4203,1991,3167,18472,17.14
4204,1991,6026,38176,15.78
4205,1991,945,10521,8.98
4206,1991,164,4700,3.49
4207,1991,0,4483,0.0
4211,1991,0,1318,0.0
4212,1991,0,1127,0.0
4213,1991,0,2975,0.0
4214,1991,0,2035,0.0
4215,1991,283,4063,6.97
4216,1991,0,2097,0.0
4217,1991,0,1029,0.0
4218,1991,0,576,0.0
4219,1991,0,1709,0.0
4220,1991,0,743,0.0
4221,1991,82,831,9.87
4222,1991,43,416,10.34
4223,1991,13,5695,0.23
4224,1991,72,505,14.26
4225,1991,0,3188,0.0
4226,1991,145,881,16.46
4227,1991,0,2910,0.0
4228,1991,0,960,0.0
4601,1991,9606,106975,8.98
4602,1991,810,7971,10.16
4611,1991,334,1994,16.75
4612,1991,229,2246,10.2
4613,1991,667,4869,13.7
4614,1991,0,7096,0.0
4615,1991,0,1630,0.0
4616,1991,0,1553,0.0
4617,1991,2023,7141,28.33
4618,1991,822,7059,11.64
4619,1991,364,608,59.87
4620,1991,4,739,0.54
4621,1991,2203,8061,27.33
4622,1991,0,4465,0.0
4623,1991,246,1195,20.59
4624,1991,2590,8156,31.76
4625,1991,0,2094,0.0
4626,1991,1431,10969,13.05
4627,1991,1074,8845,12.14
4628,1991,210,2508,8.37
4629,1991,149,149,100.0
4630,1991,1065,3844,27.71
4631,1991,184,10215,1.8
4632,1991,0,1288,0.0
4633,1991,0,459,0.0
4634,1991,0,1064,0.0
4635,1991,0,1271,0.0
4636,1991,0,539,0.0
4637,1991,38,939,4.05
4638,1991,329,2457,13.39
4639,1991,0,1675,0.0
4640,1991,64,3872,1.65
4641,1991,0,1025,0.0
4642,1991,633,2547,24.85
4643,1991,329,3153,10.43
4644,1991,73,2752,2.65
4645,1991,62,1720,3.6
4646,1991,0,3077,0.0
4647,1991,293,7315,4.01
4648,1991,0,2434,0.0
4649,1991,209,4585,4.56
4650,1991,84,3970,2.12
4651,1991,148,3566,4.15
5001,1991,5409,69330,7.8
5006,1991,374,13289,2.81
5007,1991,325,6471,5.02
5014,1991,132,2109,6.26
5020,1991,260,1341,19.39
5021,1991,0,3176,0.0
5022,1991,0,1574,0.0
5025,1991,881,3004,29.33
5026,1991,450,1459,30.84
5027,1991,0,3173,0.0
5028,1991,0,6431,0.0
5029,1991,600,3068,19.56
5031,1991,28,4643,0.6
5032,1991,335,2238,14.97
5033,1991,405,652,62.12
5034,1991,0,1364,0.0
5035,1991,119,8471,1.4
5036,1991,72,1375,5.24
5037,1991,35,8412,0.42
5038,1991,369,6509,5.67
5041,1991,259,1464,17.69
5042,1991,248,824,30.1
5043,1991,223,433,51.5
5044,1991,110,661,16.64
5045,1991,0,1498,0.0
5046,1991,257,851,30.2
5047,1991,0,2047,0.0
5049,1991,0,739,0.0
5052,1991,294,445,66.07
5053,1991,82,5528,1.48
5054,1991,0,3294,0.0
5055,1991,318,2993,10.62
5056,1991,28,1949,1.44
5057,1991,577,4895,11.79
5058,1991,0,1849,0.0
5059,1991,293,8387,3.49
5060,1991,0,4684,0.0
5061,1991,0,1157,0.0
5501,1991,843,22514,3.74
5503,1991,383,10231,3.74
5510,1991,45,1669,2.7
5512,1991,1094,2470,44.29
5514,1991,410,1149,35.68
5516,1991,166,823,20.17
5518,1991,129,733,17.6
5520,1991,0,2048,0.0
5522,1991,0,1252,0.0
5524,1991,0,3290,0.0
5526,1991,0,1518,0.0
5528,1991,76,780,9.74
5530,1991,1145,7203,15.9
5532,1991,127,3057,4.15
5534,1991,323,1237,26.11
5536,1991,520,1728,30.09
5538,1991,144,994,14.49
5540,1991,544,1416,38.42
5542,1991,0,1493,0.0
5544,1991,488,2207,22.11
5546,1991,124,852,14.55
5601,1991,401,5937,6.75
5603,1991,444,4590,9.67
5605,1991,0,4379,0.0
5607,1991,209,2788,7.5
5610,1991,551,1449,38.03
5612,1991,710,1500,47.33
5614,1991,68,892,7.62
5616,1991,185,735,25.17
5618,1991,0,860,0.0
5620,1991,253,1880,13.46
5622,1991,212,2017,10.51
5624,1991,0,776,0.0
5626,1991,319,757,42.14
5628,1991,273,1670,16.35
5630,1991,0,664,0.0
5632,1991,0,944,0.0
5634,1991,0,1451,0.0
5636,1991,275,626,43.93
0301,1995,16723,273225,6.12
1101,1995,0,6070,0.0
1103,1995,4143,51158,8.1
1106,1995,995,13717,7.25
1108,1995,1426,22957,6.21
1111,1995,108,1748,6.18
1112,1995,0,1509,0.0
1114,1995,0,1334,0.0
1119,1995,1311,6296,20.82
1120,1995,0,5744,0.0
1121,1995,0,6286,0.0
1122,1995,0,3502,0.0
1124,1995,1055,7926,13.31
1127,1995,0,3910,0.0
1130,1995,997,4565,21.84
1133,1995,0,1400,0.0
1134,1995,0,1960,0.0
1135,1995,0,2642,0.0
1144,1995,150,302,49.67
1145,1995,0,430,0.0
1146,1995,127,3725,3.41
1149,1995,646,14848,4.35
1151,1995,97,132,73.48
1160,1995,1131,3910,28.93
1505,1995,1089,9331,11.67
1506,1995,172,12558,1.37
1508,1995,4341,19477,22.29
1511,1995,0,1750,0.0
1514,1995,838,1635,51.25
1515,1995,362,3800,9.53
1516,1995,0,2810,0.0
1517,1995,530,2239,23.67
1520,1995,0,4633,0.0
1525,1995,0,2203,0.0
1528,1995,0,3267,0.0
1531,1995,799,3174,25.17
1532,1995,0,2687,0.0
1535,1995,795,3010,26.41
1539,1995,0,3293,0.0
1547,1995,0,1307,0.0
1554,1995,0,2529,0.0
1557,1995,0,1359,0.0
1560,1995,0,1604,0.0
1563,1995,0,3353,0.0
1566,1995,0,2954,0.0
1573,1995,0,1257,0.0
1576,1995,0,2826,0.0
1577,1995,175,4000,4.38
1578,1995,0,1560,0.0
1579,1995,287,5414,5.3
1580,1995,597,4047,14.75
1804,1995,1146,15446,7.42
1806,1995,486,9591,5.07
1811,1995,551,1245,44.26
1812,1995,708,1094,64.72
1813,1995,0,3132,0.0
1815,1995,0,782,0.0
1816,1995,178,373,47.72
1818,1995,199,859,23.17
1820,1995,167,2964,5.63
1822,1995,367,977,37.56
1824,1995,84,5317,1.58
1825,1995,166,772,21.5
1826,1995,108,969,11.15
1827,1995,201,890,22.58
1828,1995,153,882,17.35
1832,1995,200,2399,8.34
1833,1995,416,9537,4.36
1834,1995,434,1056,41.1
1835,1995,60,280,21.43
1836,1995,352,838,42.0
1837,1995,0,3316,0.0
1838,1995,0,1228,0.0
1839,1995,352,805,43.73
1840,1995,303,2285,13.26
1841,1995,0,5259,0.0
1845,1995,0,1298,0.0
1848,1995,301,1413,21.3
1851,1995,0,1399,0.0
1853,1995,0,903,0.0
1856,1995,74,315,23.49
1857,1995,185,430,43.02
1859,1995,530,817,64.87
1860,1995,653,4541,14.38
1865,1995,279,3812,7.32
1866,1995,98,3715,2.64
1867,1995,353,1835,19.24
1868,1995,77,1909,4.03
1870,1995,494,3698,13.36
1871,1995,0,2913,0.0
1874,1995,408,698,58.45
1875,1995,1191,2375,50.15
3101,1995,861,12797,6.73
3103,1995,1430,18552,7.71
3105,1995,4183,22619,18.49
3107,1995,8607,32470,26.51
3110,1995,0,1613,0.0
3112,1995,0,2918,0.0
3114,1995,0,1865,0.0
3116,1995,0,1633,0.0
3118,1995,410,17228,2.38
3120,1995,0,3459,0.0
3122,1995,0,1786,0.0
3124,1995,0,846,0.0
3201,1995,1824,52555,3.47
3203,1995,4274,34670,12.33
3205,1995,173,27573,0.63
3207,1995,1240,24223,5.12
3209,1995,355,8851,4.01
3212,1995,225,7050,3.19
3214,1995,58,5942,0.98
3216,1995,158,5588,2.83
3218,1995,146,6382,2.29
3220,1995,0,3779,0.0
3222,1995,176,14392,1.22
3224,1995,373,6780,5.5
3226,1995,0,6618,0.0
3228,1995,1202,7528,15.97
3230,1995,0,2022,0.0
3232,1995,0,8797,0.0
3234,1995,0,3826,0.0
3236,1995,0,2918,0.0
3238,1995,0,3932,0.0
3240,1995,1028,7983,12.88
3242,1995,0,1423,0.0
3301,1995,6261,38949,16.07
3303,1995,226,10534,2.15
3305,1995,1969,13178,14.94
3310,1995,0,2483,0.0
3312,1995,482,10161,4.74
3314,1995,57,6790,0.84
3316,1995,698,5705,12.23
3318,1995,370,1218,30.38
3320,1995,409,409,100.0
3322,1995,271,1808,14.99
3324,1995,0,2138,0.0
3326,1995,79,955,8.27
3328,1995,0,2288,0.0
3330,1995,0,2200,0.0
3332,1995,0,2050,0.0
3334,1995,0,1298,0.0
3336,1995,155,812,19.09
3338,1995,0,1522,0.0
3401,1995,407,7861,5.18
3403,1995,2499,12688,19.7
3405,1995,670,11013,6.08
3407,1995,187,13531,1.38
3411,1995,243,13198,1.84
3412,1995,0,3326,0.0
3413,1995,0,8332,0.0
3414,1995,758,2734,27.72
3415,1995,760,3896,19.51
3416,1995,0,2885,0.0
3417,1995,0,2652,0.0
3418,1995,74,4263,1.74
3419,1995,253,2158,11.72
3420,1995,0,7566,0.0
3421,1995,0,3876,0.0
3422,1995,0,2233,0.0
3423,1995,593,1808,32.8
3424,1995,144,1440,10.0
3425,1995,391,987,39.61
3426,1995,145,972,14.92
3427,1995,0,2636,0.0
3428,1995,0,1333,0.0
3429,1995,92,1127,8.16
3430,1995,0,1109,0.0
3431,1995,0,1516,0.0
3432,1995,151,1136,13.29
3433,1995,199,1305,15.25
3434,1995,118,1281,9.21
3435,1995,590,2163,27.28
3436,1995,64,3006,2.13
3437,1995,106,2869,3.69
3438,1995,140,1778,7.87
3439,1995,254,2677,9.49
3440,1995,309,2301,13.43
3441,1995,291,3357,8.67
3442,1995,0,7052,0.0
3443,1995,83,6342,1.31
3446,1995,0,6333,0.0
3447,1995,1175,3201,36.71
3448,1995,0,3104,0.0
3449,1995,752,1783,42.18
3450,1995,174,879,19.8
3451,1995,0,3194,0.0
3452,1995,206,1299,15.86
3453,1995,0,1496,0.0
3454,1995,0,923,0.0
3901,1995,945,11024,8.57
3903,1995,2073,13289,15.6
3905,1995,246,17020,1.45
3907,1995,531,25376,2.09
3909,1995,242,20500,1.18
3911,1995,1027,11823,8.69
4001,1995,375,14696,2.55
4003,1995,2193,22326,9.82
4005,1995,1361,6122,22.23
4010,1995,0,1064,0.0
4012,1995,273,6055,4.51
4014,1995,777,4902,15.85
4016,1995,0,2128,0.0
4018,1995,491,3345,14.68
4020,1995,0,4331,0.0
4022,1995,0,1462,0.0
4024,1995,0,915,0.0
4026,1995,0,3649,0.0
4028,1995,0,1302,0.0
4030,1995,0,790,0.0
4032,1995,0,672,0.0
4034,1995,272,1448,18.78
4036,1995,175,1955,8.95
4201,1995,201,3386,5.94
4202,1995,228,7281,3.13
4203,1995,1827,17168,10.64
4204,1995,2681,37461,7.16
4205,1995,584,9945,5.87
4206,1995,74,4422,1.67
4207,1995,0,4113,0.0
4211,1995,0,1168,0.0
4212,1995,0,1117,0.0
4213,1995,695,2867,24.24
4214,1995,0,1897,0.0
4215,1995,390,3871,10.07
4216,1995,0,1869,0.0
4217,1995,0,979,0.0
4218,1995,0,557,0.0
4219,1995,0,1566,0.0
4220,1995,0,662,0.0
4221,1995,73,765,9.54
4222,1995,65,422,15.4
4223,1995,13,5599,0.23
4224,1995,222,488,45.49
4225,1995,0,3234,0.0
4226,1995,140,940,14.89
4227,1995,0,2734,0.0
4228,1995,0,1034,0.0
4601,1995,8795,103208,8.52
4602,1995,108,7326,1.47
4611,1995,359,1966,18.26
4612,1995,342,2197,15.57
4613,1995,910,4857,18.74
4614,1995,0,6845,0.0
4615,1995,0,1577,0.0
4616,1995,0,1484,0.0
4617,1995,1473,6352,23.19
4618,1995,329,6338,5.19
4619,1995,95,544,17.46
4620,1995,0,707,0.0
4621,1995,518,7313,7.08
4622,1995,220,4102,5.36
4623,1995,229,1141,20.07
4624,1995,1805,7773,23.22
4625,1995,0,2000,0.0
4626,1995,2526,11236,22.48
4627,1995,845,8061,10.48
4628,1995,427,2238,19.08
4629,1995,184,184,100.0
4630,1995,879,3517,24.99
4631,1995,143,10000,1.43
4632,1995,210,1329,15.8
4633,1995,0,434,0.0
4634,1995,0,1038,0.0
4635,1995,0,1244,0.0
4636,1995,41,516,7.95
4637,1995,257,874,29.41
4638,1995,169,2391,7.07
4639,1995,0,1621,0.0
4640,1995,64,4014,1.59
4641,1995,0,1080,0.0
4642,1995,615,2499,24.61
4643,1995,277,2867,9.66
4644,1995,0,2585,0.0
4645,1995,0,1566,0.0
4646,1995,437,3011,14.51
4647,1995,188,6616,2.84
4648,1995,0,2123,0.0
4649,1995,256,4239,6.04
4650,1995,0,3707,0.0
4651,1995,0,3224,0.0
5001,1995,5110,68853,7.42
5006,1995,288,12182,2.36
5007,1995,126,5709,2.21
5014,1995,0,1772,0.0
5020,1995,118,1216,9.7
5021,1995,0,2914,0.0
5022,1995,0,1434,0.0
5025,1995,1246,2832,44.0
5026,1995,150,1343,11.17
5027,1995,0,2800,0.0
5028,1995,0,5835,0.0
5029,1995,511,2708,18.87
5031,1995,0,4457,0.0
5032,1995,916,2108,43.45
5033,1995,218,612,35.62
5034,1995,253,1286,19.67
5035,1995,0,7954,0.0
5036,1995,0,1266,0.0
5037,1995,0,7916,0.0
5038,1995,239,6175,3.87
5041,1995,155,1245,12.45
5042,1995,185,913,20.26
5043,1995,237,405,58.52
5044,1995,127,641,19.81
5045,1995,0,1406,0.0
5046,1995,207,807,25.65
5047,1995,0,1768,0.0
5049,1995,0,730,0.0
5052,1995,232,403,57.57
5053,1995,89,5054,1.76
5054,1995,0,2974,0.0
5055,1995,311,2677,11.62
5056,1995,0,1738,0.0
5057,1995,234,4658,5.02
5058,1995,0,1790,0.0
5059,1995,897,7611,11.79
5060,1995,0,4187,0.0
5061,1995,0,1185,0.0
5501,1995,2945,22542,13.06
5503,1995,555,10132,5.48
5510,1995,0,1544,0.0
5512,1995,935,2376,39.35
5514,1995,382,1141,33.48
5516,1995,210,823,25.52
5518,1995,0,681,0.0
5520,1995,115,1983,5.8
5522,1995,0,1176,0.0
5524,1995,0,3084,0.0
5526,1995,0,1336,0.0
5528,1995,61,762,8.01
5530,1995,914,6881,13.28
5532,1995,0,2844,0.0
5534,1995,190,1282,14.82
5536,1995,473,1613,29.32
5538,1995,203,930,21.83
5540,1995,501,1338,37.44
5542,1995,0,1427,0.0
5544,1995,285,1992,14.31
5546,1995,344,808,42.57
5601,1995,476,5974,7.97
5603,1995,468,4797,9.76
5605,1995,0,4152,0.0
5607,1995,307,2931,10.47
5610,1995,293,1351,21.69
5612,1995,478,1552,30.8
5614,1995,189,828,22.83
5616,1995,89,714,12.46
5618,1995,0,781,0.0
5620,1995,0,1756,0.0
5622,1995,317,1855,17.09
5624,1995,56,715,7.83
5626,1995,354,811,43.65
5628,1995,198,1635,12.11
5630,1995,0,604,0.0
5632,1995,267,1112,24.01
5634,1995,0,1450,0.0
5636,1995,278,586,47.44
0301,1999,15145,259142,5.84
1101,1999,0,5787,0.0
1103,1999,4198,52657,7.97
1106,1999,93,12534,0.74
1108,1999,1212,24121,5.02
1111,1999,0,1593,0.0
1112,1999,0,1472,0.0
1114,1999,0,1263,0.0
1119,1999,1028,6185,16.62
1120,1999,0,5926,0.0
1121,1999,0,6209,0.0
1122,1999,0,3686,0.0
1124,1999,656,7970,8.23
1127,1999,0,4058,0.0
1130,1999,555,4434,12.52
1133,1999,262,1407,18.62
1134,1999,0,1932,0.0
1135,1999,0,2515,0.0
1144,1999,266,266,100.0
1145,1999,0,393,0.0
1146,1999,101,3722,2.71
1149,1999,452,14496,3.12
1151,1999,97,146,66.44
1160,1999,1249,3891,32.1
1505,1999,285,10508,2.71
1506,1999,675,12861,5.25
1508,1999,3560,18023,19.75
1511,1999,363,1748,20.77
1514,1999,576,1474,39.08
1515,1999,67,3706,1.81
1516,1999,0,2950,0.0
1517,1999,394,2321,16.98
1520,1999,0,4585,0.0
1525,1999,0,2298,0.0
1528,1999,0,3159,0.0
1531,1999,803,3184,25.22
1532,1999,0,3048,0.0
1535,1999,0,2885,0.0
1539,1999,0,3286,0.0
1547,1999,0,1446,0.0
1554,1999,0,2519,0.0
1557,1999,0,1362,0.0
1560,1999,0,1583,0.0
1563,1999,0,3321,0.0
1566,1999,0,2866,0.0
1573,1999,0,1205,0.0
1576,1999,253,2801,9.03
1577,1999,0,4016,0.0
1578,1999,0,1520,0.0
1579,1999,0,5139,0.0
1580,1999,586,4016,14.59
1804,1999,843,16132,5.23
1806,1999,617,8864,6.96
1811,1999,0,1153,0.0
1812,1999,53,1038,5.11
1813,1999,364,3120,11.67
1815,1999,0,764,0.0
1816,1999,250,354,70.62
1818,1999,238,844,28.2
1820,1999,519,3057,16.98
1822,1999,292,918,31.81
1824,1999,193,5567,3.47
1825,1999,445,808,55.07
1826,1999,108,951,11.36
1827,1999,0,775,0.0
1828,1999,0,854,0.0
1832,1999,135,2271,5.94
1833,1999,538,10338,5.2
1834,1999,527,998,52.81
1835,1999,134,224,59.82
1836,1999,236,772,30.57
1837,1999,349,3089,11.3
1838,1999,0,1089,0.0
1839,1999,168,791,21.24
1840,1999,185,2196,8.42
1841,1999,641,5277,12.15
1845,1999,0,1191,0.0
1848,1999,166,1273,13.04
1851,1999,0,1179,0.0
1853,1999,0,779,0.0
1856,1999,179,297,60.27
1857,1999,159,408,38.97
1859,1999,448,670,66.87
1860,1999,634,4215,15.04
1865,1999,895,3684,24.29
1866,1999,143,3379,4.23
1867,1999,311,1744,17.83
1868,1999,0,1729,0.0
1870,1999,179,3413,5.24
1871,1999,0,2641,0.0
1874,1999,497,668,74.4
1875,1999,1358,2200,61.73
3101,1999,614,12543,4.9
3103,1999,1066,17737,6.01
3105,1999,1276,20104,6.35
3107,1999,6660,30128,22.11
3110,1999,208,1744,11.93
3112,1999,30,3021,0.99
3114,1999,0,1730,0.0
3116,1999,0,1513,0.0
3118,1999,768,16879,4.55
3120,1999,531,3400,15.62
3122,1999,0,1744,0.0
3124,1999,0,806,0.0
3201,1999,5599,51772,10.81
3203,1999,4181,35049,11.93
3205,1999,571,27930,2.04
3207,1999,1134,23506,4.82
3209,1999,245,8487,2.89
3212,1999,341,7290,4.68
3214,1999,519,6064,8.56
3216,1999,505,5627,8.97
3218,1999,294,6328,4.65
3220,1999,75,3831,1.96
3222,1999,167,13765,1.21
3224,1999,555,6514,8.52
3226,1999,655,6538,10.02
3228,1999,2340,7164,32.66
3230,1999,0,2141,0.0
3232,1999,109,8524,1.28
3234,1999,0,3985,0.0
3236,1999,0,2980,0.0
3238,1999,0,3806,0.0
3240,1999,896,7692,11.65
3242,1999,424,1355,31.29
3301,1999,3251,36736,8.85
3303,1999,383,10323,3.71
3305,1999,287,12431,2.31
3310,1999,0,2462,0.0
3312,1999,622,10277,6.05
3314,1999,51,6592,0.77
3316,1999,603,5893,10.23
3318,1999,252,1118,22.54
3320,1999,441,643,68.58
3322,1999,170,1741,9.76
3324,1999,0,1983,0.0
3326,1999,103,1043,9.88
3328,1999,0,2353,0.0
3330,1999,0,2093,0.0
3332,1999,0,1949,0.0
3334,1999,0,1290,0.0
3336,1999,0,701,0.0
3338,1999,0,1402,0.0
3401,1999,220,7810,2.82
3403,1999,3556,13339,26.66
3405,1999,792,11175,7.09
3407,1999,303,12862,2.36
3411,1999,250,13125,1.9
3412,1999,0,3298,0.0
3413,1999,771,8323,9.26
3414,1999,757,2649,28.58
3415,1999,0,3493,0.0
3416,1999,0,2915,0.0
3417,1999,1424,2931,48.58
3418,1999,150,3967,3.78
3419,1999,98,2151,4.56
3420,1999,0,7859,0.0
3421,1999,0,3707,0.0
3422,1999,0,2239,0.0
3423,1999,522,1595,32.73
3424,1999,129,1421,9.08
3425,1999,352,929,37.89
3426,1999,128,979,13.07
3427,1999,0,2645,0.0
3428,1999,177,1300,13.62
3429,1999,185,1067,17.34
3430,1999,0,1125,0.0
3431,1999,0,1480,0.0
3432,1999,106,1092,9.71
3433,1999,222,1139,19.49
3434,1999,447,1278,34.98
3435,1999,278,1908,14.57
3436,1999,0,2609,0.0
3437,1999,156,2705,5.77
3438,1999,116,1546,7.5
3439,1999,0,2414,0.0
3440,1999,437,2196,19.9
3441,1999,334,3040,10.99
3442,1999,0,6480,0.0
3443,1999,58,6104,0.95
3446,1999,0,6299,0.0
3447,1999,969,2925,33.13
3448,1999,582,3280,17.74
3449,1999,357,1593,22.41
3450,1999,84,756,11.11
3451,1999,0,2847,0.0
3452,1999,526,1147,45.86
3453,1999,0,1477,0.0
3454,1999,307,855,35.91
3901,1999,2909,11175,26.03
3903,1999,733,12652,5.79
3905,1999,207,16255,1.27
3907,1999,1880,24833,7.57
3909,1999,256,19544,1.31
3911,1999,1860,11725,15.86
4001,1999,417,14605,2.86
4003,1999,803,21247,3.78
4005,1999,827,5326,15.53
4010,1999,360,1113,32.35
4012,1999,246,6121,4.02
4014,1999,488,5144,9.49
4016,1999,0,2035,0.0
4018,1999,369,3186,11.58
4020,1999,28,4283,0.65
4022,1999,0,1336,0.0
4024,1999,0,845,0.0
4026,1999,0,3382,0.0
4028,1999,0,1255,0.0
4030,1999,0,766,0.0
4032,1999,253,751,33.69
4034,1999,86,1385,6.21
4036,1999,162,1839,8.81
4201,1999,376,3249,11.57
4202,1999,62,7891,0.79
4203,1999,1482,16453,9.01
4204,1999,1156,38593,3.0
4205,1999,516,10136,5.09
4206,1999,0,4503,0.0
4207,1999,0,4035,0.0
4211,1999,0,1259,0.0
4212,1999,0,1052,0.0
4213,1999,506,2887,17.53
4214,1999,0,1924,0.0
4215,1999,0,3957,0.0
4216,1999,0,1913,0.0
4217,1999,0,971,0.0
4218,1999,0,581,0.0
4219,1999,0,1472,0.0
4220,1999,0,636,0.0
4221,1999,0,736,0.0
4222,1999,48,432,11.11
4223,1999,0,5481,0.0
4224,1999,285,468,60.9
4225,1999,0,3229,0.0
4226,1999,355,935,37.97
4227,1999,0,2627,0.0
4228,1999,0,947,0.0
4601,1999,9396,103780,9.05
4602,1999,160,7411,2.16
4611,1999,225,1928,11.67
4612,1999,257,2121,12.12
4613,1999,828,4699,17.62
4614,1999,100,6687,1.5
4615,1999,0,1529,0.0
4616,1999,179,1449,12.35
4617,1999,920,6024,15.27
4618,1999,336,5957,5.64
4619,1999,168,547,30.71
4620,1999,0,676,0.0
4621,1999,225,7194,3.13
4622,1999,384,3998,9.6
4623,1999,234,1175,19.91
4624,1999,1063,8529,12.46
4625,1999,134,2031,6.6
4626,1999,2983,11862,25.15
4627,1999,756,8707,8.68
4628,1999,641,2188,29.3
4629,1999,159,159,100.0
4630,1999,1033,3610,28.61
4631,1999,183,10074,1.82
4632,1999,148,1217,12.16
4633,1999,0,418,0.0
4634,1999,0,1068,0.0
4635,1999,0,1286,0.0
4636,1999,0,552,0.0
4637,1999,236,794,29.72
4638,1999,180,2282,7.89
4639,1999,0,1509,0.0
4640,1999,48,3798,1.26
4641,1999,0,990,0.0
4642,1999,558,2358,23.66
4643,1999,671,2481,27.05
4644,1999,937,2525,37.11
4645,1999,0,1574,0.0
4646,1999,522,2896,18.02
4647,1999,494,7179,6.88
4648,1999,0,2239,0.0
4649,1999,293,4197,6.98
4650,1999,0,3651,0.0
4651,1999,0,3061,0.0
5001,1999,4985,69684,7.15
5006,1999,400,11839,3.38
5007,1999,253,5881,4.3
5014,1999,0,1864,0.0
5020,1999,62,1207,5.14
5021,1999,0,2745,0.0
5022,1999,0,1355,0.0
5025,1999,773,2741,28.2
5026,1999,410,1262,32.49
5027,1999,302,2738,11.03
5028,1999,0,5716,0.0
5029,1999,493,2707,18.21
5031,1999,1271,4461,28.49
5032,1999,1077,2061,52.26
5033,1999,0,564,0.0
5034,1999,227,1266,17.93
5035,1999,115,7789,1.48
5036,1999,0,1228,0.0
5037,1999,0,7683,0.0
5038,1999,74,5899,1.25
5041,1999,250,1248,20.03
5042,1999,85,778,10.93
5043,1999,201,333,60.36
5044,1999,232,551,42.11
5045,1999,0,1328,0.0
5046,1999,180,768,23.44
5047,1999,319,1924,16.58
5049,1999,0,635,0.0
5052,1999,169,379,44.59
5053,1999,50,4776,1.05
5054,1999,0,2831,0.0
5055,1999,897,2473,36.27
5056,1999,0,1808,0.0
5057,1999,438,4427,9.89
5058,1999,0,1668,0.0
5059,1999,1570,7536,20.83
5060,1999,0,4039,0.0
5061,1999,0,1135,0.0
5501,1999,1405,23492,5.98
5503,1999,646,9467,6.82
5510,1999,221,1297,17.04
5512,1999,448,2251,19.9
5514,1999,316,977,32.34
5516,1999,100,720,13.89
5518,1999,0,622,0.0
5520,1999,112,1824,6.14
5522,1999,0,1198,0.0
5524,1999,173,2765,6.26
5526,1999,0,1481,0.0
5528,1999,80,644,12.42
5530,1999,988,6643,14.87
5532,1999,0,2599,0.0
5534,1999,147,1160,12.67
5536,1999,323,1493,21.63
5538,1999,294,880,33.41
5540,1999,428,1186,36.09
5542,1999,0,1284,0.0
5544,1999,200,2039,9.81
5546,1999,332,730,45.48
5601,1999,544,5996,9.07
5603,1999,434,4509,9.63
5605,1999,171,3771,4.53
5607,1999,167,2745,6.08
5610,1999,446,1321,33.76
5612,1999,808,1506,53.65
5614,1999,174,699,24.89
5616,1999,52,563,9.24
5618,1999,0,613,0.0
5620,1999,0,1633,0.0
5622,1999,121,1875,6.45
5624,1999,92,607,15.16
5626,1999,119,621,19.16
5628,1999,123,1623,7.58
5630,1999,139,640,21.72
5632,1999,241,1027,23.47
5634,1999,0,1298,0.0
5636,1999,293,561,52.23
0301,2003,15334,259181,5.92
1101,2003,0,5953,0.0
1103,2003,3218,53172,6.05
1106,2003,307,13253,2.32
1108,2003,1555,23696,6.56
1111,2003,0,1587,0.0
1112,2003,0,1458,0.0
1114,2003,0,1237,0.0
1119,2003,1222,6448,18.95
1120,2003,0,6033,0.0
1121,2003,31,6623,0.47
1122,2003,21,3967,0.53
1124,2003,461,8542,5.4
1127,2003,0,4149,0.0
1130,2003,0,4274,0.0
1133,2003,0,1280,0.0
1134,2003,0,1803,0.0
1135,2003,0,2569,0.0
1144,2003,263,263,100.0
1145,2003,0,371,0.0
1146,2003,0,3739,0.0
1149,2003,473,15737,3.01
1151,2003,73,129,56.59
1160,2003,753,3400,22.15
1505,2003,379,9500,3.99
1506,2003,154,13611,1.13
1508,2003,2555,18332,13.94
1511,2003,265,1776,14.92
1514,2003,271,1345,20.15
1515,2003,753,3497,21.53
1516,2003,0,2896,0.0
1517,2003,231,2241,10.31
1520,2003,0,4554,0.0
1525,2003,0,2328,0.0
1528,2003,0,3297,0.0
1531,2003,453,3305,13.71
1532,2003,0,2851,0.0
1535,2003,238,2911,8.18
1539,2003,0,3258,0.0
1547,2003,0,1380,0.0
1554,2003,0,2362,0.0
1557,2003,0,1211,0.0
1560,2003,0,1537,0.0
1563,2003,0,3446,0.0
1566,2003,0,2404,0.0
1573,2003,0,1039,0.0
1576,2003,730,2672,27.32
1577,2003,0,3745,0.0
1578,2003,268,1382,19.39
1579,2003,0,5062,0.0
1580,2003,741,4064,18.23
1804,2003,613,15043,4.07
1806,2003,214,9225,2.32
1811,2003,464,1113,41.69
1812,2003,105,892,11.77
1813,2003,286,2901,9.86
1815,2003,0,694,0.0
1816,2003,208,307,67.75
1818,2003,0,771,0.0
1820,2003,222,2931,7.57
1822,2003,187,873,21.42
1824,2003,359,5733,6.26
1825,2003,272,785,34.65
1826,2003,287,889,32.28
1827,2003,144,768,18.75
1828,2003,32,847,3.78
1832,2003,66,2184,3.02
1833,2003,248,10148,2.44
1834,2003,259,981,26.4
1835,2003,122,212,57.55
1836,2003,294,748,39.3
1837,2003,184,2780,6.62
1838,2003,196,1060,18.49
1839,2003,284,700,40.57
1840,2003,101,2159,4.68
1841,2003,501,4956,10.11
1845,2003,0,1055,0.0
1848,2003,0,1264,0.0
1851,2003,0,1203,0.0
1853,2003,0,771,0.0
1856,2003,160,309,51.78
1857,2003,201,358,56.15
1859,2003,364,680,53.53
1860,2003,531,4047,13.12
1865,2003,713,3455,20.64
1866,2003,757,3365,22.5
1867,2003,0,1523,0.0
1868,2003,366,2012,18.19
1870,2003,126,3415,3.69
1871,2003,0,2489,0.0
1874,2003,178,568,31.34
1875,2003,1323,2157,61.34
3101,2003,827,12079,6.85
3103,2003,1061,18501,5.73
3105,2003,1107,20981,5.28
3107,2003,4364,28112,15.52
3110,2003,85,1805,4.71
3112,2003,0,3149,0.0
3114,2003,0,1796,0.0
3116,2003,0,1413,0.0
3118,2003,557,16107,3.46
3120,2003,153,3154,4.85
3122,2003,0,1568,0.0
3124,2003,0,768,0.0
3201,2003,2354,50215,4.69
3203,2003,3255,35688,9.12
3205,2003,804,28034,2.87
3207,2003,1074,23580,4.55
3209,2003,737,9470,7.78
3212,2003,241,7252,3.32
3214,2003,429,6178,6.94
3216,2003,234,5978,3.91
3218,2003,113,6608,1.71
3220,2003,67,3986,1.68
3222,2003,182,13889,1.31
3224,2003,444,6397,6.94
3226,2003,509,6506,7.82
3228,2003,826,7268,11.36
3230,2003,0,2234,0.0
3232,2003,142,6603,2.15
3234,2003,59,3836,1.54
3236,2003,0,2907,0.0
3238,2003,0,3865,0.0
3240,2003,489,7263,6.73
3242,2003,0,1279,0.0
3301,2003,1891,36294,5.21
3303,2003,344,10043,3.43
3305,2003,395,12248,3.23
3310,2003,0,2432,0.0
3312,2003,342,9586,3.57
3314,2003,47,6681,0.7
3316,2003,481,5604,8.58
3318,2003,485,1120,43.3
3320,2003,287,560,51.25
3322,2003,255,1519,16.79
3324,2003,0,1981,0.0
3326,2003,0,992,0.0
3328,2003,0,2303,0.0
3330,2003,0,2356,0.0
3332,2003,0,1709,0.0
3334,2003,0,1148,0.0
3336,2003,0,694,0.0
3338,2003,0,1286,0.0
3401,2003,0,7546,0.0
3403,2003,4408,12246,36.0
3405,2003,533,10706,4.98
3407,2003,375,12508,3.0
3411,2003,65,11881,0.55
3412,2003,0,3349,0.0
3413,2003,840,7824,10.74
3414,2003,323,2598,12.43
3415,2003,0,3591,0.0
3416,2003,0,2889,0.0
3417,2003,1082,2359,45.87
3418,2003,727,3425,21.23
3419,2003,155,1887,8.21
3420,2003,0,7654,0.0
3421,2003,0,3319,0.0
3422,2003,0,1969,0.0
3423,2003,379,1450,26.14
3424,2003,78,1262,6.18
3425,2003,347,847,40.97
3426,2003,68,905,7.51
3427,2003,0,2500,0.0
3428,2003,87,1107,7.86
3429,2003,136,933,14.58
3430,2003,0,1061,0.0
3431,2003,0,1311,0.0
3432,2003,63,1033,6.1
3433,2003,166,1098,15.12
3434,2003,198,998,19.84
3435,2003,210,1793,11.71
3436,2003,0,2337,0.0
3437,2003,91,2591,3.51
3438,2003,0,1379,0.0
3439,2003,0,2187,0.0
3440,2003,207,1970,10.51
3441,2003,494,2778,17.78
3442,2003,223,6511,3.42
3443,2003,97,5599,1.73
3446,2003,0,5807,0.0
3447,2003,900,2401,37.48
3448,2003,330,2838,11.63
3449,2003,217,1437,15.1
3450,2003,0,645,0.0
3451,2003,0,2941,0.0
3452,2003,500,1000,50.0
3453,2003,0,1346,0.0
3454,2003,199,843,23.61
3901,2003,990,11017,8.99
3903,2003,446,13037,3.42
3905,2003,2030,17743,11.44
3907,2003,1043,24591,4.24
3909,2003,4286,19859,21.58
3911,2003,3693,12557,29.41
4001,2003,300,14656,2.05
4003,2003,492,20664,2.38
4005,2003,896,5342,16.77
4010,2003,0,1123,0.0
4012,2003,213,6208,3.43
4014,2003,262,5099,5.14
4016,2003,0,2097,0.0
4018,2003,293,3039,9.64
4020,2003,13,4234,0.31
4022,2003,0,1341,0.0
4024,2003,0,739,0.0
4026,2003,0,3074,0.0
4028,2003,0,1130,0.0
4030,2003,0,760,0.0
4032,2003,262,640,40.94
4034,2003,0,1309,0.0
4036,2003,111,1703,6.52
4201,2003,329,3100,10.61
4202,2003,0,8067,0.0
4203,2003,1150,16766,6.86
4204,2003,2675,39771,6.73
4205,2003,378,10032,3.77
4206,2003,19,4351,0.44
4207,2003,172,3954,4.35
4211,2003,0,1088,0.0
4212,2003,0,1025,0.0
4213,2003,805,2687,29.96
4214,2003,0,1922,0.0
4215,2003,55,4099,1.34
4216,2003,13,1979,0.66
4217,2003,0,872,0.0
4218,2003,0,506,0.0
4219,2003,13,1551,0.84
4220,2003,214,671,31.89
4221,2003,0,665,0.0
4222,2003,46,433,10.62
4223,2003,100,5453,1.83
4224,2003,243,410,59.27
4225,2003,81,3499,2.31
4226,2003,416,906,45.92
4227,2003,345,2675,12.9
4228,2003,0,921,0.0
4601,2003,11611,110685,10.49
4602,2003,211,7396,2.85
4611,2003,107,1733,6.17
4612,2003,232,2239,10.36
4613,2003,58,4707,1.23
4614,2003,395,6929,5.7
4615,2003,0,1422,0.0
4616,2003,207,1396,14.83
4617,2003,1102,6125,17.99
4618,2003,694,5814,11.94
4619,2003,130,487,26.69
4620,2003,46,578,7.96
4621,2003,132,6947,1.9
4622,2003,234,3928,5.96
4623,2003,218,1069,20.39
4624,2003,920,9413,9.77
4625,2003,0,2050,0.0
4626,2003,2491,12567,19.82
4627,2003,511,9470,5.4
4628,2003,729,2172,33.56
4629,2003,181,181,100.0
4630,2003,313,3407,9.19
4631,2003,369,10454,3.53
4632,2003,201,1164,17.27
4633,2003,37,403,9.18
4634,2003,0,928,0.0
4635,2003,0,1174,0.0
4636,2003,0,439,0.0
4637,2003,129,644,20.03
4638,2003,270,2252,11.99
4639,2003,0,1417,0.0
4640,2003,0,3654,0.0
4641,2003,0,889,0.0
4642,2003,344,2271,15.15
4643,2003,0,2660,0.0
4644,2003,0,2488,0.0
4645,2003,37,1600,2.31
4646,2003,388,2745,14.13
4647,2003,276,7270,3.8
4648,2003,0,1959,0.0
4649,2003,183,3924,4.66
4650,2003,0,3506,0.0
4651,2003,14,2824,0.5
5001,2003,5826,70040,8.32
5006,2003,142,11085,1.28
5007,2003,215,5629,3.82
5014,2003,0,1746,0.0
5020,2003,127,1066,11.91
5021,2003,0,2940,0.0
5022,2003,0,1266,0.0
5025,2003,586,2825,20.74
5026,2003,436,1066,40.9
5027,2003,461,2741,16.82
5028,2003,41,5882,0.7
5029,2003,336,2552,13.17
5031,2003,636,4963,12.81
5032,2003,811,1849,43.86
5033,2003,0,514,0.0
5034,2003,139,1273,10.92
5035,2003,0,8299,0.0
5036,2003,0,1148,0.0
5037,2003,63,7626,0.83
5038,2003,44,5767,0.76
5041,2003,72,1126,6.39
5042,2003,60,727,8.25
5043,2003,193,314,61.46
5044,2003,67,484,13.84
5045,2003,0,1313,0.0
5046,2003,112,712,15.73
5047,2003,0,1615,0.0
5049,2003,0,657,0.0
5052,2003,223,316,70.57
5053,2003,42,4922,0.85
5054,2003,0,2661,0.0
5055,2003,365,2464,14.81
5056,2003,0,1788,0.0
5057,2003,432,4257,10.15
5058,2003,0,1599,0.0
5059,2003,1602,6970,22.98
5060,2003,0,3918,0.0
5061,2003,0,938,0.0
5501,2003,2147,25313,8.48
5503,2003,558,8264,6.75
5510,2003,0,1279,0.0
5512,2003,300,2140,14.02
5514,2003,896,1017,88.1
5516,2003,0,604,0.0
5518,2003,139,535,25.98
5520,2003,57,1734,3.29
5522,2003,0,987,0.0
5524,2003,337,2514,13.4
5526,2003,0,1480,0.0
5528,2003,91,636,14.31
5530,2003,1065,6386,16.68
5532,2003,241,2236,10.78
5534,2003,359,1072,33.49
5536,2003,193,1485,13.0
5538,2003,233,916,25.44
5540,2003,200,986,20.28
5542,2003,0,1375,0.0
5544,2003,0,2332,0.0
5546,2003,243,673,36.11
5601,2003,500,6057,8.25
5603,2003,422,4025,10.48
5605,2003,331,3830,8.64
5607,2003,156,2630,5.93
5610,2003,421,1238,34.01
5612,2003,716,1446,49.52
5614,2003,187,575,32.52
5616,2003,0,562,0.0
5618,2003,0,615,0.0
5620,2003,184,1464,12.57
5622,2003,0,1817,0.0
5624,2003,0,600,0.0
5626,2003,0,487,0.0
5628,2003,342,1512,22.62
5630,2003,82,573,14.31
5632,2003,179,1062,16.85
5634,2003,0,1065,0.0
5636,2003,219,554,39.53
0301,2007,18574,271835,6.83
1101,2007,0,6115,0.0
1103,2007,2115,56524,3.74
1106,2007,758,14169,5.35
1108,2007,1009,27839,3.62
1111,2007,0,1610,0.0
1112,2007,0,1603,0.0
1114,2007,0,1323,0.0
1119,2007,2443,7028,34.76
1120,2007,22,6350,0.35
1121,2007,183,6965,2.63
1122,2007,0,4326,0.0
1124,2007,1023,9759,10.48
1127,2007,0,4547,0.0
1130,2007,0,4648,0.0
1133,2007,0,1371,0.0
1134,2007,0,1993,0.0
1135,2007,0,2517,0.0
1144,2007,305,305,100.0
1145,2007,0,413,0.0
1146,2007,0,4149,0.0
1149,2007,352,17087,2.06
1151,2007,129,129,100.0
1160,2007,129,3502,3.68
1505,2007,221,10438,2.12
1506,2007,204,14109,1.45
1508,2007,2309,20868,11.06
1511,2007,113,1764,6.41
1514,2007,305,1350,22.59
1515,2007,441,3951,11.16
1516,2007,41,3203,1.28
1517,2007,541,2267,23.86
1520,2007,0,4850,0.0
1525,2007,31,2491,1.24
1528,2007,0,3497,0.0
1531,2007,676,3481,19.42
1532,2007,0,3293,0.0
1535,2007,0,2976,0.0
1539,2007,171,3358,5.09
1547,2007,0,1509,0.0
1554,2007,0,2728,0.0
1557,2007,0,1384,0.0
1560,2007,0,1575,0.0
1563,2007,0,3748,0.0
1566,2007,0,2741,0.0
1573,2007,0,1194,0.0
1576,2007,174,2646,6.58
1577,2007,0,4073,0.0
1578,2007,429,1411,30.4
1579,2007,0,5403,0.0
1580,2007,719,4085,17.6
1804,2007,1279,20328,6.29
1806,2007,46,9533,0.48
1811,2007,535,993,53.88
1812,2007,611,1082,56.47
1813,2007,284,3304,8.6
1815,2007,0,771,0.0
1816,2007,199,294,67.69
1818,2007,0,785,0.0
1820,2007,653,3153,20.71
1822,2007,109,1001,10.89
1824,2007,546,5853,9.33
1825,2007,285,775,36.77
1826,2007,0,857,0.0
1827,2007,88,808,10.89
1828,2007,0,888,0.0
1832,2007,51,2387,2.14
1833,2007,1466,11203,13.09
1834,2007,278,1053,26.4
1835,2007,73,183,39.89
1836,2007,250,682,36.66
1837,2007,254,3061,8.3
1838,2007,0,1070,0.0
1839,2007,385,718,53.62
1840,2007,0,2293,0.0
1841,2007,364,4570,7.96
1845,2007,0,1008,0.0
1848,2007,0,1393,0.0
1851,2007,0,1200,0.0
1853,2007,0,680,0.0
1856,2007,308,308,100.0
1857,2007,170,336,50.6
1859,2007,361,614,58.79
1860,2007,284,4459,6.37
1865,2007,497,4121,12.06
1866,2007,953,3683,25.88
1867,2007,659,1596,41.29
1868,2007,759,2127,35.68
1870,2007,173,3866,4.47
1871,2007,0,2513,0.0
1874,2007,347,590,58.81
1875,2007,634,2026,31.29
3101,2007,514,12924,3.98
3103,2007,1048,20114,5.21
3105,2007,946,21729,4.35
3107,2007,2668,33747,7.91
3110,2007,60,2091,2.87
3112,2007,0,3444,0.0
3114,2007,0,1905,0.0
3116,2007,0,1559,0.0
3118,2007,354,17467,2.03
3120,2007,0,3348,0.0
3122,2007,0,1758,0.0
3124,2007,0,747,0.0
3201,2007,1838,53543,3.43
3203,2007,1840,38215,4.81
3205,2007,616,32587,1.89
3207,2007,796,25427,3.13
3209,2007,397,11723,3.39
3212,2007,498,7951,6.26
3214,2007,274,7145,3.83
3216,2007,121,6282,1.93
3218,2007,135,6919,1.95
3220,2007,0,4418,0.0
3222,2007,938,14733,6.37
3224,2007,395,6760,5.84
3226,2007,0,7153,0.0
3228,2007,0,8024,0.0
3230,2007,0,2553,0.0
3232,2007,457,9488,4.82
3234,2007,0,4125,0.0
3236,2007,0,3115,0.0
3238,2007,0,4624,0.0
3240,2007,1000,8576,11.66
3242,2007,0,1310,0.0
3301,2007,1112,39747,2.8
3303,2007,329,11130,2.96
3305,2007,721,12704,5.68
3310,2007,0,2777,0.0
3312,2007,275,10433,2.64
3314,2007,66,7196,0.92
3316,2007,459,5944,7.72
3318,2007,644,1144,56.29
3320,2007,446,587,75.98
3322,2007,321,1657,19.37
3324,2007,0,2065,0.0
3326,2007,0,1048,0.0
3328,2007,0,2235,0.0
3330,2007,0,2238,0.0
3332,2007,0,1770,0.0
3334,2007,0,1294,0.0
3336,2007,0,702,0.0
3338,2007,0,1282,0.0
3401,2007,1205,7456,16.16
3403,2007,6362,14054,45.27
3405,2007,1230,11912,10.33
3407,2007,963,12435,7.74
3411,2007,1991,12981,15.34
3412,2007,94,3362,2.8
3413,2007,892,8855,10.07
3414,2007,311,2575,12.08
3415,2007,167,3698,4.52
3416,2007,0,2897,0.0
3417,2007,946,2409,39.27
3418,2007,845,3655,23.12
3419,2007,138,1995,6.92
3420,2007,0,8444,0.0
3421,2007,0,3316,0.0
3422,2007,0,2004,0.0
3423,2007,326,1472,22.15
3424,2007,89,1248,7.13
3425,2007,357,871,40.99
3426,2007,77,921,8.36
3427,2007,540,2646,20.41
3428,2007,0,1166,0.0
3429,2007,0,990,0.0
3430,2007,0,1013,0.0
3431,2007,0,1401,0.0
3432,2007,56,1061,5.28
3433,2007,156,1228,12.7
3434,2007,201,1134,17.72
3435,2007,203,1827,11.11
3436,2007,0,2552,0.0
3437,2007,0,2521,0.0
3438,2007,0,1358,0.0
3439,2007,0,2088,0.0
3440,2007,0,2160,0.0
3441,2007,1076,2872,37.47
3442,2007,229,6569,3.49
3443,2007,63,5864,1.07
3446,2007,2341,6711,34.88
3447,2007,1053,2454,42.91
3448,2007,281,2878,9.76
3449,2007,174,1616,10.77
3450,2007,0,730,0.0
3451,2007,7,3209,0.22
3452,2007,511,1063,48.07
3453,2007,0,1596,0.0
3454,2007,135,774,17.44
3901,2007,1093,11485,9.52
3903,2007,844,13628,6.19
3905,2007,743,16908,4.39
3907,2007,560,25815,2.17
3909,2007,2339,20527,11.39
3911,2007,2129,12407,17.16
4001,2007,741,15813,4.69
4003,2007,540,22049,2.45
4005,2007,1523,5793,26.29
4010,2007,411,1145,35.9
4012,2007,389,6539,5.95
4014,2007,318,5263,6.04
4016,2007,0,1981,0.0
4018,2007,217,3115,6.97
4020,2007,0,4348,0.0
4022,2007,0,1412,0.0
4024,2007,0,848,0.0
4026,2007,347,3227,10.75
4028,2007,0,1182,0.0
4030,2007,0,720,0.0
4032,2007,224,698,32.09
4034,2007,0,1334,0.0
4036,2007,0,1759,0.0
4201,2007,601,3425,17.55
4202,2007,0,8463,0.0
4203,2007,777,17400,4.47
4204,2007,4645,42920,10.82
4205,2007,372,10767,3.46
4206,2007,8,4764,0.17
4207,2007,16,4123,0.39
4211,2007,0,1216,0.0
4212,2007,0,1083,0.0
4213,2007,788,2796,28.18
4214,2007,0,2104,0.0
4215,2007,6,4611,0.13
4216,2007,5,2077,0.24
4217,2007,0,958,0.0
4218,2007,0,623,0.0
4219,2007,313,1589,19.7
4220,2007,330,683,48.32
4221,2007,0,711,0.0
4222,2007,37,477,7.76
4223,2007,45,5811,0.77
4224,2007,104,496,20.97
4225,2007,14,3671,0.38
4226,2007,469,880,53.3
4227,2007,7,2824,0.25
4228,2007,0,958,0.0
4601,2007,8105,117627,6.89
4602,2007,350,7546,4.64
4611,2007,0,1892,0.0
4612,2007,164,2303,7.12
4613,2007,0,5130,0.0
4614,2007,436,7674,5.68
4615,2007,0,1521,0.0
4616,2007,137,1570,8.73
4617,2007,1232,6325,19.48
4618,2007,1098,6269,17.51
4619,2007,154,568,27.11
4620,2007,50,614,8.14
4621,2007,265,7045,3.76
4622,2007,601,4581,13.12
4623,2007,170,1202,14.14
4624,2007,1019,10098,10.09
4625,2007,0,2351,0.0
4626,2007,2338,13881,16.84
4627,2007,323,10794,2.99
4628,2007,30,2117,1.42
4629,2007,185,185,100.0
4630,2007,0,3879,0.0
4631,2007,528,12049,4.38
4632,2007,0,1265,0.0
4633,2007,18,379,4.75
4634,2007,0,948,0.0
4635,2007,0,1248,0.0
4636,2007,0,475,0.0
4637,2007,123,686,17.93
4638,2007,264,2126,12.42
4639,2007,0,1357,0.0
4640,2007,0,4102,0.0
4641,2007,0,867,0.0
4642,2007,0,2281,0.0
4643,2007,0,2626,0.0
4644,2007,0,2609,0.0
4645,2007,28,1615,1.73
4646,2007,230,2823,8.15
4647,2007,158,7561,2.09
4648,2007,0,1959,0.0
4649,2007,81,4142,1.96
4650,2007,0,3662,0.0
4651,2007,0,3085,0.0
5001,2007,4517,79166,5.71
5006,2007,73,11596,0.63
5007,2007,227,5956,3.81
5014,2007,0,1907,0.0
5020,2007,190,1109,17.13
5021,2007,0,3082,0.0
5022,2007,383,1317,29.08
5025,2007,355,3001,11.83
5026,2007,467,1264,36.95
5027,2007,309,2762,11.19
5028,2007,73,6622,1.1
5029,2007,526,3054,17.22
5031,2007,351,5464,6.42
5032,2007,1464,1900,77.05
5033,2007,102,536,19.03
5034,2007,126,1181,10.67
5035,2007,116,10027,1.16
5036,2007,0,1221,0.0
5037,2007,53,8239,0.64
5038,2007,3,5817,0.05
5041,2007,0,1100,0.0
5042,2007,44,741,5.94
5043,2007,159,308,51.62
5044,2007,76,506,15.02
5045,2007,10,1280,0.78
5046,2007,109,708,15.4
5047,2007,0,1790,0.0
5049,2007,103,618,16.67
5052,2007,0,322,0.0
5053,2007,14,5299,0.26
5054,2007,139,2898,4.8
5055,2007,179,2589,6.91
5056,2007,0,1946,0.0
5057,2007,286,4287,6.67
5058,2007,0,1647,0.0
5059,2007,1922,7872,24.42
5060,2007,0,4046,0.0
5061,2007,0,1056,0.0
5501,2007,2480,27945,8.87
5503,2007,773,10323,7.49
5510,2007,0,1332,0.0
5512,2007,171,2144,7.98
5514,2007,725,837,86.62
5516,2007,0,664,0.0
5518,2007,0,569,0.0
5520,2007,44,1851,2.38
5522,2007,0,1086,0.0
5524,2007,177,2612,6.78
5526,2007,481,1612,29.84
5528,2007,159,620,25.65
5530,2007,714,6479,11.02
5532,2007,60,2690,2.23
5534,2007,225,1178,19.1
5536,2007,196,1602,12.23
5538,2007,247,959,25.76
5540,2007,0,1105,0.0
5542,2007,564,1461,38.6
5544,2007,0,2405,0.0
5546,2007,334,710,47.04
5601,2007,518,7228,7.17
5603,2007,457,4171,10.96
5605,2007,117,4152,2.82
5607,2007,62,2723,2.28
5610,2007,427,1315,32.47
5612,2007,882,1413,62.42
5614,2007,214,634,33.75
5616,2007,0,580,0.0
5618,2007,0,657,0.0
5620,2007,59,1478,3.99
5622,2007,0,1898,0.0
5624,2007,0,592,0.0
5626,2007,0,557,0.0
5628,2007,463,1531,30.24
5630,2007,0,561,0.0
5632,2007,0,977,0.0
5634,2007,322,1129,28.52
5636,2007,197,567,34.74
0301,2011,2077,310312,0.67
1101,2011,0,6483,0.0
1103,2011,1284,64553,1.99
1106,2011,794,15524,5.11
1108,2011,737,30833,2.39
1111,2011,0,1721,0.0
1112,2011,0,1627,0.0
1114,2011,0,1360,0.0
1119,2011,2733,8054,33.93
1120,2011,0,7668,0.0
1121,2011,0,8184,0.0
1122,2011,0,5153,0.0
1124,2011,790,10974,7.2
1127,2011,0,4953,0.0
1130,2011,0,5412,0.0
1133,2011,15,1430,1.05
1134,2011,0,1960,0.0
1135,2011,0,2541,0.0
1144,2011,264,318,83.02
1145,2011,0,456,0.0
1146,2011,0,4619,0.0
1149,2011,466,18329,2.54
1151,2011,118,118,100.0
1160,2011,163,3739,4.36
1505,2011,19,11280,0.17
1506,2011,130,15220,0.85
1508,2011,1294,23478,5.51
1511,2011,0,1774,0.0
1514,2011,263,1341,19.61
1515,2011,336,3979,8.44
1516,2011,36,3540,1.02
1517,2011,611,2375,25.73
1520,2011,0,5162,0.0
1525,2011,0,2427,0.0
1528,2011,0,3702,0.0
1531,2011,541,3723,14.53
1532,2011,0,3388,0.0
1535,2011,0,3184,0.0
1539,2011,0,3369,0.0
1547,2011,215,1586,13.56
1554,2011,0,2674,0.0
1557,2011,0,1396,0.0
1560,2011,0,1542,0.0
1563,2011,0,3726,0.0
1566,2011,0,2828,0.0
1573,2011,0,1229,0.0
1576,2011,142,2584,5.5
1577,2011,320,4675,6.84
1578,2011,435,1374,31.66
1579,2011,0,5764,0.0
1580,2011,621,4169,14.9
1804,2011,70,23808,0.29
1806,2011,0,10201,0.0
1811,2011,581,931,62.41
1812,2011,370,1085,34.1
1813,2011,0,3661,0.0
1815,2011,51,713,7.15
1816,2011,213,276,77.17
1818,2011,219,785,27.9
1820,2011,0,3361,0.0
1822,2011,0,1017,0.0
1824,2011,0,6123,0.0
1825,2011,0,718,0.0
1826,2011,0,744,0.0
1827,2011,100,748,13.37
1828,2011,0,896,0.0
1832,2011,95,2515,3.78
1833,2011,527,11987,4.4
1834,2011,186,1089,17.08
1835,2011,168,238,70.59
1836,2011,386,696,55.46
1837,2011,0,3163,0.0
1838,2011,53,1066,4.97
1839,2011,167,703,23.76
1840,2011,0,2440,0.0
1841,2011,874,4866,17.96
1845,2011,0,1023,0.0
1848,2011,168,1387,12.11
1851,2011,0,1211,0.0
1853,2011,0,738,0.0
1856,2011,301,301,100.0
1857,2011,207,338,61.24
1859,2011,318,644,49.38
1860,2011,0,4797,0.0
1865,2011,50,4041,1.24
1866,2011,689,3876,17.78
1867,2011,954,1497,63.73
1868,2011,465,1958,23.75
1870,2011,0,4570,0.0
1871,2011,370,2503,14.78
1874,2011,330,458,72.05
1875,2011,622,2166,28.72
3101,2011,400,14125,2.83
3103,2011,440,21887,2.01
3105,2011,675,23109,2.92
3107,2011,1508,35852,4.21
3110,2011,0,2401,0.0
3112,2011,0,3688,0.0
3114,2011,0,2119,0.0
3116,2011,0,1637,0.0
3118,2011,294,19023,1.55
3120,2011,0,3452,0.0
3122,2011,0,1882,0.0
3124,2011,0,783,0.0
3201,2011,954,59097,1.61
3203,2011,1630,42558,3.83
3205,2011,1234,36187,3.41
3207,2011,318,28000,1.14
3209,2011,156,13544,1.15
3212,2011,24,9247,0.26
3214,2011,380,7864,4.83
3216,2011,0,7525,0.0
3218,2011,0,8063,0.0
3220,2011,0,4791,0.0
3222,2011,380,16615,2.29
3224,2011,0,7480,0.0
3226,2011,0,7638,0.0
3228,2011,0,8770,0.0
3230,2011,0,2958,0.0
3232,2011,0,10401,0.0
3234,2011,0,4403,0.0
3236,2011,0,3209,0.0
3238,2011,0,5041,0.0
3240,2011,370,9558,3.87
3242,2011,0,1364,0.0
3301,2011,61,43570,0.14
3303,2011,0,12294,0.0
3305,2011,1007,13515,7.45
3310,2011,0,3161,0.0
3312,2011,142,11569,1.23
3314,2011,0,7814,0.0
3316,2011,387,6142,6.3
3318,2011,475,1142,41.59
3320,2011,455,613,74.23
3322,2011,304,1679,18.11
3324,2011,0,2154,0.0
3326,2011,0,1198,0.0
3328,2011,0,2411,0.0
3330,2011,0,2356,0.0
3332,2011,0,1781,0.0
3334,2011,0,1350,0.0
3336,2011,0,747,0.0
3338,2011,0,1337,0.0
3401,2011,1156,7843,14.74
3403,2011,3543,15752,22.49
3405,2011,355,13095,2.71
3407,2011,573,13901,4.12
3411,2011,1608,15108,10.64
3412,2011,0,3495,0.0
3413,2011,549,9635,5.7
3414,2011,0,2674,0.0
3415,2011,434,3913,11.09
3416,2011,22,3058,0.72
3417,2011,847,2335,36.27
3418,2011,301,3531,8.52
3419,2011,155,2073,7.48
3420,2011,296,9703,3.05
3421,2011,0,3555,0.0
3422,2011,85,2033,4.18
3423,2011,305,1485,20.54
3424,2011,0,1211,0.0
3425,2011,333,846,39.36
3426,2011,37,912,4.06
3427,2011,137,2838,4.83
3428,2011,0,1268,0.0
3429,2011,0,975,0.0
3430,2011,0,1080,0.0
3431,2011,0,1356,0.0
3432,2011,0,1165,0.0
3433,2011,144,1196,12.04
3434,2011,417,1195,34.9
3435,2011,383,2033,18.84
3436,2011,0,3028,0.0
3437,2011,0,2662,0.0
3438,2011,324,1652,19.61
3439,2011,695,2422,28.7
3440,2011,0,2297,0.0
3441,2011,674,2799,24.08
3442,2011,210,6961,3.02
3443,2011,0,6181,0.0
3446,2011,1072,6557,16.35
3447,2011,747,2606,28.66
3448,2011,264,3087,8.55
3449,2011,185,1625,11.38
3450,2011,0,674,0.0
3451,2011,0,3135,0.0
3452,2011,532,1128,47.16
3453,2011,0,1518,0.0
3454,2011,65,871,7.46
3901,2011,178,13137,1.35
3903,2011,1024,15056,6.8
3905,2011,340,19549,1.74
3907,2011,451,28627,1.58
3909,2011,0,21833,0.0
3911,2011,1182,13483,8.77
4001,2011,3097,17288,17.91
4003,2011,283,23924,1.18
4005,2011,691,5777,11.96
4010,2011,285,1122,25.4
4012,2011,0,6712,0.0
4014,2011,0,5443,0.0
4016,2011,0,2094,0.0
4018,2011,0,3291,0.0
4020,2011,0,4820,0.0
4022,2011,0,1468,0.0
4024,2011,0,908,0.0
4026,2011,0,3004,0.0
4028,2011,0,1205,0.0
4030,2011,0,862,0.0
4032,2011,134,722,18.56
4034,2011,0,1316,0.0
4036,2011,0,1841,0.0
4201,2011,42,3557,1.18
4202,2011,160,10000,1.6
4203,2011,1293,19879,6.5
4204,2011,2982,46374,6.43
4205,2011,583,11687,4.99
4206,2011,136,4709,2.89
4207,2011,0,4394,0.0
4211,2011,0,1307,0.0
4212,2011,0,1144,0.0
4213,2011,920,3040,30.26
4214,2011,0,2385,0.0
4215,2011,175,4922,3.56
4216,2011,0,2207,0.0
4217,2011,0,997,0.0
4218,2011,0,685,0.0
4219,2011,114,1644,6.93
4220,2011,299,691,43.27
4221,2011,0,718,0.0
4222,2011,0,507,0.0
4223,2011,137,6063,2.26
4224,2011,81,456,17.76
4225,2011,10,3809,0.26
4226,2011,287,951,30.18
4227,2011,0,3010,0.0
4228,2011,136,978,13.91
4601,2011,3032,130229,2.33
4602,2011,162,8374,1.93
4611,2011,0,1987,0.0
4612,2011,164,2598,6.31
4613,2011,360,5525,6.52
4614,2011,225,8573,2.62
4615,2011,37,1557,2.38
4616,2011,0,1565,0.0
4617,2011,189,6504,2.91
4618,2011,820,6158,13.32
4619,2011,35,542,6.46
4620,2011,0,636,0.0
4621,2011,0,7670,0.0
4622,2011,572,4492,12.73
4623,2011,175,1275,13.73
4624,2011,863,10805,7.99
4625,2011,0,2567,0.0
4626,2011,2138,15691,13.63
4627,2011,522,12417,4.2
4628,2011,0,2130,0.0
4629,2011,222,222,100.0
4630,2011,0,3951,0.0
4631,2011,213,13037,1.63
4632,2011,0,1414,0.0
4633,2011,18,393,4.58
4634,2011,0,1005,0.0
4635,2011,0,1331,0.0
4636,2011,49,475,10.32
4637,2011,161,698,23.07
4638,2011,17,2129,0.8
4639,2011,0,1413,0.0
4640,2011,0,4409,0.0
4641,2011,0,928,0.0
4642,2011,0,2461,0.0
4643,2011,0,2830,0.0
4644,2011,0,2900,0.0
4645,2011,19,1574,1.21
4646,2011,0,2817,0.0
4647,2011,0,8609,0.0
4648,2011,0,1923,0.0
4649,2011,389,4543,8.56
4650,2011,406,3726,10.9
4651,2011,0,3185,0.0
5001,2011,1985,92234,2.15
5006,2011,41,12406,0.33
5007,2011,206,6146,3.35
5014,2011,0,1954,0.0
5020,2011,321,1214,26.44
5021,2011,0,3281,0.0
5022,2011,191,1312,14.56
5025,2011,193,3081,6.26
5026,2011,458,1246,36.76
5027,2011,584,2940,19.86
5028,2011,0,7441,0.0
5029,2011,352,3348,10.51
5031,2011,0,6181,0.0
5032,2011,1466,1947,75.3
5033,2011,514,514,100.0
5034,2011,177,1227,14.43
5035,2011,0,10471,0.0
5036,2011,0,1294,0.0
5037,2011,15,8876,0.17
5038,2011,0,6515,0.0
5041,2011,0,1209,0.0
5042,2011,79,672,11.76
5043,2011,148,322,45.96
5044,2011,143,524,27.29
5045,2011,0,1303,0.0
5046,2011,81,725,11.17
5047,2011,0,1931,0.0
5049,2011,0,619,0.0
5052,2011,0,370,0.0
5053,2011,0,5218,0.0
5054,2011,252,3314,7.6
5055,2011,200,2588,7.73
5056,2011,338,1920,17.6
5057,2011,154,4636,3.32
5058,2011,0,1710,0.0
5059,2011,2188,8536,25.63
5060,2011,0,4184,0.0
5061,2011,0,1143,0.0
5501,2011,212,33762,0.63
5503,2011,218,11994,1.82
5510,2011,0,1467,0.0
5512,2011,152,2173,6.99
5514,2011,302,833,36.25
5516,2011,0,617,0.0
5518,2011,0,621,0.0
5520,2011,0,1980,0.0
5522,2011,0,1094,0.0
5524,2011,0,2907,0.0
5526,2011,513,1607,31.92
5528,2011,110,659,16.69
5530,2011,1267,6937,18.26
5532,2011,0,2753,0.0
5534,2011,265,1143,23.18
5536,2011,122,1538,7.93
5538,2011,98,1006,9.74
5540,2011,130,1134,11.46
5542,2011,510,1446,35.27
5544,2011,0,2451,0.0
5546,2011,219,654,33.49
5601,2011,968,8341,11.61
5603,2011,152,4793,3.17
5605,2011,166,4477,3.71
5607,2011,0,2890,0.0
5610,2011,588,1421,41.38
5612,2011,1023,1534,66.69
5614,2011,250,614,40.72
5616,2011,0,524,0.0
5618,2011,0,621,0.0
5620,2011,0,1459,0.0
5622,2011,0,1923,0.0
5624,2011,208,550,37.82
5626,2011,67,531,12.62
5628,2011,203,1491,13.62
5630,2011,0,571,0.0
5632,2011,52,1028,5.06
5634,2011,91,1075,8.47
5636,2011,110,535,20.56
0301,2015,5345,320423,1.67
1101,2015,0,6342,0.0
1103,2015,3433,63402,5.41
1106,2015,603,15635,3.86
1108,2015,764,30998,2.46
1111,2015,0,1607,0.0
1112,2015,0,1580,0.0
1114,2015,0,1472,0.0
1119,2015,2884,8834,32.65
1120,2015,0,7983,0.0
1121,2015,0,8604,0.0
1122,2015,0,5117,0.0
1124,2015,560,10863,5.16
1127,2015,0,4914,0.0
1130,2015,339,5303,6.39
1133,2015,0,1412,0.0
1134,2015,0,1957,0.0
1135,2015,0,2486,0.0
1144,2015,275,310,88.71
1145,2015,0,481,0.0
1146,2015,60,4909,1.22
1149,2015,356,18058,1.97
1151,2015,130,130,100.0
1160,2015,134,3779,3.55
1505,2015,26,10903,0.24
1506,2015,1221,14902,8.19
1508,2015,1532,21447,7.14
1511,2015,0,1660,0.0
1514,2015,243,1241,19.58
1515,2015,561,4020,13.96
1516,2015,57,3604,1.58
1517,2015,604,2349,25.71
1520,2015,0,4639,0.0
1525,2015,0,2254,0.0
1528,2015,41,3518,1.17
1531,2015,544,3520,15.45
1532,2015,510,3543,14.39
1535,2015,179,3024,5.92
1539,2015,0,3555,0.0
1547,2015,87,1617,5.38
1554,2015,0,2686,0.0
1557,2015,0,1273,0.0
1560,2015,0,1558,0.0
1563,2015,0,3488,0.0
1566,2015,0,2921,0.0
1573,2015,0,1112,0.0
1576,2015,0,2540,0.0
1577,2015,36,4359,0.83
1578,2015,222,1185,18.73
1579,2015,54,5592,0.97
1580,2015,64,3949,1.62
1804,2015,98,22719,0.43
1806,2015,0,9172,0.0
1811,2015,308,958,32.15
1812,2015,293,1130,25.93
1813,2015,0,3511,0.0
1815,2015,46,731,6.29
1816,2015,207,274,75.55
1818,2015,84,715,11.75
1820,2015,0,3086,0.0
1822,2015,0,1102,0.0
1824,2015,607,6179,9.82
1825,2015,0,830,0.0
1826,2015,136,862,15.78
1827,2015,185,704,26.28
1828,2015,0,846,0.0
1832,2015,66,2399,2.75
1833,2015,0,11184,0.0
1834,2015,135,987,13.68
1835,2015,112,214,52.34
1836,2015,382,657,58.14
1837,2015,24,3111,0.77
1838,2015,59,1019,5.79
1839,2015,186,639,29.11
1840,2015,421,2412,17.45
1841,2015,1968,4828,40.76
1845,2015,0,1025,0.0
1848,2015,74,1288,5.75
1851,2015,0,1176,0.0
1853,2015,0,685,0.0
1856,2015,320,320,100.0
1857,2015,220,367,59.95
1859,2015,132,605,21.82
1860,2015,37,4871,0.76
1865,2015,39,3893,1.0
1866,2015,203,3730,5.44
1867,2015,940,1584,59.34
1868,2015,369,1906,19.36
1870,2015,0,4652,0.0
1871,2015,206,2403,8.57
1874,2015,210,473,44.4
1875,2015,652,2231,29.22
3101,2015,173,13686,1.26
3103,2015,161,21624,0.74
3105,2015,867,22064,3.93
3107,2015,1394,33083,4.21
3110,2015,0,2450,0.0
3112,2015,0,3591,0.0
3114,2015,0,2266,0.0
3116,2015,0,1658,0.0
3118,2015,0,18503,0.0
3120,2015,0,3340,0.0
3122,2015,0,1907,0.0
3124,2015,0,789,0.0
3201,2015,1637,57778,2.83
3203,2015,521,42321,1.23
3205,2015,1560,35009,4.46
3207,2015,460,28317,1.62
3209,2015,627,13494,4.65
3212,2015,19,9533,0.2
3214,2015,249,8005,3.11
3216,2015,966,7800,12.38
3218,2015,0,8131,0.0
3220,2015,0,4617,0.0
3222,2015,473,15620,3.03
3224,2015,354,7239,4.89
3226,2015,37,7645,0.48
3228,2015,0,8831,0.0
3230,2015,0,2950,0.0
3232,2015,0,10538,0.0
3234,2015,0,4361,0.0
3236,2015,0,3233,0.0
3238,2015,506,4633,10.92
3240,2015,247,9560,2.58
3242,2015,174,1340,12.99
3301,2015,1177,41868,2.81
3303,2015,3330,12199,27.3
3305,2015,441,12451,3.54
3310,2015,0,3076,0.0
3312,2015,0,11530,0.0
3314,2015,41,7541,0.54
3316,2015,301,6161,4.89
3318,2015,368,1196,30.77
3320,2015,377,575,65.57
3322,2015,514,1685,30.5
3324,2015,0,2166,0.0
3326,2015,206,1215,16.95
3328,2015,0,2313,0.0
3330,2015,0,2163,0.0
3332,2015,0,1815,0.0
3334,2015,0,1265,0.0
3336,2015,0,756,0.0
3338,2015,0,1326,0.0
3401,2015,520,7570,6.87
3403,2015,4761,15696,30.33
3405,2015,165,12348,1.34
3407,2015,473,13101,3.61
3411,2015,1449,14479,10.01
3412,2015,0,3500,0.0
3413,2015,826,9643,8.57
3414,2015,0,2381,0.0
3415,2015,896,3766,23.79
3416,2015,0,2826,0.0
3417,2015,975,2300,42.39
3418,2015,340,3271,10.39
3419,2015,253,1790,14.13
3420,2015,229,9547,2.4
3421,2015,0,3460,0.0
3422,2015,0,2050,0.0
3423,2015,334,1289,25.91
3424,2015,0,1100,0.0
3425,2015,413,815,50.67
3426,2015,0,910,0.0
3427,2015,250,2728,9.16
3428,2015,0,1248,0.0
3429,2015,232,957,24.24
3430,2015,0,1057,0.0
3431,2015,165,1348,12.24
3432,2015,0,1094,0.0
3433,2015,0,1202,0.0
3434,2015,378,1166,32.42
3435,2015,331,1875,17.65
3436,2015,0,2701,0.0
3437,2015,0,2594,0.0
3438,2015,173,1495,11.57
3439,2015,122,2113,5.77
3440,2015,0,2430,0.0
3441,2015,512,2842,18.02
3442,2015,301,6853,4.39
3443,2015,0,5719,0.0
3446,2015,2183,6561,33.27
3447,2015,365,2482,14.71
3448,2015,215,3346,6.43
3449,2015,96,1512,6.35
3450,2015,0,698,0.0
3451,2015,0,2782,0.0
3452,2015,485,1160,41.81
3453,2015,0,1480,0.0
3454,2015,82,868,9.45
3901,2015,0,12758,0.0
3903,2015,283,15290,1.85
3905,2015,188,19201,0.98
3907,2015,755,28075,2.69
3909,2015,218,20961,1.04
3911,2015,1156,13423,8.61
4001,2015,1067,16344,6.53
4003,2015,3529,23215,15.2
4005,2015,88,5805,1.52
4010,2015,0,1232,0.0
4012,2015,0,6452,0.0
4014,2015,0,5187,0.0
4016,2015,0,1971,0.0
4018,2015,32,3047,1.05
4020,2015,0,4394,0.0
4022,2015,0,1427,0.0
4024,2015,0,886,0.0
4026,2015,0,2936,0.0
4028,2015,0,1162,0.0
4030,2015,0,777,0.0
4032,2015,0,658,0.0
4034,2015,0,1253,0.0
4036,2015,0,1753,0.0
4201,2015,0,3287,0.0
4202,2015,283,9398,3.01
4203,2015,736,18952,3.88
4204,2015,3451,46989,7.34
4205,2015,404,11814,3.42
4206,2015,160,4507,3.55
4207,2015,0,4213,0.0
4211,2015,0,1272,0.0
4212,2015,0,1123,0.0
4213,2015,824,2961,27.83
4214,2015,0,2371,0.0
4215,2015,473,5274,8.97
4216,2015,0,2182,0.0
4217,2015,0,902,0.0
4218,2015,0,679,0.0
4219,2015,0,1605,0.0
4220,2015,310,639,48.51
4221,2015,0,693,0.0
4222,2015,0,476,0.0
4223,2015,299,6197,4.82
4224,2015,0,520,0.0
4225,2015,62,3730,1.66
4226,2015,110,943,11.66
4227,2015,0,2934,0.0
4228,2015,87,1024,8.5
4601,2015,3230,130846,2.47
4602,2015,1087,8280,13.13
4611,2015,0,2012,0.0
4612,2015,0,2530,0.0
4613,2015,277,5458,5.08
4614,2015,531,8675,6.12
4615,2015,38,1604,2.37
4616,2015,0,1505,0.0
4617,2015,349,5704,6.12
4618,2015,146,5793,2.52
4619,2015,0,516,0.0
4620,2015,0,636,0.0
4621,2015,0,7377,0.0
4622,2015,0,4216,0.0
4623,2015,299,1257,23.79
4624,2015,649,11403,5.69
4625,2015,0,2555,0.0
4626,2015,2267,15450,14.67
4627,2015,1423,12386,11.49
4628,2015,0,2065,0.0
4629,2015,228,228,100.0
4630,2015,0,3932,0.0
4631,2015,261,13069,2.0
4632,2015,0,1369,0.0
4633,2015,19,362,5.25
4634,2015,0,944,0.0
4635,2015,0,1275,0.0
4636,2015,0,397,0.0
4637,2015,0,672,0.0
4638,2015,14,2083,0.67
4639,2015,0,1355,0.0
4640,2015,9,4555,0.2
4641,2015,0,937,0.0
4642,2015,0,2473,0.0
4643,2015,0,2909,0.0
4644,2015,18,2967,0.61
4645,2015,0,1595,0.0
4646,2015,28,2884,0.97
4647,2015,69,8858,0.78
4648,2015,0,1789,0.0
4649,2015,441,4532,9.73
4650,2015,224,3814,5.87
4651,2015,0,3103,0.0
5001,2015,3775,89876,4.2
5006,2015,25,11885,0.21
5007,2015,237,5843,4.06
5014,2015,0,1832,0.0
5020,2015,179,1045,17.13
5021,2015,0,3169,0.0
5022,2015,161,1275,12.63
5025,2015,200,3239,6.17
5026,2015,435,1147,37.93
5027,2015,345,2977,11.59
5028,2015,774,7276,10.64
5029,2015,513,3489,14.7
5031,2015,445,6080,7.32
5032,2015,635,2055,30.9
5033,2015,174,545,31.93
5034,2015,359,1274,28.18
5035,2015,0,10952,0.0
5036,2015,0,1303,0.0
5037,2015,46,8839,0.52
5038,2015,0,6272,0.0
5041,2015,0,1222,0.0
5042,2015,0,705,0.0
5043,2015,179,286,62.59
5044,2015,63,482,13.07
5045,2015,0,1324,0.0
5046,2015,25,713,3.51
5047,2015,0,1866,0.0
5049,2015,0,586,0.0
5052,2015,0,306,0.0
5053,2015,38,5332,0.71
5054,2015,355,3250,10.92
5055,2015,162,2609,6.21
5056,2015,317,1831,17.31
5057,2015,88,4566,1.93
5058,2015,0,1659,0.0
5059,2015,2213,8140,27.19
5060,2015,0,4198,0.0
5061,2015,0,1086,0.0
5501,2015,686,33348,2.06
5503,2015,0,10525,0.0
5510,2015,0,1354,0.0
5512,2015,130,2154,6.04
5514,2015,200,698,28.65
5516,2015,162,594,27.27
5518,2015,0,573,0.0
5520,2015,0,1818,0.0
5522,2015,0,1092,0.0
5524,2015,0,2996,0.0
5526,2015,426,1554,27.41
5528,2015,48,666,7.21
5530,2015,986,6257,15.76
5532,2015,0,2540,0.0
5534,2015,190,996,19.08
5536,2015,493,1557,31.66
5538,2015,435,1126,38.63
5540,2015,102,1051,9.71
5542,2015,332,1337,24.83
5544,2015,0,2108,0.0
5546,2015,214,645,33.18
5601,2015,454,8278,5.48
5603,2015,0,4410,0.0
5605,2015,38,4394,0.86
5607,2015,256,3018,8.48
5610,2015,319,1430,22.31
5612,2015,901,1577,57.13
5614,2015,0,536,0.0
5616,2015,0,515,0.0
5618,2015,0,545,0.0
5620,2015,0,1282,0.0
5622,2015,358,2129,16.82
5624,2015,196,680,28.82
5626,2015,0,560,0.0
5628,2015,213,1377,15.47
5630,2015,0,428,0.0
5632,2015,0,1010,0.0
5634,2015,48,1006,4.77
5636,2015,202,515,39.22
0301,2019,29472,365467,8.06
1101,2019,0,7521,0.0
1103,2019,8618,71552,12.04
1106,2019,773,17341,4.46
1108,2019,4386,36845,11.9
1111,2019,230,1822,12.62
1112,2019,0,1673,0.0
1114,2019,0,1486,0.0
1119,2019,2578,8961,28.77
1120,2019,519,9428,5.5
1121,2019,0,9709,0.0
1122,2019,0,5653,0.0
1124,2019,1335,13191,10.12
1127,2019,0,5729,0.0
1130,2019,253,6226,4.06
1133,2019,0,1334,0.0
1134,2019,0,2096,0.0
1135,2019,0,2471,0.0
1144,2019,285,350,81.43
1145,2019,0,499,0.0
1146,2019,0,5461,0.0
1149,2019,2905,19682,14.76
1151,2019,124,124,100.0
1160,2019,262,4215,6.22
1505,2019,1918,11343,16.91
1506,2019,164,15565,1.05
1508,2019,3751,30658,12.23
1511,2019,197,1740,11.32
1514,2019,135,1291,10.46
1515,2019,610,4241,14.38
1516,2019,79,4172,1.89
1517,2019,623,2482,25.1
1520,2019,0,5331,0.0
1525,2019,0,2264,0.0
1528,2019,37,3858,0.96
1531,2019,816,4211,19.38
1532,2019,536,3975,13.48
1535,2019,304,3184,9.55
1539,2019,154,3902,3.95
1547,2019,0,1818,0.0
1554,2019,0,2822,0.0
1557,2019,0,1309,0.0
1560,2019,0,1638,0.0
1563,2019,0,3903,0.0
1566,2019,0,3034,0.0
1573,2019,80,1183,6.76
1576,2019,244,2010,12.14
1577,2019,549,5576,9.85
1578,2019,0,1328,0.0
1579,2019,67,6293,1.06
1804,2019,125,25309,0.49
1806,2019,46,9908,0.46
1811,2019,281,918,30.61
1812,2019,183,1183,15.47
1813,2019,0,3880,0.0
1815,2019,28,727,3.85
1816,2019,252,252,100.0
1818,2019,176,891,19.75
1820,2019,252,3774,6.68
1822,2019,0,1221,0.0
1824,2019,289,6844,4.22
1825,2019,0,869,0.0
1826,2019,60,782,7.67
1827,2019,0,802,0.0
1828,2019,181,936,19.34
1832,2019,329,2422,13.58
1833,2019,0,13036,0.0
1834,2019,54,1074,5.03
1835,2019,81,246,32.93
1836,2019,547,716,76.4
1837,2019,0,3155,0.0
1838,2019,253,1045,24.21
1839,2019,118,601,19.63
1840,2019,224,2536,8.83
1841,2019,629,4903,12.83
1845,2019,0,1065,0.0
1848,2019,0,1436,0.0
1851,2019,0,1151,0.0
1853,2019,225,841,26.75
1856,2019,336,336,100.0
1857,2019,182,419,43.44
1859,2019,130,669,19.43
1860,2019,43,5235,0.82
1865,2019,0,4297,0.0
1866,2019,582,3912,14.88
1867,2019,0,1550,0.0
1868,2019,0,2151,0.0
1870,2019,39,4983,0.78
1871,2019,0,2682,0.0
1874,2019,396,471,84.08
1875,2019,0,1580,0.0
3101,2019,1312,14844,8.84
3103,2019,2742,23864,11.49
3105,2019,4716,25124,18.77
3107,2019,2964,37497,7.9
3110,2019,322,2767,11.64
3112,2019,0,3671,0.0
3114,2019,0,2663,0.0
3116,2019,0,1865,0.0
3118,2019,113,20012,0.56
3120,2019,0,3970,0.0
3122,2019,0,1888,0.0
3124,2019,0,834,0.0
3201,2019,2074,68196,3.04
3203,2019,1091,48626,2.24
3205,2019,3429,39411,8.7
3207,2019,1257,31002,4.05
3209,2019,69,16278,0.42
3212,2019,0,10810,0.0
3214,2019,364,8771,4.15
3216,2019,833,8790,9.48
3218,2019,0,9724,0.0
3220,2019,0,5204,0.0
3222,2019,0,18674,0.0
3224,2019,156,8461,1.84
3226,2019,0,8372,0.0
3228,2019,918,10658,8.61
3230,2019,0,3419,0.0
3232,2019,66,12026,0.55
3234,2019,0,4621,0.0
3236,2019,0,3432,0.0
3238,2019,788,6011,13.11
3240,2019,510,11340,4.5
3242,2019,268,1502,17.84
3301,2019,4572,47682,9.59
3303,2019,2176,13251,16.42
3305,2019,142,14169,1.0
3310,2019,0,3471,0.0
3312,2019,0,13078,0.0
3314,2019,0,8797,0.0
3316,2019,60,6853,0.88
3318,2019,460,1116,41.22
3320,2019,506,612,82.68
3322,2019,825,1762,46.82
3324,2019,0,2296,0.0
3326,2019,90,1326,6.79
3328,2019,0,2569,0.0
3330,2019,0,2308,0.0
3332,2019,374,1840,20.33
3334,2019,0,1364,0.0
3336,2019,0,746,0.0
3338,2019,0,1282,0.0
3401,2019,975,8734,11.16
3403,2019,6015,16053,37.47
3405,2019,295,14399,2.05
3407,2019,140,14258,0.98
3411,2019,1160,16186,7.17
3412,2019,0,3878,0.0
3413,2019,1373,11232,12.22
3414,2019,0,2530,0.0
3415,2019,543,3892,13.95
3416,2019,73,3182,2.29
3417,2019,183,2399,7.63
3418,2019,172,3641,4.72
3419,2019,734,2026,36.23
3420,2019,269,9906,2.72
3421,2019,0,3755,0.0
3422,2019,0,2114,0.0
3423,2019,0,1324,0.0
3424,2019,0,1117,0.0
3425,2019,371,807,45.97
3426,2019,0,908,0.0
3427,2019,130,3019,4.31
3428,2019,0,1367,0.0
3429,2019,111,991,11.2
3430,2019,0,1138,0.0
3431,2019,409,1407,29.07
3432,2019,0,1108,0.0
3433,2019,173,1270,13.62
3434,2019,433,1148,37.72
3435,2019,488,1969,24.78
3436,2019,0,2908,0.0
3437,2019,0,3293,0.0
3438,2019,137,1560,8.78
3439,2019,333,2217,15.02
3440,2019,0,2621,0.0
3441,2019,477,3114,15.32
3442,2019,170,7238,2.35
3443,2019,0,6539,0.0
3446,2019,2326,6923,33.6
3447,2019,519,2717,19.1
3448,2019,172,3345,5.14
3449,2019,106,1563,6.78
3450,2019,97,728,13.32
3451,2019,0,3154,0.0
3452,2019,236,1089,21.67
3453,2019,0,1586,0.0
3454,2019,134,894,14.99
3901,2019,0,13619,0.0
3903,2019,67,12198,0.55
3905,2019,336,27930,1.2
3907,2019,829,30063,2.76
3909,2019,2554,22633,11.28
3911,2019,1479,13821,10.7
4001,2019,669,17408,3.84
4003,2019,1659,25182,6.59
4005,2019,157,6410,2.45
4010,2019,0,1304,0.0
4012,2019,148,6926,2.14
4014,2019,0,5496,0.0
4016,2019,0,2172,0.0
4018,2019,33,3290,1.0
4020,2019,0,4731,0.0
4022,2019,0,1566,0.0
4024,2019,0,899,0.0
4026,2019,0,3082,0.0
4028,2019,0,1255,0.0
4030,2019,0,845,0.0
4032,2019,0,754,0.0
4034,2019,0,1270,0.0
4036,2019,0,1957,0.0
4201,2019,0,3736,0.0
4202,2019,166,10733,1.55
4203,2019,2819,21902,12.87
4204,2019,12610,55999,22.52
4205,2019,328,11737,2.79
4206,2019,82,4903,1.67
4207,2019,61,4467,1.37
4211,2019,0,1213,0.0
4212,2019,0,1237,0.0
4213,2019,551,3260,16.9
4214,2019,119,2778,4.28
4215,2019,464,5476,8.47
4216,2019,174,2478,7.02
4217,2019,0,954,0.0
4218,2019,0,711,0.0
4219,2019,0,1823,0.0
4220,2019,122,694,17.58
4221,2019,0,652,0.0
4222,2019,0,523,0.0
4223,2019,298,6964,4.28
4224,2019,0,575,0.0
4225,2019,0,5025,0.0
4226,2019,93,963,9.66
4227,2019,0,3161,0.0
4228,2019,73,1100,6.64
4601,2019,29875,150274,19.88
4602,2019,67,8267,0.81
4611,2019,0,2199,0.0
4612,2019,0,2869,0.0
4613,2019,309,6180,5.0
4614,2019,0,9171,0.0
4615,2019,0,1667,0.0
4616,2019,0,1596,0.0
4617,2019,650,6382,10.18
4618,2019,0,6212,0.0
4619,2019,0,518,0.0
4620,2019,0,645,0.0
4621,2019,0,8246,0.0
4622,2019,0,4530,0.0
4623,2019,506,1329,38.07
4624,2019,0,13216,0.0
4625,2019,0,2735,0.0
4626,2019,3642,18102,20.12
4627,2019,3967,14368,27.61
4628,2019,0,2250,0.0
4629,2019,208,208,100.0
4630,2019,0,4313,0.0
4631,2019,3574,15531,23.01
4632,2019,106,1426,7.43
4633,2019,0,356,0.0
4634,2019,0,969,0.0
4635,2019,0,1278,0.0
4636,2019,0,439,0.0
4637,2019,0,718,0.0
4638,2019,0,2217,0.0
4639,2019,0,1441,0.0
4640,2019,0,6299,0.0
4641,2019,0,1023,0.0
4642,2019,0,1211,0.0
4643,2019,0,2886,0.0
4644,2019,0,2978,0.0
4645,2019,0,1581,0.0
4646,2019,0,1460,0.0
4647,2019,100,11144,0.9
4648,2019,0,2005,0.0
4649,2019,0,5040,0.0
4650,2019,138,3210,4.3
4651,2019,37,3445,1.07
5001,2019,6799,104138,6.53
5006,2019,70,12114,0.58
5007,2019,0,7456,0.0
5014,2019,114,2333,4.89
5020,2019,128,489,26.18
5021,2019,0,3623,0.0
5022,2019,0,1420,0.0
5025,2019,128,3329,3.84
5026,2019,379,1293,29.31
5027,2019,486,3109,15.63
5028,2019,1008,8180,12.32
5029,2019,354,3895,9.09
5031,2019,279,6999,3.99
5032,2019,281,2093,13.43
5033,2019,0,506,0.0
5034,2019,326,1313,24.83
5035,2019,43,12222,0.35
5036,2019,0,1442,0.0
5037,2019,0,10202,0.0
5038,2019,0,7373,0.0
5041,2019,0,1258,0.0
5042,2019,0,729,0.0
5043,2019,175,280,62.5
5044,2019,78,521,14.97
5045,2019,0,1349,0.0
5046,2019,0,702,0.0
5047,2019,0,1947,0.0
5049,2019,0,672,0.0
5052,2019,0,385,0.0
5053,2019,0,3735,0.0
5054,2019,1463,5310,27.55
5055,2019,611,3212,19.02
5056,2019,323,2267,14.25
5057,2019,0,5196,0.0
5058,2019,0,2361,0.0
5059,2019,993,9001,11.03
5060,2019,0,4742,0.0
5061,2019,0,1067,0.0
5501,2019,4612,37649,12.25
5503,2019,31,11888,0.26
5510,2019,285,1461,19.51
5512,2019,123,2202,5.59
5514,2019,0,814,0.0
5516,2019,173,567,30.51
5518,2019,0,579,0.0
5520,2019,0,2150,0.0
5522,2019,0,1139,0.0
5524,2019,0,3338,0.0
5526,2019,258,1702,15.16
5528,2019,0,666,0.0
5530,2019,831,6989,11.89
5532,2019,32,2784,1.15
5534,2019,339,1187,28.56
5536,2019,514,1650,31.15
5538,2019,425,1108,38.36
5540,2019,0,1123,0.0
5542,2019,115,1430,8.04
5544,2019,0,2359,0.0
5546,2019,174,660,26.36
5601,2019,87,8619,1.01
5603,2019,0,5173,0.0
5605,2019,0,4766,0.0
5607,2019,0,2941,0.0
5610,2019,445,1459,30.5
5612,2019,781,1446,54.01
5614,2019,0,535,0.0
5616,2019,0,496,0.0
5618,2019,0,608,0.0
5620,2019,0,1779,0.0
5622,2019,354,2108,16.79
5624,2019,71,715,9.93
5626,2019,13,596,2.18
5628,2019,193,1664,11.6
5630,2019,0,541,0.0
5632,2019,0,1117,0.0
5634,2019,0,1062,0.0
5636,2019,105,592,17.74
0301,2023,18928,362385,5.22
1101,2023,532,7626,6.98
1103,2023,5265,74488,7.07
1106,2023,2022,17796,11.36
1108,2023,3213,36979,8.69
1111,2023,0,1768,0.0
1112,2023,0,1700,0.0
1114,2023,320,1501,21.32
1119,2023,1681,9296,18.08
1120,2023,857,9655,8.88
1121,2023,527,10032,5.25
1122,2023,410,5667,7.23
1124,2023,974,13330,7.31
1127,2023,243,5905,4.12
1130,2023,741,6463,11.47
1133,2023,0,1400,0.0
1134,2023,0,2195,0.0
1135,2023,0,2445,0.0
1144,2023,240,351,68.38
1145,2023,0,493,0.0
1146,2023,683,5538,12.33
1149,2023,5267,20244,26.02
1151,2023,136,136,100.0
1160,2023,618,4275,14.46
1505,2023,1985,11312,17.55
1506,2023,639,15584,4.1
1508,2023,5282,27955,18.89
1511,2023,340,1779,19.11
1514,2023,0,1242,0.0
1515,2023,1052,4247,24.77
1516,2023,392,4278,9.16
1517,2023,1570,2477,63.38
1520,2023,0,5307,0.0
1525,2023,0,2163,0.0
1528,2023,0,3791,0.0
1531,2023,440,4696,9.37
1532,2023,625,4253,14.7
1535,2023,231,3370,6.85
1539,2023,104,3742,2.78
1547,2023,0,1706,0.0
1554,2023,0,2714,0.0
1557,2023,0,1366,0.0
1560,2023,220,1549,14.2
1563,2023,0,3439,0.0
1566,2023,0,2862,0.0
1573,2023,0,1078,0.0
1576,2023,0,1719,0.0
1577,2023,510,5581,9.14
1578,2023,0,1321,0.0
1579,2023,632,6162,10.26
1580,2023,458,4781,9.58
1804,2023,1351,25888,5.22
1806,2023,1300,10041,12.95
1811,2023,0,633,0.0
1812,2023,304,1096,27.74
1813,2023,0,3590,0.0
1815,2023,215,755,28.48
1816,2023,176,269,65.43
1818,2023,239,873,27.38
1820,2023,0,3126,0.0
1822,2023,0,1086,0.0
1824,2023,317,6313,5.02
1825,2023,0,699,0.0
1826,2023,0,665,0.0
1827,2023,0,771,0.0
1828,2023,165,874,18.88
1832,2023,624,2335,26.72
1833,2023,1517,11995,12.65
1834,2023,39,932,4.18
1835,2023,0,252,0.0
1836,2023,652,684,95.32
1837,2023,225,3094,7.27
1838,2023,128,1009,12.69
1839,2023,200,646,30.96
1840,2023,250,2436,10.26
1841,2023,227,4688,4.84
1845,2023,0,969,0.0
1848,2023,0,1276,0.0
1851,2023,131,1110,11.8
1853,2023,237,795,29.81
1856,2023,215,215,100.0
1857,2023,299,348,85.92
1859,2023,206,580,35.52
1860,2023,253,5039,5.02
1865,2023,76,4179,1.82
1866,2023,996,3917,25.43
1867,2023,115,1481,7.77
1868,2023,0,1966,0.0
1870,2023,214,4747,4.51
1871,2023,0,2415,0.0
1874,2023,323,432,74.77
1875,2023,0,1534,0.0
3101,2023,3106,14798,20.99
3103,2023,3187,23932,13.32
3105,2023,2991,25290,11.83
3107,2023,5656,39582,14.29
3110,2023,210,2911,7.21
3112,2023,0,3659,0.0
3114,2023,29,2597,1.12
3116,2023,0,1779,0.0
3118,2023,1552,19791,7.84
3120,2023,0,3818,0.0
3122,2023,448,1874,23.91
3124,2023,0,824,0.0
3201,2023,3640,68225,5.34
3203,2023,3359,48960,6.86
3205,2023,4551,39894,11.41
3207,2023,2137,31555,6.77
3209,2023,242,16791,1.44
3212,2023,403,11071,3.64
3214,2023,906,8786,10.31
3216,2023,740,9120,8.11
3218,2023,571,10057,5.68
3220,2023,0,4850,0.0
3222,2023,622,19929,3.12
3224,2023,407,8608,4.73
3226,2023,0,8122,0.0
3228,2023,1384,10698,12.94
3230,2023,0,3524,0.0
3232,2023,454,11951,3.8
3234,2023,98,4608,2.13
3236,2023,0,3242,0.0
3238,2023,1197,6095,19.64
3240,2023,937,11936,7.85
3242,2023,245,1402,17.48
3301,2023,4536,44680,10.15
3303,2023,1662,13257,12.54
3305,2023,1592,14053,11.33
3310,2023,0,3229,0.0
3312,2023,0,12995,0.0
3314,2023,149,8797,1.69
3316,2023,0,6425,0.0
3318,2023,582,1278,45.54
3320,2023,304,607,50.08
3322,2023,150,1737,8.64
3324,2023,0,2249,0.0
3326,2023,37,1379,2.68
3328,2023,0,2651,0.0
3330,2023,176,2365,7.44
3332,2023,489,1751,27.93
3334,2023,100,1323,7.56
3336,2023,0,779,0.0
3338,2023,100,1270,7.87
3401,2023,1192,7934,15.02
3403,2023,5972,16084,37.13
3405,2023,1295,13907,9.31
3407,2023,558,13541,4.12
3411,2023,2512,15551,16.15
3412,2023,141,3654,3.86
3413,2023,2401,10300,23.31
3414,2023,0,2385,0.0
3415,2023,1037,3785,27.4
3416,2023,118,2777,4.25
3417,2023,92,2082,4.42
3418,2023,780,3444,22.65
3419,2023,673,1711,39.33
3420,2023,1211,9582,12.64
3421,2023,0,3435,0.0
3422,2023,0,1892,0.0
3423,2023,0,1206,0.0
3424,2023,0,1094,0.0
3425,2023,0,742,0.0
3426,2023,0,878,0.0
3427,2023,127,2928,4.34
3428,2023,71,1340,5.3
3429,2023,108,921,11.73
3430,2023,0,1077,0.0
3431,2023,205,1209,16.96
3432,2023,0,1009,0.0
3433,2023,299,1103,27.11
3434,2023,737,1201,61.37
3435,2023,782,1884,41.51
3436,2023,0,2562,0.0
3437,2023,0,2614,0.0
3438,2023,123,1534,8.02
3439,2023,376,2189,17.18
3440,2023,0,2398,0.0
3441,2023,929,2796,33.23
3442,2023,299,6726,4.45
3443,2023,0,6143,0.0
3446,2023,1527,6826,22.37
3447,2023,509,2525,20.16
3448,2023,291,3128,9.3
3449,2023,0,1378,0.0
3450,2023,0,621,0.0
3451,2023,82,2876,2.85
3452,2023,238,1028,23.15
3453,2023,0,1461,0.0
3454,2023,310,862,35.96
3901,2023,1108,13659,8.11
3903,2023,775,12677,6.11
3905,2023,2011,28518,7.05
3907,2023,2538,29117,8.72
3909,2023,1538,23386,6.58
3911,2023,2310,14561,15.86
4001,2023,2201,17703,12.43
4003,2023,2232,25327,8.81
4005,2023,97,5898,1.64
4010,2023,0,1202,0.0
4012,2023,0,7011,0.0
4014,2023,210,5317,3.95
4016,2023,240,2034,11.8
4018,2023,117,3097,3.78
4020,2023,0,4730,0.0
4022,2023,0,1503,0.0
4024,2023,0,778,0.0
4026,2023,0,2742,0.0
4028,2023,0,1209,0.0
4030,2023,0,847,0.0
4032,2023,0,598,0.0
4034,2023,0,1196,0.0
4036,2023,613,1971,31.1
4201,2023,0,3656,0.0
4202,2023,1032,11462,9.0
4203,2023,1721,21813,7.89
4204,2023,8407,56821,14.8
4205,2023,1239,12133,10.21
4206,2023,257,5126,5.01
4207,2023,135,4712,2.87
4211,2023,0,1222,0.0
4212,2023,0,1216,0.0
4213,2023,246,3075,8.0
4214,2023,240,2891,8.3
4215,2023,729,5679,12.84
4216,2023,185,2449,7.55
4217,2023,0,910,0.0
4218,2023,0,693,0.0
4219,2023,0,1809,0.0
4220,2023,52,657,7.91
4221,2023,158,641,24.65
4222,2023,43,560,7.68
4223,2023,483,7045,6.86
4224,2023,0,523,0.0
4225,2023,237,5314,4.46
4226,2023,71,1033,6.87
4227,2023,255,3139,8.12
4228,2023,0,1097,0.0
4601,2023,21392,146634,14.59
4602,2023,513,7937,6.46
4611,2023,167,2158,7.74
4612,2023,466,2938,15.86
4613,2023,971,6259,15.51
4614,2023,672,9200,7.3
4615,2023,144,1753,8.21
4616,2023,205,1669,12.28
4617,2023,968,6468,14.97
4618,2023,508,5989,8.48
4619,2023,0,552,0.0
4620,2023,0,621,0.0
4621,2023,871,8232,10.58
4622,2023,254,4672,5.44
4623,2023,410,1401,29.26
4624,2023,1352,13371,10.11
4625,2023,292,2834,10.3
4626,2023,3566,18550,19.22
4627,2023,2741,14274,19.2
4628,2023,260,2161,12.03
4629,2023,217,217,100.0
4630,2023,315,4315,7.3
4631,2023,1850,14745,12.55
4632,2023,277,1407,19.69
4633,2023,0,337,0.0
4634,2023,0,996,0.0
4635,2023,0,1267,0.0
4636,2023,0,395,0.0
4637,2023,0,679,0.0
4638,2023,249,2186,11.39
4639,2023,0,1394,0.0
4640,2023,0,6281,0.0
4641,2023,0,999,0.0
4642,2023,0,1176,0.0
4643,2023,0,2365,0.0
4644,2023,0,2909,0.0
4645,2023,0,1463,0.0
4646,2023,0,1398,0.0
4647,2023,623,10993,5.67
4648,2023,213,1853,11.49
4649,2023,253,4728,5.35
4650,2023,0,3168,0.0
4651,2023,58,3347,1.73
5001,2023,9319,109353,8.52
5006,2023,1492,11953,12.48
5007,2023,268,7054,3.8
5014,2023,172,2189,7.86
5020,2023,219,512,42.77
5021,2023,0,3669,0.0
5022,2023,260,1250,20.8
5025,2023,134,3153,4.25
5026,2023,516,1200,43.0
5027,2023,1054,2973,35.45
5028,2023,1760,8273,21.27
5029,2023,421,3989,10.55
5031,2023,831,7201,11.54
5032,2023,46,2149,2.14
5033,2023,0,467,0.0
5034,2023,359,1212,29.62
5035,2023,797,12061,6.61
5036,2023,0,1390,0.0
5037,2023,704,9599,7.33
5038,2023,1378,7358,18.73
5041,2023,30,1180,2.54
5042,2023,0,715,0.0
5043,2023,238,282,84.4
5044,2023,164,444,36.94
5045,2023,0,1138,0.0
5046,2023,0,695,0.0
5047,2023,0,1832,0.0
5049,2023,0,679,0.0
5052,2023,144,360,40.0
5053,2023,0,3568,0.0
5054,2023,1287,5018,25.65
5055,2023,479,3038,15.77
5056,2023,210,2357,8.91
5057,2023,745,4876,15.28
5058,2023,0,2298,0.0
5059,2023,2102,8713,24.12
5060,2023,110,4608,2.39
5061,2023,0,1022,0.0
5501,2023,4190,38438,10.9
5503,2023,771,11541,6.68
5510,2023,389,1336,29.12
5512,2023,760,2229,34.1
5514,2023,0,715,0.0
5516,2023,49,559,8.77
5518,2023,0,502,0.0
5520,2023,0,2022,0.0
5522,2023,0,987,0.0
5524,2023,0,3055,0.0
5526,2023,0,1639,0.0
5528,2023,0,584,0.0
5530,2023,1557,6493,23.98
5532,2023,85,2598,3.27
5534,2023,184,1161,15.85
5536,2023,510,1526,33.42
5538,2023,313,1058,29.58
5540,2023,0,1046,0.0
5542,2023,0,1383,0.0
5544,2023,332,2236,14.85
5546,2023,107,601,17.8
5601,2023,460,8763,5.25
5603,2023,812,4962,16.36
5605,2023,0,4593,0.0
5607,2023,378,2747,13.76
5610,2023,658,1284,51.25
5612,2023,864,1481,58.34
5614,2023,79,458,17.25
5616,2023,341,592,57.6
5618,2023,179,506,35.38
5620,2023,0,1480,0.0
5622,2023,543,2024,26.83
5624,2023,0,637,0.0
5626,2023,23,567,4.06
5628,2023,252,1449,17.39
5630,2023,0,473,0.0
5632,2023,305,913,33.41
5634,2023,0,929,0.0
5636,2023,267,552,48.37
