kontroll,alvor,objekt,detalj
navnebror,KRITISK,1144 (Kvitsøy) 2015,total 35 mot 54 (2011) og 65 (2019)
navnebror,KRITISK,1811 (Bindal) 1999,"total 1,153 mot 694 (1995) og 649 (2003)"
navnebror,KRITISK,1812 (Sømna) 2007,total 471 mot 787 (2003) og 715 (2011)
navnebror,KRITISK,1857 (Værøy) 2019,total 237 mot 147 (2015) og 49 (2023)
navnebror,KRITISK,1874 (Moskenes) 1999,total 171 mot 290 (1995) og 390 (2003)
navnebror,KRITISK,1874 (Moskenes) 2003,total 390 mot 171 (1999) og 243 (2007)
navnebror,KRITISK,1874 (Moskenes) 2011,total 128 mot 243 (2007) og 263 (2015)
navnebror,KRITISK,1874 (Moskenes) 2015,total 263 mot 128 (2011) og 75 (2019)
navnebror,KRITISK,3124 (Aremark) 1991,total 410 mot 904 (1987) og 846 (1995)
navnebror,KRITISK,3320 (Flå) 2019,total 106 mot 198 (2015) og 303 (2023)
navnebror,KRITISK,4005 (Notodden) 1991,"total 2,716 mot 6,890 (1987) og 4,761 (1995)"
navnebror,KRITISK,4644 (Luster) 1999,"total 1,588 mot 2,585 (1995) og 2,488 (2003)"
navnebror,KRITISK,5052 (Leka) 2003,total 93 mot 210 (1999) og 322 (2007)
navnebror,KRITISK,5636 (Unjárga - Nesseby) 2019,total 487 mot 313 (2015) og 285 (2023)
befolkning,AVVIK,1576 1987,berettigede/befolkning = 1.15
befolkning,AVVIK,3403 1987,berettigede/befolkning = 0.52
befolkning,AVVIK,3454 1987,berettigede/befolkning = 4.75
befolkning,AVVIK,3903 1987,berettigede/befolkning = 1.04
befolkning,AVVIK,4225 1987,berettigede/befolkning = 0.56
befolkning,AVVIK,4640 1987,berettigede/befolkning = 0.54
befolkning,AVVIK,4642 1987,berettigede/befolkning = 1.72
befolkning,AVVIK,4646 1987,berettigede/befolkning = 1.39
befolkning,AVVIK,4647 1987,berettigede/befolkning = 0.60
befolkning,AVVIK,4650 1987,berettigede/befolkning = 0.89
befolkning,AVVIK,5020 1987,berettigede/befolkning = 1.49
befolkning,AVVIK,5053 1987,berettigede/befolkning = 1.13
befolkning,AVVIK,5054 1987,berettigede/befolkning = 0.49
befolkning,AVVIK,5058 1987,berettigede/befolkning = 0.57
befolkning,AVVIK,1576 1991,berettigede/befolkning = 1.21
befolkning,AVVIK,3903 1991,berettigede/befolkning = 1.06
befolkning,AVVIK,4225 1991,berettigede/befolkning = 0.58
befolkning,AVVIK,4639 1991,berettigede/befolkning = 0.96
befolkning,AVVIK,4640 1991,berettigede/befolkning = 0.55
befolkning,AVVIK,4642 1991,berettigede/befolkning = 1.55
befolkning,AVVIK,4646 1991,berettigede/befolkning = 1.55
befolkning,AVVIK,4647 1991,berettigede/befolkning = 0.61
befolkning,AVVIK,5020 1991,berettigede/befolkning = 1.48
befolkning,AVVIK,5053 1991,berettigede/befolkning = 1.13
befolkning,AVVIK,5054 1991,berettigede/befolkning = 0.50
befolkning,AVVIK,5058 1991,berettigede/befolkning = 0.58
befolkning,AVVIK,1576 1995,berettigede/befolkning = 1.19
befolkning,AVVIK,3903 1995,berettigede/befolkning = 1.07
befolkning,AVVIK,4225 1995,berettigede/befolkning = 0.59
befolkning,AVVIK,4640 1995,berettigede/befolkning = 0.59
befolkning,AVVIK,4642 1995,berettigede/befolkning = 1.53
befolkning,AVVIK,4646 1995,berettigede/befolkning = 1.51
befolkning,AVVIK,4647 1995,berettigede/befolkning = 0.62
befolkning,AVVIK,4650 1995,berettigede/befolkning = 0.91
befolkning,AVVIK,5020 1995,berettigede/befolkning = 1.53
befolkning,AVVIK,5053 1995,berettigede/befolkning = 1.15
befolkning,AVVIK,5054 1995,berettigede/befolkning = 0.50
befolkning,AVVIK,5058 1995,berettigede/befolkning = 0.58
befolkning,AVVIK,1576 1999,berettigede/befolkning = 1.15
befolkning,AVVIK,3903 1999,berettigede/befolkning = 1.08
befolkning,AVVIK,4225 1999,berettigede/befolkning = 0.61
befolkning,AVVIK,4640 1999,berettigede/befolkning = 0.59
befolkning,AVVIK,4642 1999,berettigede/befolkning = 1.52
befolkning,AVVIK,4646 1999,berettigede/befolkning = 1.46
befolkning,AVVIK,4647 1999,berettigede/befolkning = 0.62
befolkning,AVVIK,4650 1999,berettigede/befolkning = 0.92
befolkning,AVVIK,5020 1999,berettigede/befolkning = 1.52
befolkning,AVVIK,5053 1999,berettigede/befolkning = 1.16
befolkning,AVVIK,5054 1999,berettigede/befolkning = 0.50
befolkning,AVVIK,5058 1999,berettigede/befolkning = 0.58
befolkning,AVVIK,1576 2003,berettigede/befolkning = 1.16
befolkning,AVVIK,3903 2003,berettigede/befolkning = 1.07
befolkning,AVVIK,4225 2003,berettigede/befolkning = 0.61
befolkning,AVVIK,4640 2003,berettigede/befolkning = 0.59
befolkning,AVVIK,4642 2003,berettigede/befolkning = 1.53
befolkning,AVVIK,4646 2003,berettigede/befolkning = 1.45
befolkning,AVVIK,4650 2003,berettigede/befolkning = 0.91
befolkning,AVVIK,5020 2003,berettigede/befolkning = 1.58
befolkning,AVVIK,5053 2003,berettigede/befolkning = 1.14
befolkning,AVVIK,5054 2003,berettigede/befolkning = 0.49
befolkning,AVVIK,5058 2003,berettigede/befolkning = 0.58
befolkning,AVVIK,1576 2007,berettigede/befolkning = 1.18
befolkning,AVVIK,3903 2007,berettigede/befolkning = 1.08
befolkning,AVVIK,4225 2007,berettigede/befolkning = 0.61
befolkning,AVVIK,4640 2007,berettigede/befolkning = 0.59
befolkning,AVVIK,4642 2007,berettigede/befolkning = 1.55
befolkning,AVVIK,4646 2007,berettigede/befolkning = 1.46
befolkning,AVVIK,4650 2007,berettigede/befolkning = 0.91
befolkning,AVVIK,5020 2007,berettigede/befolkning = 1.56
befolkning,AVVIK,5053 2007,berettigede/befolkning = 1.14
befolkning,AVVIK,5054 2007,berettigede/befolkning = 0.49
befolkning,AVVIK,5058 2007,berettigede/befolkning = 0.58
befolkning,AVVIK,5603 2007,berettigede/befolkning = 30.63
befolkning,AVVIK,5620 2007,berettigede/befolkning = 668.98
befolkning,AVVIK,1576 2011,berettigede/befolkning = 1.15
befolkning,AVVIK,3903 2011,berettigede/befolkning = 1.09
befolkning,AVVIK,4225 2011,berettigede/befolkning = 0.60
befolkning,AVVIK,4640 2011,berettigede/befolkning = 0.60
befolkning,AVVIK,4642 2011,berettigede/befolkning = 1.54
befolkning,AVVIK,4646 2011,berettigede/befolkning = 1.44
befolkning,AVVIK,4650 2011,berettigede/befolkning = 0.92
befolkning,AVVIK,5020 2011,berettigede/befolkning = 1.60
befolkning,AVVIK,5053 2011,berettigede/befolkning = 1.16
befolkning,AVVIK,5054 2011,berettigede/befolkning = 0.49
befolkning,AVVIK,5058 2011,berettigede/befolkning = 0.61
befolkning,AVVIK,5603 2011,berettigede/befolkning = 30.81
befolkning,AVVIK,5620 2011,berettigede/befolkning = 710.93
befolkning,AVVIK,1576 2015,berettigede/befolkning = 1.14
befolkning,AVVIK,3903 2015,berettigede/befolkning = 1.10
befolkning,AVVIK,4225 2015,berettigede/befolkning = 0.60
befolkning,AVVIK,4640 2015,berettigede/befolkning = 0.61
befolkning,AVVIK,4642 2015,berettigede/befolkning = 1.62
befolkning,AVVIK,4646 2015,berettigede/befolkning = 1.53
befolkning,AVVIK,4650 2015,berettigede/befolkning = 0.93
befolkning,AVVIK,5020 2015,berettigede/befolkning = 1.57
befolkning,AVVIK,5053 2015,berettigede/befolkning = 1.17
befolkning,AVVIK,5054 2015,berettigede/befolkning = 0.50
befolkning,AVVIK,5058 2015,berettigede/befolkning = 0.61
befolkning,AVVIK,5603 2015,berettigede/befolkning = 30.98
befolkning,AVVIK,5620 2015,berettigede/befolkning = 737.56
befolkning,AVVIK,1508 2019,berettigede/befolkning = 0.91
befolkning,AVVIK,5622 2019,berettigede/befolkning = 378.67
befolkning,AVVIK,1508,"ratio-hopp i [2019, 2023]"
befolkning,AVVIK,1576,ratio-hopp i [2019]
befolkning,AVVIK,1577,ratio-hopp i [2019]
befolkning,AVVIK,1841,ratio-hopp i [2007]
befolkning,AVVIK,3403,ratio-hopp i [1991]
befolkning,AVVIK,3454,ratio-hopp i [1991]
befolkning,AVVIK,3903,ratio-hopp i [2019]
befolkning,AVVIK,3905,ratio-hopp i [2019]
befolkning,AVVIK,4225,ratio-hopp i [2019]
befolkning,AVVIK,4639,"ratio-hopp i [1991, 1995]"
befolkning,AVVIK,4640,ratio-hopp i [2019]
befolkning,AVVIK,4642,"ratio-hopp i [1991, 2015, 2019]"
befolkning,AVVIK,4646,"ratio-hopp i [1991, 2015, 2019]"
befolkning,AVVIK,4647,ratio-hopp i [2019]
befolkning,AVVIK,4650,ratio-hopp i [2019]
kryss,OBS,Ap 1151 1987→1989,uteligger (residual -41.8 pp)
kryss,OBS,Ap 1816 1987→1989,uteligger (residual -34.0 pp)
kryss,OBS,Ap 1856 1987→1989,uteligger (residual -22.4 pp)
kryss,OBS,Ap 1874 1987→1989,uteligger (residual -28.9 pp)
kryss,OBS,Ap 3320 1987→1989,uteligger (residual -24.2 pp)
kryss,OBS,Ap 1151 1991→1993,uteligger (residual -42.9 pp)
kryss,OBS,Ap 1859 1991→1993,uteligger (residual -39.9 pp)
kryss,OBS,Ap 3124 1991→1993,uteligger (residual -27.4 pp)
kryss,OBS,Ap 3320 1991→1993,uteligger (residual -29.6 pp)
kryss,OBS,Ap 4619 1991→1993,uteligger (residual -40.1 pp)
kryss,OBS,Ap 1151 1995→1997,uteligger (residual -37.2 pp)
kryss,OBS,Ap 1811 1995→1997,uteligger (residual -26.8 pp)
kryss,OBS,Ap 1812 1995→1997,uteligger (residual -21.0 pp)
kryss,OBS,Ap 1816 1995→1997,uteligger (residual +23.3 pp)
kryss,OBS,Ap 1834 1995→1997,uteligger (residual +20.7 pp)
kryss,OBS,Ap 1151 1999→2001,uteligger (residual -29.1 pp)
kryss,OBS,Ap 1859 1999→2001,uteligger (residual -19.5 pp)
kryss,OBS,Ap 3320 1999→2001,uteligger (residual -30.0 pp)
kryss,OBS,Ap 4644 1999→2001,uteligger (residual -24.7 pp)
kryss,OBS,Ap 1151 2003→2005,uteligger (residual -39.7 pp)
kryss,OBS,Ap 1816 2003→2005,uteligger (residual -38.6 pp)
kryss,OBS,Ap 1835 2003→2005,uteligger (residual -41.5 pp)
kryss,OBS,Ap 1856 2003→2005,uteligger (residual -31.5 pp)
kryss,OBS,Ap 1811 2007→2009,uteligger (residual -26.5 pp)
kryss,OBS,Ap 1812 2007→2009,uteligger (residual -26.5 pp)
kryss,OBS,Ap 1816 2007→2009,uteligger (residual -32.8 pp)
kryss,OBS,Ap 1835 2007→2009,uteligger (residual -38.3 pp)
kryss,OBS,Ap 3425 2007→2009,uteligger (residual -23.4 pp)
kryss,OBS,Ap 1816 2011→2013,uteligger (residual -30.1 pp)
kryss,OBS,Ap 1835 2011→2013,uteligger (residual -37.8 pp)
kryss,OBS,Ap 5032 2011→2013,uteligger (residual +25.5 pp)
kryss,OBS,Ap 5043 2011→2013,uteligger (residual -21.9 pp)
kryss,OBS,Ap 5624 2011→2013,uteligger (residual -31.6 pp)
kryss,OBS,Ap 1816 2015→2017,uteligger (residual -29.9 pp)
kryss,OBS,Ap 1835 2015→2017,uteligger (residual -35.6 pp)
kryss,OBS,Ap 3425 2015→2017,uteligger (residual -23.0 pp)
kryss,OBS,Ap 4643 2015→2017,uteligger (residual +29.0 pp)
kryss,OBS,Ap 5033 2015→2017,uteligger (residual +20.5 pp)
kryss,AVVIK,Ap 2019→2021,r = 0.53
kryss,OBS,Ap 1835 2019→2021,uteligger (residual -41.9 pp)
kryss,OBS,Ap 3425 2019→2021,uteligger (residual -26.4 pp)
kryss,OBS,Ap 5043 2019→2021,uteligger (residual -33.2 pp)
kryss,AVVIK,Ap 2023→2025,r = 0.52
kryss,OBS,Ap 1816 2023→2025,uteligger (residual -28.9 pp)
kryss,OBS,Ap 3433 2023→2025,uteligger (residual -19.7 pp)
kryss,OBS,Ap 3434 2023→2025,uteligger (residual -27.5 pp)
kryss,OBS,Ap 5043 2023→2025,uteligger (residual -25.8 pp)
kryss,OBS,Ap 5610 2023→2025,uteligger (residual -25.9 pp)
kryss,OBS,Sp 1160 1987→1989,uteligger (residual +12.0 pp)
kryss,OBS,Sp 3338 1987→1989,uteligger (residual +15.5 pp)
kryss,OBS,Sp 3425 1987→1989,uteligger (residual +14.8 pp)
kryss,OBS,Sp 4625 1987→1989,uteligger (residual +14.4 pp)
kryss,OBS,Sp 4651 1987→1989,uteligger (residual +11.8 pp)
kryss,OBS,Sp 1812 1991→1993,uteligger (residual +37.5 pp)
kryss,OBS,Sp 1859 1991→1993,uteligger (residual +39.7 pp)
kryss,OBS,Sp 1874 1991→1993,uteligger (residual +25.0 pp)
kryss,OBS,Sp 3425 1991→1993,uteligger (residual +33.1 pp)
kryss,OBS,Sp 5052 1991→1993,uteligger (residual +39.3 pp)
kryss,OBS,Sp 1811 1995→1997,uteligger (residual +19.8 pp)
kryss,OBS,Sp 1812 1995→1997,uteligger (residual +26.7 pp)
kryss,OBS,Sp 1816 1995→1997,uteligger (residual -23.5 pp)
kryss,OBS,Sp 1839 1995→1997,uteligger (residual +22.1 pp)
kryss,OBS,Sp 3425 1995→1997,uteligger (residual +33.4 pp)
kryss,OBS,Sp 1816 1999→2001,uteligger (residual -34.3 pp)
kryss,OBS,Sp 3425 1999→2001,uteligger (residual +26.0 pp)
kryss,OBS,Sp 4639 1999→2001,uteligger (residual +18.5 pp)
kryss,OBS,Sp 4642 1999→2001,uteligger (residual +25.1 pp)
kryss,OBS,Sp 4644 1999→2001,uteligger (residual +27.8 pp)
kryss,OBS,Sp 1816 2003→2005,uteligger (residual +27.9 pp)
kryss,OBS,Sp 1826 2003→2005,uteligger (residual +26.3 pp)
kryss,OBS,Sp 1835 2003→2005,uteligger (residual +23.9 pp)
kryss,OBS,Sp 3425 2003→2005,uteligger (residual +24.2 pp)
kryss,OBS,Sp 5052 2003→2005,uteligger (residual +32.1 pp)
kryss,OBS,Sp 1812 2007→2009,uteligger (residual +25.6 pp)
kryss,OBS,Sp 1816 2007→2009,uteligger (residual +24.1 pp)
kryss,OBS,Sp 3425 2007→2009,uteligger (residual +23.2 pp)
kryss,OBS,Sp 4220 2007→2009,uteligger (residual -21.2 pp)
kryss,OBS,Sp 4639 2007→2009,uteligger (residual +23.0 pp)
kryss,OBS,Sp 1816 2011→2013,uteligger (residual +24.1 pp)
kryss,OBS,Sp 1836 2011→2013,uteligger (residual -31.5 pp)
kryss,OBS,Sp 3425 2011→2013,uteligger (residual +24.1 pp)
kryss,OBS,Sp 4220 2011→2013,uteligger (residual -24.0 pp)
kryss,OBS,Sp 4639 2011→2013,uteligger (residual +21.6 pp)
kryss,OBS,Sp 1816 2015→2017,uteligger (residual +36.9 pp)
kryss,OBS,Sp 1836 2015→2017,uteligger (residual -35.2 pp)
kryss,OBS,Sp 1871 2015→2017,uteligger (residual +57.1 pp)
kryss,OBS,Sp 3425 2015→2017,uteligger (residual +41.2 pp)
kryss,OBS,Sp 5026 2015→2017,uteligger (residual +34.4 pp)
kryss,OBS,Sp 1835 2019→2021,uteligger (residual +37.6 pp)
kryss,OBS,Sp 3318 2019→2021,uteligger (residual +28.6 pp)
kryss,OBS,Sp 3320 2019→2021,uteligger (residual -41.2 pp)
kryss,OBS,Sp 3425 2019→2021,uteligger (residual +45.9 pp)
kryss,OBS,Sp 5043 2019→2021,uteligger (residual +41.7 pp)
kryss,OBS,Sp 1816 2023→2025,uteligger (residual +29.7 pp)
kryss,OBS,Sp 1857 2023→2025,uteligger (residual +19.7 pp)
kryss,OBS,Sp 3434 2023→2025,uteligger (residual +26.4 pp)
kryss,OBS,Sp 5043 2023→2025,uteligger (residual +22.6 pp)
