kom2024,aar,stemmer_9parti,stemmer_andre,godkjente_i_alt
0301,1993,252928,24665,277593
0301,1997,278721,15947,294668
0301,2001,272435,16525,288960
0301,2005,296835,11999,308834
0301,2009,320701,1868,322569
0301,2013,344340,4202,348542
0301,2017,361753,5348,367101
0301,2021,370233,9332,379565
0301,2025,408155,13763,421918
1101,1993,6777,193,6970
1101,1997,7216,108,7324
1101,2001,7003,212,7215
1101,2005,7166,136,7302
1101,2009,7205,70,7275
1101,2013,7477,150,7627
1101,2017,7895,133,8028
1101,2021,7917,267,8184
1101,2025,8301,315,8616
1103,1993,58946,1877,60823
1103,1997,62829,1756,64585
1103,2001,62129,2236,64365
1103,2005,66242,1379,67621
1103,2009,68831,622,69453
1103,2013,70799,1050,71849
1103,2017,73462,1194,74656
1103,2021,74906,2381,77287
1103,2025,82124,2863,84987
1106,1993,15731,878,16609
1106,1997,16875,427,17302
1106,2001,16285,654,16939
1106,2005,17148,468,17616
1106,2009,17675,306,17981
1106,2013,18375,705,19080
1106,2017,19089,565,19654
1106,2021,19100,949,20049
1106,2025,20360,1141,21501
1108,1993,26679,756,27435
1108,1997,28649,790,29439
1108,2001,29272,1054,30326
1108,2005,31457,638,32095
1108,2009,34062,423,34485
1108,2013,36283,840,37123
1108,2017,38420,808,39228
1108,2021,38984,1632,40616
1108,2025,42887,1989,44876
1111,1993,2022,54,2076
1111,1997,2033,41,2074
1111,2001,1846,64,1910
1111,2005,1896,31,1927
1111,2009,1844,37,1881
1111,2013,1800,108,1908
1111,2017,1896,62,1958
1111,2021,1852,91,1943
1111,2025,1940,117,2057
1112,1993,1645,43,1688
1112,1997,1758,48,1806
1112,2001,1647,77,1724
1112,2005,1703,40,1743
1112,2009,1701,26,1727
1112,2013,1716,76,1792
1112,2017,1777,47,1824
1112,2021,1680,93,1773
1112,2025,1787,128,1915
1114,1993,1427,18,1445
1114,1997,1457,19,1476
1114,2001,1392,38,1430
1114,2005,1427,23,1450
1114,2009,1445,6,1451
1114,2013,1537,36,1573
1114,2017,1546,18,1564
1114,2021,1569,42,1611
1114,2025,1607,63,1670
1119,1993,7179,155,7334
1119,1997,7670,96,7766
1119,2001,7383,276,7659
1119,2005,7930,173,8103
1119,2009,8258,122,8380
1119,2013,8894,284,9178
1119,2017,9507,255,9762
1119,2021,9646,374,10020
1119,2025,10309,563,10872
1120,1993,6724,137,6861
1120,1997,7406,104,7510
1120,2001,7313,200,7513
1120,2005,7651,127,7778
1120,2009,8475,70,8545
1120,2013,9299,204,9503
1120,2017,9946,235,10181
1120,2021,10232,356,10588
1120,2025,11170,604,11774
1121,1993,6916,129,7045
1121,1997,7446,130,7576
1121,2001,7490,249,7739
1121,2005,8288,156,8444
1121,2009,8896,90,8986
1121,2013,9722,211,9933
1121,2017,10234,214,10448
1121,2021,10526,348,10874
1121,2025,11412,495,11907
1122,1993,4061,79,4140
1122,1997,4453,85,4538
1122,2001,4497,154,4651
1122,2005,4933,88,5021
1122,2009,5371,28,5399
1122,2013,5722,98,5820
1122,2017,6048,99,6147
1122,2021,6060,231,6291
1122,2025,6449,325,6774
1124,1993,8677,317,8994
1124,1997,9926,234,10160
1124,2001,9900,327,10227
1124,2005,10661,150,10811
1124,2009,11855,125,11980
1124,2013,12862,190,13052
1124,2017,13588,222,13810
1124,2021,13949,473,14422
1124,2025,15269,629,15898
1127,1993,4475,80,4555
1127,1997,4809,92,4901
1127,2001,4691,170,4861
1127,2005,5047,87,5134
1127,2009,5428,39,5467
1127,2013,5630,89,5719
1127,2017,5961,104,6065
1127,2021,6287,179,6466
1127,2025,6600,256,6856
1130,1993,5119,148,5267
1130,1997,5420,97,5517
1130,2001,5331,204,5535
1130,2005,5721,127,5848
1130,2009,5894,75,5969
1130,2013,6223,170,6393
1130,2017,6577,144,6721
1130,2021,6971,295,7266
1130,2025,7488,444,7932
1133,1993,1618,16,1634
1133,1997,1641,23,1664
1133,2001,1541,45,1586
1133,2005,1513,26,1539
1133,2009,1454,24,1478
1133,2013,1425,17,1442
1133,2017,1436,18,1454
1133,2021,1374,49,1423
1133,2025,1433,58,1491
1134,1993,2329,35,2364
1134,1997,2365,52,2417
1134,2001,2197,93,2290
1134,2005,2182,56,2238
1134,2009,2153,11,2164
1134,2013,2113,43,2156
1134,2017,2170,23,2193
1134,2021,2178,66,2244
1134,2025,2185,91,2276
1135,1993,3082,67,3149
1135,1997,3110,93,3203
1135,2001,2983,97,3080
1135,2005,2842,42,2884
1135,2009,2706,23,2729
1135,2013,2708,42,2750
1135,2017,2614,51,2665
1135,2021,2604,88,2692
1135,2025,2592,92,2684
1144,1993,303,5,308
1144,1997,331,5,336
1144,2001,279,27,306
1144,2005,307,9,316
1144,2009,318,3,321
1144,2013,330,12,342
1144,2017,333,4,337
1144,2021,337,4,341
1144,2025,350,17,367
1145,1993,449,9,458
1145,1997,462,7,469
1145,2001,405,47,452
1145,2005,432,29,461
1145,2009,473,7,480
1145,2013,472,12,484
1145,2017,505,9,514
1145,2021,527,21,548
1145,2025,540,21,561
1146,1993,4318,168,4486
1146,1997,4640,94,4734
1146,2001,4602,211,4813
1146,2005,4957,134,5091
1146,2009,5176,54,5230
1146,2013,5681,183,5864
1146,2017,6011,151,6162
1146,2021,6053,316,6369
1146,2025,6448,385,6833
1149,1993,17345,873,18218
1149,1997,19422,409,19831
1149,2001,18723,817,19540
1149,2005,19922,529,20451
1149,2009,20680,291,20971
1149,2013,21612,683,22295
1149,2017,22318,612,22930
1149,2021,21798,1166,22964
1149,2025,23608,1353,24961
1151,1993,126,0,126
1151,1997,133,2,135
1151,2001,118,15,133
1151,2005,123,7,130
1151,2009,148,1,149
1151,2013,136,5,141
1151,2017,134,1,135
1151,2021,129,2,131
1151,2025,141,11,152
1160,1993,4508,76,4584
1160,1997,4609,72,4681
1160,2001,4348,172,4520
1160,2005,4378,73,4451
1160,2009,4242,26,4268
1160,2013,4466,105,4571
1160,2017,4599,73,4672
1160,2021,4617,149,4766
1160,2025,4831,225,5056
1505,1993,11987,354,12341
1505,1997,12711,234,12945
1505,2001,11821,436,12257
1505,2005,12674,155,12829
1505,2009,12695,39,12734
1505,2013,13057,135,13192
1505,2017,11027,1894,12921
1505,2021,12892,460,13352
1505,2025,13354,546,13900
1506,1993,16225,450,16675
1506,1997,17322,455,17777
1506,2001,16584,621,17205
1506,2005,17579,240,17819
1506,2009,17431,73,17504
1506,2013,18015,220,18235
1506,2017,18436,349,18785
1506,2021,17797,478,18275
1506,2025,18621,723,19344
1508,1993,21959,867,22826
1508,1997,24313,866,25179
1508,2001,23696,991,24687
1508,2005,25972,418,26390
1508,2009,26740,109,26849
1508,2013,27858,455,28313
1508,2017,28948,456,29404
1508,2021,34959,1375,36334
1508,2025,32987,1188,34175
1511,1993,2111,36,2147
1511,1997,2148,23,2171
1511,2001,1676,295,1971
1511,2005,1876,256,2132
1511,2009,1995,38,2033
1511,2013,1933,42,1975
1511,2017,1943,32,1975
1511,2021,1859,113,1972
1511,2025,1819,108,1927
1514,1993,1876,33,1909
1514,1997,1882,36,1918
1514,2001,1683,122,1805
1514,2005,1454,49,1503
1514,2009,1418,14,1432
1514,2013,1405,29,1434
1514,2017,1367,15,1382
1514,2021,1262,46,1308
1514,2025,1279,57,1336
1515,1993,4432,137,4569
1515,1997,4759,67,4826
1515,2001,4413,204,4617
1515,2005,4717,78,4795
1515,2009,4672,26,4698
1515,2013,4727,128,4855
1515,2017,4877,72,4949
1515,2021,4567,259,4826
1515,2025,4936,235,5171
1516,1993,3293,71,3364
1516,1997,3622,52,3674
1516,2001,3477,128,3605
1516,2005,3711,79,3790
1516,2009,3938,26,3964
1516,2013,4148,80,4228
1516,2017,4442,58,4500
1516,2021,4567,197,4764
1516,2025,4886,239,5125
1517,1993,2394,70,2464
1517,1997,2627,59,2686
1517,2001,2437,125,2562
1517,2005,2557,65,2622
1517,2009,2610,15,2625
1517,2013,2695,66,2761
1517,2017,2737,21,2758
1517,2021,2579,152,2731
1517,2025,2690,165,2855
1520,1993,5760,136,5896
1520,1997,5925,119,6044
1520,2001,5497,266,5763
1520,2005,5778,126,5904
1520,2009,5702,35,5737
1520,2013,5813,91,5904
1520,2017,6070,77,6147
1520,2021,5960,258,6218
1520,2025,6214,316,6530
1525,1993,2596,33,2629
1525,1997,2722,28,2750
1525,2001,2452,121,2573
1525,2005,2537,42,2579
1525,2009,2441,6,2447
1525,2013,2409,38,2447
1525,2017,2426,33,2459
1525,2021,2331,53,2384
1525,2025,2273,66,2339
1528,1993,3841,85,3926
1528,1997,4094,72,4166
1528,2001,3879,207,4086
1528,2005,4162,60,4222
1528,2009,4023,31,4054
1528,2013,4046,83,4129
1528,2017,4159,77,4236
1528,2021,4042,148,4190
1528,2025,4279,165,4444
1531,1993,3680,134,3814
1531,1997,3935,103,4038
1531,2001,3788,206,3994
1531,2005,4242,71,4313
1531,2009,4240,36,4276
1531,2013,4404,131,4535
1531,2017,4707,82,4789
1531,2021,4785,182,4967
1531,2025,5226,196,5422
1532,1993,3351,54,3405
1532,1997,3478,92,3570
1532,2001,3467,131,3598
1532,2005,3686,70,3756
1532,2009,3833,31,3864
1532,2013,4009,105,4114
1532,2017,4445,53,4498
1532,2021,4468,184,4652
1532,2025,4928,165,5093
1535,1993,3437,80,3517
1535,1997,3553,71,3624
1535,2001,3288,181,3469
1535,2005,3484,52,3536
1535,2009,3504,15,3519
1535,2013,3546,81,3627
1535,2017,3539,136,3675
1535,2021,3784,124,3908
1535,2025,3938,200,4138
1539,1993,4248,89,4337
1539,1997,4395,78,4473
1539,2001,3995,188,4183
1539,2005,4170,62,4232
1539,2009,4035,6,4041
1539,2013,4026,41,4067
1539,2017,4013,78,4091
1539,2021,3801,138,3939
1539,2025,3992,139,4131
1547,1993,1595,37,1632
1547,1997,1718,37,1755
1547,2001,1582,78,1660
1547,2005,1706,22,1728
1547,2009,1670,18,1688
1547,2013,1749,31,1780
1547,2017,1840,27,1867
1547,2021,1847,62,1909
1547,2025,1915,107,2022
1554,1993,2979,59,3038
1554,1997,3224,38,3262
1554,2001,2853,132,2985
1554,2005,3058,49,3107
1554,2009,2983,8,2991
1554,2013,3068,32,3100
1554,2017,3006,143,3149
1554,2021,3016,149,3165
1554,2025,3215,171,3386
1557,1993,1616,14,1630
1557,1997,1654,27,1681
1557,2001,1510,52,1562
1557,2005,1592,22,1614
1557,2009,1510,12,1522
1557,2013,1431,15,1446
1557,2017,1444,43,1487
1557,2021,1473,49,1522
1557,2025,1505,56,1561
1560,1993,1973,28,2001
1560,1997,1929,29,1958
1560,2001,1722,58,1780
1560,2005,1765,18,1783
1560,2009,1773,9,1782
1560,2013,1740,23,1763
1560,2017,1748,49,1797
1560,2021,1739,71,1810
1560,2025,1729,92,1821
1563,1993,4390,79,4469
1563,1997,4636,75,4711
1563,2001,4092,139,4231
1563,2005,4295,50,4345
1563,2009,4294,13,4307
1563,2013,4218,27,4245
1563,2017,4183,37,4220
1563,2021,4056,135,4191
1563,2025,4020,96,4116
1566,1993,3613,35,3648
1566,1997,3574,55,3629
1566,2001,3180,95,3275
1566,2005,3378,30,3408
1566,2009,3232,9,3241
1566,2013,3300,28,3328
1566,2017,3358,29,3387
1566,2021,3342,65,3407
1566,2025,3250,116,3366
1573,1993,1468,9,1477
1573,1997,1502,7,1509
1573,2001,1222,140,1362
1573,2005,1271,39,1310
1573,2009,1250,3,1253
1573,2013,1207,32,1239
1573,2017,1170,78,1248
1573,2021,1188,46,1234
1573,2025,1176,69,1245
1576,1993,3321,42,3363
1576,1997,3446,59,3505
1576,2001,2935,179,3114
1576,2005,3012,67,3079
1576,2009,2880,4,2884
1576,2013,2893,23,2916
1576,2017,2804,132,2936
1576,2021,2028,84,2112
1576,2025,1864,107,1971
1577,1993,4798,68,4866
1577,1997,4913,63,4976
1577,2001,4499,230,4729
1577,2005,4742,130,4872
1577,2009,4894,31,4925
1577,2013,5025,86,5111
1577,2017,5313,43,5356
1577,2021,6236,235,6471
1577,2025,6407,287,6694
1578,1993,1765,28,1793
1578,1997,1773,39,1812
1578,2001,1510,94,1604
1578,2005,1483,23,1506
1578,2009,1439,8,1447
1578,2013,1403,29,1432
1578,2017,1409,24,1433
1578,2021,1385,39,1424
1578,2025,1396,51,1447
1579,1993,6418,221,6639
1579,1997,6810,165,6975
1579,2001,6453,229,6682
1579,2005,6739,107,6846
1579,2009,6743,58,6801
1579,2013,6995,112,7107
1579,2017,7028,155,7183
1579,2021,7012,333,7345
1579,2025,7478,410,7888
1580,1993,4914,126,5040
1580,1997,5073,98,5171
1580,2001,4761,255,5016
1580,2005,4930,82,5012
1580,2009,4785,37,4822
1580,2013,4688,99,4787
1580,2017,5045,74,5119
1580,2025,5118,244,5362
1804,1993,19547,573,20120
1804,1997,21239,1165,22404
1804,2001,20515,2039,22554
1804,2005,24520,708,25228
1804,2009,26243,119,26362
1804,2013,27963,504,28467
1804,2017,28907,410,29317
1804,2021,29222,758,29980
1804,2025,30218,1140,31358
1806,1993,11544,295,11839
1806,1997,11389,738,12127
1806,2001,10401,1074,11475
1806,2005,11326,375,11701
1806,2009,11456,54,11510
1806,2013,11377,185,11562
1806,2017,11262,239,11501
1806,2021,11279,308,11587
1806,2025,11411,544,11955
1811,1993,1207,16,1223
1811,1997,1152,62,1214
1811,2001,998,155,1153
1811,2005,1056,47,1103
1811,2009,996,3,999
1811,2013,965,18,983
1811,2017,982,6,988
1811,2021,913,25,938
1811,2025,820,31,851
1812,1993,1268,19,1287
1812,1997,1177,82,1259
1812,2001,1015,194,1209
1812,2005,1141,62,1203
1812,2009,1152,9,1161
1812,2013,1176,17,1193
1812,2017,1203,12,1215
1812,2021,1232,20,1252
1812,2025,1172,50,1222
1813,1993,3731,73,3804
1813,1997,3583,390,3973
1813,2001,3186,765,3951
1813,2005,3914,230,4144
1813,2009,3897,23,3920
1813,2013,4102,72,4174
1813,2017,4273,75,4348
1813,2021,4254,151,4405
1813,2025,4336,189,4525
1815,1993,891,13,904
1815,1997,789,114,903
1815,2001,646,201,847
1815,2005,746,69,815
1815,2009,758,6,764
1815,2013,752,19,771
1815,2017,766,13,779
1815,2021,736,25,761
1815,2025,707,54,761
1816,1993,382,4,386
1816,1997,326,48,374
1816,2001,234,93,327
1816,2005,274,28,302
1816,2009,293,3,296
1816,2013,276,6,282
1816,2017,281,4,285
1816,2021,287,3,290
1816,2025,262,10,272
1818,1993,973,11,984
1818,1997,897,140,1037
1818,2001,665,289,954
1818,2005,806,79,885
1818,2009,814,22,836
1818,2013,863,23,886
1818,2017,856,25,881
1818,2021,866,32,898
1818,2025,858,30,888
1820,1993,3497,99,3596
1820,1997,3528,374,3902
1820,2001,3009,745,3754
1820,2005,3682,247,3929
1820,2009,3657,62,3719
1820,2013,3804,65,3869
1820,2017,3865,61,3926
1820,2021,3840,142,3982
1820,2025,3861,169,4030
1822,1993,1214,22,1236
1822,1997,1097,110,1207
1822,2001,966,192,1158
1822,2005,1072,53,1125
1822,2009,1139,14,1153
1822,2013,1180,14,1194
1822,2017,1192,17,1209
1822,2021,1242,30,1272
1822,2025,1246,67,1313
1824,1993,7168,107,7275
1824,1997,7584,361,7945
1824,2001,6698,660,7358
1824,2005,7511,226,7737
1824,2009,7503,29,7532
1824,2013,7345,126,7471
1824,2017,7440,104,7544
1824,2021,7237,255,7492
1824,2025,7358,292,7650
1825,1993,979,9,988
1825,1997,910,54,964
1825,2001,824,78,902
1825,2005,883,29,912
1825,2009,860,8,868
1825,2013,844,14,858
1825,2017,858,6,864
1825,2021,826,24,850
1825,2025,768,50,818
1826,1993,1102,10,1112
1826,1997,1032,21,1053
1826,2001,912,53,965
1826,2005,934,9,943
1826,2009,898,3,901
1826,2013,856,11,867
1826,2017,837,9,846
1826,2021,803,22,825
1826,2025,728,28,756
1827,1993,881,27,908
1827,1997,768,151,919
1827,2001,578,277,855
1827,2005,754,62,816
1827,2009,705,34,739
1827,2013,758,28,786
1827,2017,774,27,801
1827,2021,803,23,826
1827,2025,762,55,817
1828,1993,975,20,995
1828,1997,918,125,1043
1828,2001,843,162,1005
1828,2005,918,69,987
1828,2009,939,19,958
1828,2013,972,11,983
1828,2017,1001,14,1015
1828,2021,941,39,980
1828,2025,896,44,940
1832,1993,2856,22,2878
1832,1997,2689,185,2874
1832,2001,2327,290,2617
1832,2005,2542,142,2684
1832,2009,2511,40,2551
1832,2013,2612,63,2675
1832,2017,2624,22,2646
1832,2021,2539,68,2607
1832,2025,2487,141,2628
1833,1993,12783,258,13041
1833,1997,13462,731,14193
1833,2001,12609,1185,13794
1833,2005,14261,415,14676
1833,2009,14028,78,14106
1833,2013,14405,175,14580
1833,2017,14554,182,14736
1833,2021,14227,451,14678
1833,2025,14478,776,15254
1834,1993,1197,13,1210
1834,1997,1058,205,1263
1834,2001,816,327,1143
1834,2005,971,183,1154
1834,2009,943,141,1084
1834,2013,1098,36,1134
1834,2017,1065,30,1095
1834,2021,1053,32,1085
1834,2025,1025,43,1068
1835,1993,280,2,282
1835,1997,182,108,290
1835,2001,139,120,259
1835,2005,174,64,238
1835,2009,209,22,231
1835,2013,221,2,223
1835,2017,207,8,215
1835,2021,217,5,222
1835,2025,206,6,212
1836,1993,926,13,939
1836,1997,756,138,894
1836,2001,539,278,817
1836,2005,701,73,774
1836,2009,670,25,695
1836,2013,684,42,726
1836,2017,677,20,697
1836,2021,679,30,709
1836,2025,666,37,703
1837,1993,3721,73,3794
1837,1997,3534,365,3899
1837,2001,3062,620,3682
1837,2005,3554,159,3713
1837,2009,3420,40,3460
1837,2013,3383,76,3459
1837,2017,3305,58,3363
1837,2021,3216,179,3395
1837,2025,3090,233,3323
1838,1993,1428,30,1458
1838,1997,1311,149,1460
1838,2001,1131,183,1314
1838,2005,1177,84,1261
1838,2009,1170,13,1183
1838,2013,1121,26,1147
1838,2017,1074,34,1108
1838,2021,1076,56,1132
1838,2025,1054,80,1134
1839,1993,827,15,842
1839,1997,797,39,836
1839,2001,622,106,728
1839,2005,703,16,719
1839,2009,683,2,685
1839,2013,653,3,656
1839,2017,672,7,679
1839,2021,617,24,641
1839,2025,612,41,653
1840,1993,2690,67,2757
1840,1997,2637,182,2819
1840,2001,2493,228,2721
1840,2005,2781,59,2840
1840,2009,2692,12,2704
1840,2013,2703,22,2725
1840,2017,2678,19,2697
1840,2021,2597,81,2678
1840,2025,2546,120,2666
1841,1993,6243,152,6395
1841,1997,6111,304,6415
1841,2001,5574,487,6061
1841,2005,5527,100,5627
1841,2009,5323,17,5340
1841,2013,5393,73,5466
1841,2017,5543,63,5606
1841,2021,5275,224,5499
1841,2025,5402,253,5655
1845,1993,1419,18,1437
1845,1997,1355,131,1486
1845,2001,1168,198,1366
1845,2005,1266,32,1298
1845,2009,1181,5,1186
1845,2013,1150,28,1178
1845,2017,1130,17,1147
1845,2021,1090,35,1125
1845,2025,1044,56,1100
1848,1993,1652,31,1683
1848,1997,1476,254,1730
1848,2001,1274,328,1602
1848,2005,1430,83,1513
1848,2009,1428,19,1447
1848,2013,1370,74,1444
1848,2017,1458,11,1469
1848,2021,1422,46,1468
1848,2025,1367,58,1425
1851,1993,1567,19,1586
1851,1997,1328,204,1532
1851,2001,1183,211,1394
1851,2005,1295,86,1381
1851,2009,1251,25,1276
1851,2013,1288,19,1307
1851,2017,1176,24,1200
1851,2021,1156,35,1191
1851,2025,1163,39,1202
1853,1993,956,15,971
1853,1997,878,57,935
1853,2001,753,121,874
1853,2005,790,37,827
1853,2009,778,7,785
1853,2013,782,7,789
1853,2017,793,11,804
1853,2021,791,33,824
1853,2025,805,38,843
1856,1993,358,1,359
1856,1997,299,76,375
1856,2001,236,114,350
1856,2005,288,32,320
1856,2009,314,15,329
1856,2013,288,9,297
1856,2017,291,11,302
1856,2021,275,7,282
1856,2025,277,7,284
1857,1993,419,1,420
1857,1997,323,129,452
1857,2001,271,131,402
1857,2005,365,46,411
1857,2009,359,15,374
1857,2013,339,21,360
1857,2017,360,9,369
1857,2021,332,16,348
1857,2025,292,24,316
1859,1993,879,9,888
1859,1997,681,186,867
1859,2001,592,194,786
1859,2005,691,82,773
1859,2009,679,33,712
1859,2013,674,22,696
1859,2017,670,38,708
1859,2021,647,23,670
1859,2025,626,26,652
1860,1993,5322,160,5482
1860,1997,5199,702,5901
1860,2001,4709,927,5636
1860,2005,5149,396,5545
1860,2009,5273,125,5398
1860,2013,5499,142,5641
1860,2017,5679,145,5824
1860,2021,5708,268,5976
1860,2025,6056,294,6350
1865,1993,4450,175,4625
1865,1997,3994,930,4924
1865,2001,3630,1033,4663
1865,2005,4303,357,4660
1865,2009,4599,85,4684
1865,2013,4615,99,4714
1865,2017,4659,67,4726
1865,2021,4683,157,4840
1865,2025,4877,205,5082
1866,1993,4634,96,4730
1866,1997,4234,362,4596
1866,2001,3635,740,4375
1866,2005,4147,281,4428
1866,2009,4203,48,4251
1866,2013,4257,66,4323
1866,2017,4306,91,4397
1866,2021,4269,157,4426
1866,2025,4408,224,4632
1867,1993,2133,14,2147
1867,1997,1840,289,2129
1867,2001,1503,308,1811
1867,2005,1543,128,1671
1867,2009,1547,30,1577
1867,2013,1463,37,1500
1867,2017,1478,25,1503
1867,2021,1479,41,1520
1867,2025,1402,69,1471
1868,1993,2450,49,2499
1868,1997,2118,362,2480
1868,2001,1878,454,2332
1868,2005,2156,280,2436
1868,2009,2224,60,2284
1868,2013,2169,72,2241
1868,2017,2268,53,2321
1868,2021,2120,121,2241
1868,2025,2181,145,2326
1870,1993,4396,78,4474
1870,1997,4432,358,4790
1870,2001,4144,561,4705
1870,2005,4741,264,5005
1870,2009,5086,62,5148
1870,2013,5247,93,5340
1870,2017,5443,128,5571
1870,2021,5363,200,5563
1870,2025,5488,280,5768
1871,1993,3486,49,3535
1871,1997,3250,189,3439
1871,2001,2906,352,3258
1871,2005,2911,162,3073
1871,2009,2734,51,2785
1871,2013,2729,66,2795
1871,2017,3027,25,3052
1871,2021,2695,67,2762
1871,2025,2464,115,2579
1874,1993,759,8,767
1874,1997,587,173,760
1874,2001,520,164,684
1874,2005,564,66,630
1874,2009,510,23,533
1874,2013,481,34,515
1874,2017,488,18,506
1874,2021,453,19,472
1874,2025,414,16,430
1875,1993,2502,41,2543
1875,1997,2364,219,2583
1875,2001,1942,412,2354
1875,2005,2168,118,2286
1875,2009,2140,19,2159
1875,2013,2187,36,2223
1875,2017,2136,25,2161
1875,2021,1496,40,1536
1875,2025,1482,89,1571
3101,1993,14154,572,14726
3101,1997,15112,500,15612
3101,2001,14559,591,15150
3101,2005,15457,393,15850
3101,2009,15654,214,15868
3101,2013,16344,374,16718
3101,2017,16779,317,17096
3101,2021,16109,812,16921
3101,2025,17214,1109,18323
3103,1993,19559,1505,21064
3103,1997,21621,1009,22630
3103,2001,21691,1027,22718
3103,2005,23164,623,23787
3103,2009,24229,226,24455
3103,2013,25539,301,25840
3103,2017,26374,523,26897
3103,2021,26396,949,27345
3103,2025,28937,1286,30223
3105,1993,25279,1141,26420
3105,1997,26909,917,27826
3105,2001,26064,994,27058
3105,2005,27948,635,28583
3105,2009,27585,410,27995
3105,2013,28308,782,29090
3105,2017,28500,823,29323
3105,2021,28156,1364,29520
3105,2025,30830,1566,32396
3107,1993,36624,1287,37911
3107,1997,37639,1659,39298
3107,2001,36350,1965,38315
3107,2005,39266,1133,40399
3107,2009,39757,511,40268
3107,2013,42142,817,42959
3107,2017,43052,1059,44111
3107,2021,43016,1852,44868
3107,2025,47470,2272,49742
3110,1993,1731,33,1764
3110,1997,1988,65,2053
3110,2001,2002,99,2101
3110,2005,2298,60,2358
3110,2009,2440,32,2472
3110,2013,2734,34,2768
3110,2017,2799,48,2847
3110,2021,2951,107,3058
3110,2025,3154,114,3268
3112,1993,3358,120,3478
3112,1997,3653,82,3735
3112,2001,3578,133,3711
3112,2005,3873,67,3940
3112,2009,4077,37,4114
3112,2013,4197,58,4255
3112,2017,4211,74,4285
3112,2021,4061,164,4225
3112,2025,4355,229,4584
3114,1993,2176,66,2242
3114,1997,2219,41,2260
3114,2001,2075,90,2165
3114,2005,2230,52,2282
3114,2009,2476,24,2500
3114,2013,2636,40,2676
3114,2017,2859,56,2915
3114,2021,2889,115,3004
3114,2025,3149,146,3295
3116,1993,1717,44,1761
3116,1997,1800,44,1844
3116,2001,1693,57,1750
3116,2005,1819,26,1845
3116,2009,1822,15,1837
3116,2013,1984,22,2006
3116,2017,1953,41,1994
3116,2021,1981,104,2085
3116,2025,2176,121,2297
3118,1993,19173,496,19669
3118,1997,20577,512,21089
3118,2001,19842,748,20590
3118,2005,21402,368,21770
3118,2009,21647,164,21811
3118,2013,22827,333,23160
3118,2017,22945,454,23399
3118,2021,22316,1012,23328
3118,2025,24402,1239,25641
3120,1993,4090,93,4183
3120,1997,4163,70,4233
3120,2001,3816,134,3950
3120,2005,4042,57,4099
3120,2009,4028,38,4066
3120,2013,4168,85,4253
3120,2017,4370,71,4441
3120,2021,4317,172,4489
3120,2025,4615,247,4862
3122,1993,2041,21,2062
3122,1997,1993,24,2017
3122,2001,1884,54,1938
3122,2005,1996,25,2021
3122,2009,2027,18,2045
3122,2013,2155,27,2182
3122,2017,2140,46,2186
3122,2021,2116,66,2182
3122,2025,2113,110,2223
3124,1993,889,18,907
3124,1997,921,11,932
3124,2001,828,32,860
3124,2005,857,18,875
3124,2009,836,7,843
3124,2013,893,25,918
3124,2017,889,19,908
3124,2021,849,22,871
3124,2025,826,49,875
3201,1993,55125,1756,56881
3201,1997,59276,1189,60465
3201,2001,58205,1413,59618
3201,2005,61290,1001,62291
3201,2009,63120,353,63473
3201,2013,66478,773,67251
3201,2017,69606,1000,70606
3201,2021,70782,1606,72388
3201,2025,76874,1975,78849
3203,1993,37788,956,38744
3203,1997,41512,707,42219
3203,2001,41338,1170,42508
3203,2005,44049,745,44794
3203,2009,46017,202,46219
3203,2013,49003,588,49591
3203,2017,51328,658,51986
3203,2021,51448,1411,52859
3203,2025,56624,2042,58666
3205,1993,31493,833,32326
3205,1997,34234,746,34980
3205,2001,33900,913,34813
3205,2005,36354,695,37049
3205,2009,40266,312,40578
3205,2013,42743,544,43287
3205,2017,43830,1021,44851
3205,2021,43635,1606,45241
3205,2025,49197,2062,51259
3207,1993,24751,1076,25827
3207,1997,27885,716,28601
3207,2001,27757,771,28528
3207,2005,29518,588,30106
3207,2009,30739,227,30966
3207,2013,32492,435,32927
3207,2017,32631,591,33222
3207,2021,33008,1096,34104
3207,2025,36632,1367,37999
3209,1993,10356,272,10628
3209,1997,11342,193,11535
3209,2001,11414,364,11778
3209,2005,13285,301,13586
3209,2009,15051,125,15176
3209,2013,16395,246,16641
3209,2017,17621,389,18010
3209,2021,18492,709,19201
3209,2025,20910,1002,21912
3212,1993,7230,317,7547
3212,1997,7935,339,8274
3212,2001,8316,358,8674
3212,2005,8985,314,9299
3212,2009,9790,60,9850
3212,2013,10458,107,10565
3212,2017,10875,177,11052
3212,2021,11263,308,11571
3212,2025,12298,516,12814
3214,1993,6200,205,6405
3214,1997,7174,148,7322
3214,2001,7260,211,7471
3214,2005,7890,184,8074
3214,2009,8590,96,8686
3214,2013,9373,171,9544
3214,2017,9385,179,9564
3214,2021,9424,267,9691
3214,2025,9877,501,10378
3216,1993,5936,208,6144
3216,1997,6519,164,6683
3216,2001,6678,191,6869
3216,2005,7289,164,7453
3216,2009,7947,54,8001
3216,2013,8770,129,8899
3216,2017,9305,174,9479
3216,2021,9527,320,9847
3216,2025,10647,520,11167
3218,1993,6927,185,7112
3218,1997,7454,155,7609
3218,2001,7459,209,7668
3218,2005,7873,169,8042
3218,2009,8755,36,8791
3218,2013,9510,115,9625
3218,2017,10351,170,10521
3218,2021,10483,317,10800
3218,2025,11997,455,12452
3220,1993,4274,87,4361
3220,1997,4704,82,4786
3220,2001,4721,137,4858
3220,2005,5222,92,5314
3220,2009,5525,49,5574
3220,2013,5679,82,5761
3220,2017,5735,143,5878
3220,2021,5490,236,5726
3220,2025,5845,300,6145
3222,1993,15562,470,16032
3222,1997,17108,403,17511
3222,2001,16639,381,17020
3222,2005,17334,434,17768
3222,2009,17982,122,18104
3222,2013,18708,211,18919
3222,2017,20284,434,20718
3222,2021,21604,831,22435
3222,2025,24953,1106,26059
3224,1993,7531,214,7745
3224,1997,8147,180,8327
3224,2001,7941,213,8154
3224,2005,8380,193,8573
3224,2009,8580,72,8652
3224,2013,8941,139,9080
3224,2017,9497,221,9718
3224,2021,9260,362,9622
3224,2025,10419,483,10902
3226,1993,7791,92,7883
3226,1997,7976,99,8075
3226,2001,7590,198,7788
3226,2005,8111,102,8213
3226,2009,8428,50,8478
3226,2013,9119,125,9244
3226,2017,9262,163,9425
3226,2021,9203,404,9607
3226,2025,9673,481,10154
3228,1993,9011,147,9158
3228,1997,9296,137,9433
3228,2001,9024,232,9256
3228,2005,10119,176,10295
3228,2009,10352,69,10421
3228,2013,10971,161,11132
3228,2017,11475,341,11816
3228,2021,12143,482,12625
3228,2025,12778,724,13502
3230,1993,2188,51,2239
3230,1997,2478,39,2517
3230,2001,2572,51,2623
3230,2005,2857,42,2899
3230,2009,3128,17,3145
3230,2013,3470,37,3507
3230,2017,3637,56,3693
3230,2021,3723,117,3840
3230,2025,4093,176,4269
3232,1993,9425,288,9713
3232,1997,10313,203,10516
3232,2001,10335,255,10590
3232,2005,11131,264,11395
3232,2009,11664,82,11746
3232,2013,12535,120,12655
3232,2017,12977,252,13229
3232,2021,12948,395,13343
3232,2025,14106,492,14598
3234,1993,4440,100,4540
3234,1997,4915,71,4986
3234,2001,4716,144,4860
3234,2005,4962,84,5046
3234,2009,5056,33,5089
3234,2013,5284,53,5337
3234,2017,5268,89,5357
3234,2021,5121,156,5277
3234,2025,5413,262,5675
3236,1993,3483,46,3529
3236,1997,3578,75,3653
3236,2001,3425,104,3529
3236,2005,3634,59,3693
3236,2009,3599,18,3617
3236,2013,3773,37,3810
3236,2017,3809,78,3887
3236,2021,3772,128,3900
3236,2025,3878,197,4075
3238,1993,4490,91,4581
3238,1997,4715,92,4807
3238,2001,4831,114,4945
3238,2005,5393,91,5484
3238,2009,5788,41,5829
3238,2013,5935,96,6031
3238,2017,6387,173,6560
3238,2021,6751,321,7072
3238,2025,7653,454,8107
3240,1993,9456,158,9614
3240,1997,9878,182,10060
3240,2001,9586,252,9838
3240,2005,10452,258,10710
3240,2009,11046,115,11161
3240,2013,11909,257,12166
3240,2017,12616,412,13028
3240,2021,12831,630,13461
3240,2025,14075,872,14947
3242,1993,1523,17,1540
3242,1997,1539,15,1554
3242,2001,1450,49,1499
3242,2005,1513,30,1543
3242,2009,1462,11,1473
3242,2013,1493,27,1520
3242,2017,1578,39,1617
3242,2021,1521,70,1591
3242,2025,1581,108,1689
3301,1993,43771,1356,45127
3301,1997,46561,520,47081
3301,2001,44427,1222,45649
3301,2005,46932,623,47555
3301,2009,48917,165,49082
3301,2013,51088,599,51687
3301,2017,51726,724,52450
3301,2021,49816,1758,51574
3301,2025,54247,2417,56664
3303,1993,12475,184,12659
3303,1997,13159,187,13346
3303,2001,12586,369,12955
3303,2005,13585,221,13806
3303,2009,13954,33,13987
3303,2013,14588,170,14758
3303,2017,15111,161,15272
3303,2021,14882,515,15397
3303,2025,16136,721,16857
3305,1993,15761,240,16001
3305,1997,16238,230,16468
3305,2001,15434,498,15932
3305,2005,16093,310,16403
3305,2009,16091,49,16140
3305,2013,16752,158,16910
3305,2017,16376,231,16607
3305,2021,16388,584,16972
3305,2025,17186,897,18083
3310,1993,2674,38,2712
3310,1997,2884,22,2906
3310,2001,2935,61,2996
3310,2005,3130,52,3182
3310,2009,3358,15,3373
3310,2013,3654,30,3684
3310,2017,3762,41,3803
3310,2021,3661,130,3791
3310,2025,3864,173,4037
3312,1993,11353,243,11596
3312,1997,12683,120,12803
3312,2001,11873,308,12181
3312,2005,12379,137,12516
3312,2009,12927,20,12947
3312,2013,13863,122,13985
3312,2017,14079,163,14242
3312,2021,14213,423,14636
3312,2025,15338,518,15856
3314,1993,8178,144,8322
3314,1997,8549,99,8648
3314,2001,8178,205,8383
3314,2005,8889,102,8991
3314,2009,8981,46,9027
3314,2013,9611,142,9753
3314,2017,9881,189,10070
3314,2021,10055,374,10429
3314,2025,11125,583,11708
3316,1993,6960,100,7060
3316,1997,7257,83,7340
3316,2001,6758,191,6949
3316,2005,7228,96,7324
3316,2009,7228,21,7249
3316,2013,7540,68,7608
3316,2017,7601,104,7705
3316,2021,7542,268,7810
3316,2025,7958,362,8320
3318,1993,1386,9,1395
3318,1997,1313,5,1318
3318,2001,1259,25,1284
3318,2005,1248,11,1259
3318,2009,1180,3,1183
3318,2013,1256,4,1260
3318,2017,1234,13,1247
3318,2021,1170,36,1206
3318,2025,1203,59,1262
3320,1993,720,4,724
3320,1997,718,4,722
3320,2001,624,14,638
3320,2005,635,7,642
3320,2009,585,2,587
3320,2013,590,9,599
3320,2017,598,4,602
3320,2021,577,14,591
3320,2025,601,31,632
3322,1993,2078,21,2099
3322,1997,2097,18,2115
3322,2001,1972,52,2024
3322,2005,1994,13,2007
3322,2009,1908,5,1913
3322,2013,1852,31,1883
3322,2017,1872,30,1902
3322,2021,1848,39,1887
3322,2025,1815,89,1904
3324,1993,2535,28,2563
3324,1997,2530,27,2557
3324,2001,2275,49,2324
3324,2005,2394,27,2421
3324,2009,2436,8,2444
3324,2013,2461,19,2480
3324,2017,2443,19,2462
3324,2021,2412,49,2461
3324,2025,2590,81,2671
3326,1993,1010,6,1016
3326,1997,1046,6,1052
3326,2001,1004,33,1037
3326,2005,1041,13,1054
3326,2009,1089,5,1094
3326,2013,1144,9,1153
3326,2017,1199,12,1211
3326,2021,1254,45,1299
3326,2025,1348,46,1394
3328,1993,2808,36,2844
3328,1997,2821,29,2850
3328,2001,2610,68,2678
3328,2005,2706,40,2746
3328,2009,2634,14,2648
3328,2013,2679,43,2722
3328,2017,2766,20,2786
3328,2021,2765,38,2803
3328,2025,2859,86,2945
3330,1993,2576,24,2600
3330,1997,2715,29,2744
3330,2001,2549,53,2602
3330,2005,2569,37,2606
3330,2009,2478,4,2482
3330,2013,2501,37,2538
3330,2017,2527,30,2557
3330,2021,2441,48,2489
3330,2025,2462,93,2555
3332,1993,2333,21,2354
3332,1997,2292,18,2310
3332,2001,2063,53,2116
3332,2005,2092,9,2101
3332,2009,2043,2,2045
3332,2013,2001,15,2016
3332,2017,1989,18,2007
3332,2021,1990,38,2028
3332,2025,2039,110,2149
3334,1993,1480,17,1497
3334,1997,1491,17,1508
3334,2001,1409,29,1438
3334,2005,1474,17,1491
3334,2009,1490,3,1493
3334,2013,1501,21,1522
3334,2017,1453,17,1470
3334,2021,1478,42,1520
3334,2025,1503,77,1580
3336,1993,933,6,939
3336,1997,910,11,921
3336,2001,835,44,879
3336,2005,841,15,856
3336,2009,814,5,819
3336,2013,818,18,836
3336,2017,848,10,858
3336,2021,839,20,859
3336,2025,828,36,864
3338,1993,1724,21,1745
3338,1997,1661,11,1672
3338,2001,1455,56,1511
3338,2005,1445,21,1466
3338,2009,1423,1,1424
3338,2013,1397,21,1418
3338,2017,1422,7,1429
3338,2021,1373,45,1418
3338,2025,1354,69,1423
3401,1993,9778,201,9979
3401,1997,10178,203,10381
3401,2001,9257,361,9618
3401,2005,9665,358,10023
3401,2009,9185,411,9596
3401,2013,9712,325,10037
3401,2017,9690,353,10043
3401,2021,9613,501,10114
3401,2025,9958,537,10495
3403,1993,15011,587,15598
3403,1997,16006,406,16412
3403,2001,14791,1168,15959
3403,2005,16436,591,17027
3403,2009,16764,355,17119
3403,2013,17565,392,17957
3403,2017,18078,344,18422
3403,2021,18222,506,18728
3403,2025,19703,764,20467
3405,1993,13518,265,13783
3405,1997,14473,392,14865
3405,2001,13931,568,14499
3405,2005,14655,278,14933
3405,2009,14966,125,15091
3405,2013,15722,256,15978
3405,2017,15988,248,16236
3405,2021,16105,399,16504
3405,2025,16830,648,17478
3407,1993,15498,287,15785
3407,1997,16321,274,16595
3407,2001,15134,590,15724
3407,2005,15951,328,16279
3407,2009,15846,342,16188
3407,2013,16452,409,16861
3407,2017,16636,252,16888
3407,2021,16451,414,16865
3407,2025,17162,662,17824
3411,1993,17662,514,18176
3411,1997,17937,363,18300
3411,2001,16185,1121,17306
3411,2005,17094,520,17614
3411,2009,17138,253,17391
3411,2013,18063,447,18510
3411,2017,18266,460,18726
3411,2021,18431,781,19212
3411,2025,19157,1127,20284
3412,1993,4089,112,4201
3412,1997,4190,97,4287
3412,2001,3835,287,4122
3412,2005,4119,111,4230
3412,2009,4045,76,4121
3412,2013,4353,83,4436
3412,2017,4390,90,4480
3412,2021,4368,153,4521
3412,2025,4366,286,4652
3413,1993,10388,241,10629
3413,1997,10564,197,10761
3413,2001,9553,752,10305
3413,2005,10449,354,10803
3413,2009,11005,189,11194
3413,2013,11400,311,11711
3413,2017,11976,220,12196
3413,2021,12139,322,12461
3413,2025,12202,652,12854
3414,1993,3297,49,3346
3414,1997,3265,61,3326
3414,2001,2917,149,3066
3414,2005,3092,72,3164
3414,2009,2956,41,2997
3414,2013,3085,48,3133
3414,2017,2933,75,3008
3414,2021,2862,142,3004
3414,2025,2860,174,3034
3415,1993,4572,60,4632
3415,1997,4493,74,4567
3415,2001,4123,187,4310
3415,2005,4444,113,4557
3415,2009,4400,125,4525
3415,2013,4430,135,4565
3415,2017,4445,103,4548
3415,2021,4320,210,4530
3415,2025,4554,311,4865
3416,1993,3612,50,3662
3416,1997,3702,46,3748
3416,2001,3344,142,3486
3416,2005,3631,71,3702
3416,2009,3354,74,3428
3416,2013,3427,113,3540
3416,2017,3437,117,3554
3416,2021,3322,164,3486
3416,2025,3405,210,3615
3417,1993,3495,56,3551
3417,1997,3298,62,3360
3417,2001,2974,143,3117
3417,2005,2993,64,3057
3417,2009,2755,54,2809
3417,2013,2785,58,2843
3417,2017,2722,72,2794
3417,2021,2604,114,2718
3417,2025,2490,178,2668
3418,1993,4878,103,4981
3418,1997,4949,101,5050
3418,2001,4376,226,4602
3418,2005,4353,179,4532
3418,2009,4115,107,4222
3418,2013,4213,115,4328
3418,2017,4128,121,4249
3418,2021,3937,222,4159
3418,2025,4040,232,4272
3419,1993,2562,62,2624
3419,1997,2525,54,2579
3419,2001,2291,111,2402
3419,2005,2223,122,2345
3419,2009,2150,98,2248
3419,2013,2115,80,2195
3419,2017,2155,63,2218
3419,2021,1970,144,2114
3419,2025,1891,217,2108
3420,1993,9791,302,10093
3420,1997,10273,260,10533
3420,2001,9526,671,10197
3420,2005,10464,368,10832
3420,2009,10760,209,10969
3420,2013,11590,159,11749
3420,2017,11755,234,11989
3420,2021,11853,433,12286
3420,2025,12151,724,12875
3421,1993,4394,87,4481
3421,1997,4241,81,4322
3421,2001,3827,216,4043
3421,2005,3811,142,3953
3421,2009,3644,59,3703
3421,2013,3729,80,3809
3421,2017,3842,60,3902
3421,2021,3788,93,3881
3421,2025,3616,163,3779
3422,1993,2516,79,2595
3422,1997,2461,86,2547
3422,2001,2237,227,2464
3422,2005,2380,103,2483
3422,2009,2271,56,2327
3422,2013,2385,72,2457
3422,2017,2449,54,2503
3422,2021,2400,105,2505
3422,2025,2277,118,2395
3423,1993,1916,44,1960
3423,1997,1837,40,1877
3423,2001,1566,121,1687
3423,2005,1613,50,1663
3423,2009,1551,31,1582
3423,2013,1520,28,1548
3423,2017,1468,21,1489
3423,2021,1334,59,1393
3423,2025,1232,80,1312
3424,1993,1660,32,1692
3424,1997,1581,26,1607
3424,2001,1389,77,1466
3424,2005,1329,49,1378
3424,2009,1259,23,1282
3424,2013,1250,15,1265
3424,2017,1181,11,1192
3424,2021,1116,31,1147
3424,2025,1105,58,1163
3425,1993,1043,8,1051
3425,1997,990,9,999
3425,2001,871,61,932
3425,2005,860,39,899
3425,2009,811,18,829
3425,2013,815,6,821
3425,2017,820,6,826
3425,2021,843,14,857
3425,2025,791,32,823
3426,1993,1117,22,1139
3426,1997,1066,22,1088
3426,2001,961,46,1007
3426,2005,1008,30,1038
3426,2009,989,5,994
3426,2013,980,6,986
3426,2017,975,10,985
3426,2021,938,9,947
3426,2025,883,29,912
3427,1993,3221,44,3265
3427,1997,3155,48,3203
3427,2001,2864,144,3008
3427,2005,2998,109,3107
3427,2009,3006,50,3056
3427,2013,3157,54,3211
3427,2017,3233,49,3282
3427,2021,3298,92,3390
3427,2025,3225,117,3342
3428,1993,1507,23,1530
3428,1997,1420,18,1438
3428,2001,1292,51,1343
3428,2005,1317,22,1339
3428,2009,1297,6,1303
3428,2013,1359,9,1368
3428,2017,1427,13,1440
3428,2021,1433,18,1451
3428,2025,1388,44,1432
3429,1993,1247,16,1263
3429,1997,1197,23,1220
3429,2001,1006,53,1059
3429,2005,1030,25,1055
3429,2009,1033,15,1048
3429,2013,1019,18,1037
3429,2017,1029,14,1043
3429,2021,1036,16,1052
3429,2025,986,42,1028
3430,1993,1254,16,1270
3430,1997,1209,35,1244
3430,2001,1128,54,1182
3430,2005,1175,29,1204
3430,2009,1140,8,1148
3430,2013,1207,10,1217
3430,2017,1184,7,1191
3430,2021,1160,15,1175
3430,2025,1169,33,1202
3431,1993,1841,19,1860
3431,1997,1761,15,1776
3431,2001,1556,35,1591
3431,2005,1637,29,1666
3431,2009,1529,8,1537
3431,2013,1524,14,1538
3431,2017,1473,19,1492
3431,2021,1460,32,1492
3431,2025,1416,61,1477
3432,1993,1419,10,1429
3432,1997,1354,14,1368
3432,2001,1210,40,1250
3432,2005,1288,17,1305
3432,2009,1221,9,1230
3432,2013,1217,16,1233
3432,2017,1153,12,1165
3432,2021,1189,16,1205
3432,2025,1145,39,1184
3433,1993,1468,19,1487
3433,1997,1326,18,1344
3433,2001,1152,72,1224
3433,2005,1322,23,1345
3433,2009,1273,18,1291
3433,2013,1254,21,1275
3433,2017,1309,19,1328
3433,2021,1324,40,1364
3433,2025,1293,63,1356
3434,1993,1487,19,1506
3434,1997,1478,17,1495
3434,2001,1302,40,1342
3434,2005,1344,12,1356
3434,2009,1280,6,1286
3434,2013,1325,13,1338
3434,2017,1314,17,1331
3434,2021,1307,27,1334
3434,2025,1363,34,1397
3435,1993,2391,25,2416
3435,1997,2266,32,2298
3435,2001,2087,72,2159
3435,2005,2243,22,2265
3435,2009,2102,13,2115
3435,2013,2115,30,2145
3435,2017,2116,35,2151
3435,2021,2086,55,2141
3435,2025,2020,68,2088
3436,1993,3664,51,3715
3436,1997,3565,36,3601
3436,2001,3214,89,3303
3436,2005,3217,28,3245
3436,2009,3211,16,3227
3436,2013,3237,32,3269
3436,2017,3220,38,3258
3436,2021,3093,70,3163
3436,2025,3222,131,3353
3437,1993,3629,46,3675
3437,1997,3554,47,3601
3437,2001,3324,103,3427
3437,2005,3436,55,3491
3437,2009,3253,32,3285
3437,2013,3245,46,3291
3437,2017,3341,39,3380
3437,2021,3073,82,3155
3437,2025,3100,121,3221
3438,1993,2042,17,2059
3438,1997,2004,15,2019
3438,2001,1813,56,1869
3438,2005,1893,20,1913
3438,2009,1776,6,1782
3438,2013,1753,18,1771
3438,2017,1758,12,1770
3438,2021,1682,33,1715
3438,2025,1723,69,1792
3439,1993,3013,36,3049
3439,1997,2865,34,2899
3439,2001,2550,72,2622
3439,2005,2566,33,2599
3439,2009,2385,17,2402
3439,2013,2459,30,2489
3439,2017,2476,29,2505
3439,2021,2445,64,2509
3439,2025,2334,72,2406
3440,1993,2718,34,2752
3440,1997,2736,32,2768
3440,2001,2507,86,2593
3440,2005,2707,41,2748
3440,2009,2640,15,2655
3440,2013,2768,31,2799
3440,2017,2933,34,2967
3440,2021,2792,58,2850
3440,2025,2821,95,2916
3441,1993,3741,44,3785
3441,1997,3681,59,3740
3441,2001,3388,105,3493
3441,2005,3543,42,3585
3441,2009,3324,20,3344
3441,2013,3442,45,3487
3441,2017,3606,33,3639
3441,2021,3456,61,3517
3441,2025,3526,129,3655
3442,1993,8467,82,8549
3442,1997,8377,136,8513
3442,2001,7783,318,8101
3442,2005,8376,156,8532
3442,2009,8138,158,8296
3442,2013,8120,264,8384
3442,2017,8457,136,8593
3442,2021,8185,221,8406
3442,2025,8280,413,8693
3443,1993,7793,96,7889
3443,1997,8038,120,8158
3443,2001,7391,203,7594
3443,2005,7331,150,7481
3443,2009,7178,79,7257
3443,2013,7389,119,7508
3443,2017,7417,131,7548
3443,2021,7363,229,7592
3443,2025,7505,419,7924
3446,1993,7730,103,7833
3446,1997,7704,109,7813
3446,2001,7307,253,7560
3446,2005,7691,104,7795
3446,2009,7604,56,7660
3446,2013,7855,120,7975
3446,2017,7806,125,7931
3446,2021,7744,225,7969
3446,2025,8000,379,8379
3447,1993,3779,58,3837
3447,1997,3628,68,3696
3447,2001,3285,112,3397
3447,2005,3318,28,3346
3447,2009,3164,21,3185
3447,2013,3128,28,3156
3447,2017,3197,52,3249
3447,2021,3038,88,3126
3447,2025,3006,186,3192
3448,1993,4044,47,4091
3448,1997,4107,38,4145
3448,2001,3761,110,3871
3448,2005,3835,64,3899
3448,2009,3717,25,3742
3448,2013,3690,50,3740
3448,2017,3705,42,3747
3448,2021,3678,77,3755
3448,2025,3640,205,3845
3449,1993,2043,27,2070
3449,1997,2031,24,2055
3449,2001,1851,35,1886
3449,2005,1875,15,1890
3449,2009,1809,10,1819
3449,2013,1784,18,1802
3449,2017,1735,19,1754
3449,2021,1676,43,1719
3449,2025,1674,77,1751
3450,1993,960,9,969
3450,1997,867,9,876
3450,2001,773,21,794
3450,2005,763,11,774
3450,2009,820,4,824
3450,2013,740,5,745
3450,2017,771,5,776
3450,2021,715,20,735
3450,2025,732,35,767
3451,1993,3761,97,3858
3451,1997,3881,50,3931
3451,2001,3414,85,3499
3451,2005,3576,44,3620
3451,2009,3530,17,3547
3451,2013,3553,50,3603
3451,2017,3572,55,3627
3451,2021,3478,105,3583
3451,2025,3558,160,3718
3452,1993,1398,41,1439
3452,1997,1388,15,1403
3452,2001,1262,42,1304
3452,2005,1304,12,1316
3452,2009,1186,8,1194
3452,2013,1276,14,1290
3452,2017,1234,17,1251
3452,2021,1202,41,1243
3452,2025,1243,62,1305
3453,1993,1775,22,1797
3453,1997,1761,32,1793
3453,2001,1617,47,1664
3453,2005,1727,30,1757
3453,2009,1708,7,1715
3453,2013,1664,22,1686
3453,2017,1768,6,1774
3453,2021,1774,59,1833
3453,2025,1779,89,1868
3454,1993,942,12,954
3454,1997,960,13,973
3454,2001,855,25,880
3454,2005,904,11,915
3454,2009,855,4,859
3454,2013,894,5,899
3454,2017,890,6,896
3454,2021,875,11,886
3454,2025,861,48,909
3901,1993,13062,246,13308
3901,1997,13480,313,13793
3901,2001,13206,935,14141
3901,2005,14079,311,14390
3901,2009,14338,102,14440
3901,2013,14981,221,15202
3901,2017,15163,173,15336
3901,2021,14910,506,15416
3901,2025,15933,667,16600
3903,1993,15064,264,15328
3903,1997,15945,207,16152
3903,2001,15355,567,15922
3903,2005,16609,246,16855
3903,2009,16915,105,17020
3903,2013,17822,241,18063
3903,2017,18510,289,18799
3903,2021,13360,527,13887
3903,2025,14882,690,15572
3905,1993,18751,534,19285
3905,1997,20452,284,20736
3905,2001,20032,712,20744
3905,2005,21479,522,22001
3905,2009,22385,125,22510
3905,2013,23726,322,24048
3905,2017,25537,358,25895
3905,2021,31929,989,32918
3905,2025,34377,1502,35879
3907,1993,28931,468,29399
3907,1997,30098,423,30521
3907,2001,27926,2586,30512
3907,2005,31622,609,32231
3907,2009,32341,353,32694
3907,2013,33864,792,34656
3907,2017,33385,604,33989
3907,2021,32986,1398,34384
3907,2025,35887,1611,37498
3909,1993,23677,298,23975
3909,1997,24864,303,25167
3909,2001,23772,1061,24833
3909,2005,25343,324,25667
3909,2009,25580,156,25736
3909,2013,26223,378,26601
3909,2017,26062,397,26459
3909,2021,25483,850,26333
3909,2025,27458,1240,28698
3911,1993,12709,375,13084
3911,1997,13770,250,14020
3911,2001,13681,494,14175
3911,2005,14187,384,14571
3911,2009,14803,94,14897
3911,2013,15621,192,15813
3911,2017,15644,192,15836
3911,2021,15612,487,16099
3911,2025,16371,688,17059
4001,1993,17866,541,18407
4001,1997,18889,514,19403
4001,2001,17989,639,18628
4001,2005,18743,418,19161
4001,2009,19450,136,19586
4001,2013,20196,247,20443
4001,2017,19987,323,20310
4001,2021,19478,938,20416
4001,2025,20818,1166,21984
4003,1993,26160,989,27149
4003,1997,27959,943,28902
4003,2001,26231,806,27037
4003,2005,28010,480,28490
4003,2009,28032,208,28240
4003,2013,29474,485,29959
4003,2017,29459,437,29896
4003,2021,28757,1230,29987
4003,2025,30780,1645,32425
4005,1993,7189,153,7342
4005,1997,7215,208,7423
4005,2001,6823,227,7050
4005,2005,7222,165,7387
4005,2009,6914,56,6970
4005,2013,6930,158,7088
4005,2017,6915,98,7013
4005,2021,6956,267,7223
4005,2025,7293,383,7676
4010,1993,1301,20,1321
4010,1997,1319,24,1343
4010,2001,1247,49,1296
4010,2005,1326,27,1353
4010,2009,1371,19,1390
4010,2013,1413,34,1447
4010,2017,1379,22,1401
4010,2021,1337,58,1395
4010,2025,1380,89,1469
4012,1993,7406,192,7598
4012,1997,7851,180,8031
4012,2001,7553,276,7829
4012,2005,7987,153,8140
4012,2009,8063,42,8105
4012,2013,8184,133,8317
4012,2017,8013,117,8130
4012,2021,7616,368,7984
4012,2025,8218,423,8641
4014,1993,5822,333,6155
4014,1997,6109,233,6342
4014,2001,5851,228,6079
4014,2005,6014,162,6176
4014,2009,6107,52,6159
4014,2013,6212,99,6311
4014,2017,6053,67,6120
4014,2021,5765,214,5979
4014,2025,5994,249,6243
4016,1993,2546,50,2596
4016,1997,2547,41,2588
4016,2001,2360,74,2434
4016,2005,2421,24,2445
4016,2009,2345,14,2359
4016,2013,2312,56,2368
4016,2017,2304,46,2350
4016,2021,2257,59,2316
4016,2025,2282,101,2383
4018,1993,3886,49,3935
4018,1997,3904,66,3970
4018,2001,3684,87,3771
4018,2005,3750,47,3797
4018,2009,3709,15,3724
4018,2013,3802,60,3862
4018,2017,3669,39,3708
4018,2021,3473,141,3614
4018,2025,3534,213,3747
4020,1993,5197,81,5278
4020,1997,5286,122,5408
4020,2001,5098,111,5209
4020,2005,5248,75,5323
4020,2009,5427,26,5453
4020,2013,5475,82,5557
4020,2017,5580,70,5650
4020,2021,5341,194,5535
4020,2025,5879,279,6158
4022,1993,1666,27,1693
4022,1997,1760,24,1784
4022,2001,1674,42,1716
4022,2005,1596,30,1626
4022,2009,1638,7,1645
4022,2013,1668,46,1714
4022,2017,1632,24,1656
4022,2021,1598,61,1659
4022,2025,1587,90,1677
4024,1993,1046,17,1063
4024,1997,1034,20,1054
4024,2001,897,30,927
4024,2005,950,15,965
4024,2009,933,6,939
4024,2013,924,11,935
4024,2017,939,11,950
4024,2021,922,31,953
4024,2025,907,49,956
4026,1993,4106,66,4172
4026,1997,4031,76,4107
4026,2001,3574,93,3667
4026,2005,3603,42,3645
4026,2009,3329,33,3362
4026,2013,3369,19,3388
4026,2017,3236,45,3281
4026,2021,3154,102,3256
4026,2025,3135,132,3267
4028,1993,1585,19,1604
4028,1997,1590,14,1604
4028,2001,1406,38,1444
4028,2005,1383,27,1410
4028,2009,1383,9,1392
4028,2013,1381,18,1399
4028,2017,1333,9,1342
4028,2021,1410,48,1458
4028,2025,1359,69,1428
4030,1993,866,8,874
4030,1997,893,9,902
4030,2001,843,14,857
4030,2005,823,13,836
4030,2009,846,4,850
4030,2013,843,14,857
4030,2017,849,12,861
4030,2021,830,26,856
4030,2025,843,40,883
4032,1993,790,6,796
4032,1997,778,13,791
4032,2001,710,28,738
4032,2005,745,13,758
4032,2009,700,7,707
4032,2013,711,4,715
4032,2017,734,9,743
4032,2021,711,30,741
4032,2025,700,41,741
4034,1993,1603,20,1623
4034,1997,1592,21,1613
4034,2001,1394,32,1426
4034,2005,1420,12,1432
4034,2009,1390,7,1397
4034,2013,1364,16,1380
4034,2017,1321,18,1339
4034,2021,1271,37,1308
4034,2025,1273,63,1336
4036,1993,2307,13,2320
4036,1997,2226,23,2249
4036,2001,1984,45,2029
4036,2005,2022,25,2047
4036,2009,1976,11,1987
4036,2013,2124,14,2138
4036,2017,2092,25,2117
4036,2021,2164,66,2230
4036,2025,2123,135,2258
4201,1993,3773,133,3906
4201,1997,4024,86,4110
4201,2001,3860,145,4005
4201,2005,3827,137,3964
4201,2009,3967,28,3995
4201,2013,3909,70,3979
4201,2017,3960,55,4015
4201,2021,3796,133,3929
4201,2025,3924,137,4061
4202,1993,8358,284,8642
4202,1997,9447,90,9537
4202,2001,9352,263,9615
4202,2005,10197,177,10374
4202,2009,10698,73,10771
4202,2013,11320,269,11589
4202,2017,12028,278,12306
4202,2021,12220,523,12743
4202,2025,13781,625,14406
4203,1993,20490,936,21426
4203,1997,22259,281,22540
4203,2001,20929,658,21587
4203,2005,22125,549,22674
4203,2009,22762,249,23011
4203,2013,23771,616,24387
4203,2017,24107,692,24799
4203,2021,23993,1025,25018
4203,2025,26149,1127,27276
4204,1993,42173,2677,44850
4204,1997,46995,956,47951
4204,2001,45013,2768,47781
4204,2005,49904,1223,51127
4204,2009,51544,686,52230
4204,2013,54348,2080,56428
4204,2017,57207,1663,58870
4204,2021,58745,3429,62174
4204,2025,66571,2840,69411
4205,1993,11396,439,11835
4205,1997,11993,192,12185
4205,2001,11409,479,11888
4205,2005,12170,194,12364
4205,2009,12647,95,12742
4205,2013,12750,546,13296
4205,2017,13298,342,13640
4205,2021,12285,631,12916
4205,2025,13021,672,13693
4206,1993,3989,265,4254
4206,1997,5137,62,5199
4206,2001,4809,279,5088
4206,2005,5202,100,5302
4206,2009,5200,50,5250
4206,2013,5020,182,5202
4206,2017,5245,128,5373
4206,2021,5237,281,5518
4206,2025,5563,268,5831
4207,1993,4883,109,4992
4207,1997,5013,49,5062
4207,2001,4527,315,4842
4207,2005,4902,102,5004
4207,2009,4899,39,4938
4207,2013,4948,131,5079
4207,2017,4771,98,4869
4207,2021,4758,167,4925
4207,2025,5120,189,5309
4211,1993,1410,26,1436
4211,1997,1450,9,1459
4211,2001,1316,35,1351
4211,2005,1366,29,1395
4211,2009,1357,10,1367
4211,2013,1383,35,1418
4211,2017,1392,23,1415
4211,2021,1317,42,1359
4211,2025,1403,55,1458
4212,1993,1162,27,1189
4212,1997,1142,7,1149
4212,2001,1083,15,1098
4212,2005,1109,20,1129
4212,2009,1157,6,1163
4212,2013,1174,24,1198
4212,2017,1205,12,1217
4212,2021,1256,40,1296
4212,2025,1258,74,1332
4213,1993,3277,85,3362
4213,1997,3421,41,3462
4213,2001,3198,76,3274
4213,2005,3311,88,3399
4213,2009,3342,25,3367
4213,2013,3401,67,3468
4213,2017,3393,65,3458
4213,2021,3361,122,3483
4213,2025,3672,168,3840
4214,1993,2288,46,2334
4214,1997,2403,21,2424
4214,2001,2339,56,2395
4214,2005,2494,49,2543
4214,2009,2565,17,2582
4214,2013,2769,121,2890
4214,2017,2970,111,3081
4214,2021,3032,216,3248
4214,2025,3303,292,3595
4215,1993,4583,180,4763
4215,1997,4868,77,4945
4215,2001,4777,158,4935
4215,2005,5170,82,5252
4215,2009,5371,30,5401
4215,2013,5686,126,5812
4215,2017,5981,166,6147
4215,2021,6051,304,6355
4215,2025,6624,319,6943
4216,1993,2267,59,2326
4216,1997,2406,15,2421
4216,2001,2297,83,2380
4216,2005,2345,49,2394
4216,2009,2462,18,2480
4216,2013,2507,66,2573
4216,2017,2639,51,2690
4216,2021,2638,150,2788
4216,2025,2853,173,3026
4217,1993,1112,23,1135
4217,1997,1103,10,1113
4217,2001,1032,30,1062
4217,2005,1022,14,1036
4217,2009,1024,7,1031
4217,2013,984,35,1019
4217,2017,1032,25,1057
4217,2021,975,38,1013
4217,2025,960,76,1036
4218,1993,604,14,618
4218,1997,635,2,637
4218,2001,601,37,638
4218,2005,650,16,666
4218,2009,691,3,694
4218,2013,723,34,757
4218,2017,727,20,747
4218,2021,678,50,728
4218,2025,712,74,786
4219,1993,1868,45,1913
4219,1997,1881,9,1890
4219,2001,1651,74,1725
4219,2005,1831,32,1863
4219,2009,1840,12,1852
4219,2013,1825,58,1883
4219,2017,1890,41,1931
4219,2021,1888,83,1971
4219,2025,2043,115,2158
4220,1993,762,20,782
4220,1997,763,8,771
4220,2001,682,28,710
4220,2005,739,10,749
4220,2009,692,9,701
4220,2013,714,26,740
4220,2017,708,22,730
4220,2021,668,30,698
4220,2025,671,48,719
4221,1993,865,13,878
4221,1997,797,5,802
4221,2001,756,23,779
4221,2005,701,19,720
4221,2009,678,8,686
4221,2013,662,32,694
4221,2017,642,12,654
4221,2021,678,16,694
4221,2025,698,41,739
4222,1993,429,9,438
4222,1997,453,0,453
4222,2001,409,11,420
4222,2005,440,13,453
4222,2009,469,5,474
4222,2013,482,11,493
4222,2017,519,10,529
4222,2021,497,15,512
4222,2025,553,30,583
4223,1993,6325,360,6685
4223,1997,6858,83,6941
4223,2001,6297,350,6647
4223,2005,6867,130,6997
4223,2009,7079,114,7193
4223,2013,7286,447,7733
4223,2017,7585,281,7866
4223,2021,7610,446,8056
4223,2025,8415,555,8970
4224,1993,524,17,541
4224,1997,501,7,508
4224,2001,482,23,505
4224,2005,480,7,487
4224,2009,465,7,472
4224,2013,467,20,487
4224,2017,516,10,526
4224,2021,528,24,552
4224,2025,514,34,548
4225,1993,3410,132,3542
4225,1997,3815,35,3850
4225,2001,3629,150,3779
4225,2005,3861,48,3909
4225,2009,4084,21,4105
4225,2013,4071,177,4248
4225,2017,4365,91,4456
4225,2021,5388,266,5654
4225,2025,5755,312,6067
4226,1993,918,21,939
4226,1997,954,7,961
4226,2001,879,40,919
4226,2005,896,13,909
4226,2009,918,11,929
4226,2013,886,94,980
4226,2017,971,36,1007
4226,2021,971,48,1019
4226,2025,1012,66,1078
4227,1993,3068,110,3178
4227,1997,3128,45,3173
4227,2001,2859,162,3021
4227,2005,3077,62,3139
4227,2009,3041,25,3066
4227,2013,3076,98,3174
4227,2017,3272,61,3333
4227,2021,3138,192,3330
4227,2025,3312,208,3520
4228,1993,1049,10,1059
4228,1997,1073,10,1083
4228,2001,975,32,1007
4228,2005,964,17,981
4228,2009,988,4,992
4228,2013,983,30,1013
4228,2017,1001,14,1015
4228,2021,956,48,1004
4228,2025,1053,51,1104
4601,1993,117916,8105,126021
4601,1997,125192,7790,132982
4601,2001,123555,10557,134112
4601,2005,132722,8379,141101
4601,2009,144766,874,145640
4601,2013,153551,2258,155809
4601,2017,160029,2411,162440
4601,2021,159022,5298,164320
4601,2025,170374,6584,176958
4602,1993,8701,103,8804
4602,1997,9515,98,9613
4602,2001,9112,317,9429
4602,2005,9414,190,9604
4602,2009,9122,22,9144
4602,2013,9431,137,9568
4602,2017,9545,96,9641
4602,2021,9055,272,9327
4602,2025,9270,356,9626
4611,1993,2275,46,2321
4611,1997,2293,49,2342
4611,2001,2076,128,2204
4611,2005,2090,58,2148
4611,2009,2055,27,2082
4611,2013,2197,40,2237
4611,2017,2248,26,2274
4611,2021,2209,75,2284
4611,2025,2258,102,2360
4612,1993,2510,89,2599
4612,1997,2666,47,2713
4612,2001,2550,146,2696
4612,2005,2580,151,2731
4612,2009,2707,53,2760
4612,2013,2848,96,2944
4612,2017,3045,69,3114
4612,2021,3037,181,3218
4612,2025,3217,191,3408
4613,1993,5349,138,5487
4613,1997,5918,129,6047
4613,2001,5371,672,6043
4613,2005,5752,260,6012
4613,2009,6033,81,6114
4613,2013,6200,259,6459
4613,2017,6496,208,6704
4613,2021,6444,387,6831
4613,2025,6948,375,7323
4614,1993,8183,212,8395
4614,1997,8640,279,8919
4614,2001,8153,539,8692
4614,2005,8850,400,9250
4614,2009,9322,62,9384
4614,2013,9753,276,10029
4614,2017,10277,188,10465
4614,2021,10156,474,10630
4614,2025,10561,484,11045
4615,1993,1756,51,1807
4615,1997,1791,30,1821
4615,2001,1685,110,1795
4615,2005,1687,71,1758
4615,2009,1690,17,1707
4615,2013,1688,66,1754
4615,2017,1830,36,1866
4615,2021,1766,82,1848
4615,2025,1928,93,2021
4616,1993,1607,34,1641
4616,1997,1648,56,1704
4616,2001,1532,103,1635
4616,2005,1597,59,1656
4616,2009,1617,8,1625
4616,2013,1589,30,1619
4616,2017,1662,15,1677
4616,2021,1691,58,1749
4616,2025,1752,93,1845
4617,1993,6994,159,7153
4617,1997,7245,199,7444
4617,2001,6904,419,7323
4617,2005,7119,325,7444
4617,2009,7307,50,7357
4617,2013,7161,141,7302
4617,2017,7132,121,7253
4617,2021,7103,295,7398
4617,2025,7440,401,7841
4618,1993,7534,281,7815
4618,1997,7250,400,7650
4618,2001,6645,531,7176
4618,2005,6659,447,7106
4618,2009,6566,42,6608
4618,2013,6506,137,6643
4618,2017,6493,103,6596
4618,2021,6313,179,6492
4618,2025,6205,244,6449
4619,1993,602,8,610
4619,1997,550,20,570
4619,2001,509,30,539
4619,2005,528,13,541
4619,2009,544,4,548
4619,2013,544,14,558
4619,2017,564,5,569
4619,2021,518,15,533
4619,2025,529,24,553
4620,1993,767,15,782
4620,1997,700,33,733
4620,2001,645,39,684
4620,2005,638,30,668
4620,2009,646,7,653
4620,2013,636,9,645
4620,2017,648,11,659
4620,2021,621,13,634
4620,2025,615,23,638
4621,1993,8507,246,8753
4621,1997,8463,338,8801
4621,2001,7962,501,8463
4621,2005,8391,370,8761
4621,2009,8417,41,8458
4621,2013,8641,94,8735
4621,2017,8952,82,9034
4621,2021,8923,250,9173
4621,2025,9044,569,9613
4622,1993,4827,104,4931
4622,1997,4989,143,5132
4622,2001,4611,323,4934
4622,2005,4782,180,4962
4622,2009,4816,33,4849
4622,2013,4877,99,4976
4622,2017,4825,83,4908
4622,2021,4860,189,5049
4622,2025,4961,238,5199
4623,1993,1378,23,1401
4623,1997,1347,40,1387
4623,2001,1316,77,1393
4623,2005,1372,43,1415
4623,2009,1376,12,1388
4623,2013,1440,47,1487
4623,2017,1421,28,1449
4623,2021,1425,71,1496
4623,2025,1424,80,1504
4624,1993,9161,278,9439
4624,1997,9845,296,10141
4624,2001,9590,496,10086
4624,2005,10603,348,10951
4624,2009,11181,58,11239
4624,2013,12300,174,12474
4624,2017,13256,159,13415
4624,2021,13549,451,14000
4624,2025,14603,853,15456
4625,1993,2172,111,2283
4625,1997,2420,55,2475
4625,2001,2292,160,2452
4625,2005,2351,93,2444
4625,2009,2520,24,2544
4625,2013,2678,49,2727
4625,2017,2799,40,2839
4625,2021,2809,84,2893
4625,2025,2959,132,3091
4626,1993,12205,560,12765
4626,1997,14354,370,14724
4626,2001,14197,908,15105
4626,2005,15854,512,16366
4626,2009,17207,107,17314
4626,2013,18753,416,19169
4626,2017,20496,340,20836
4626,2021,20368,1136,21504
4626,2025,22289,1201,23490
4627,1993,9664,562,10226
4627,1997,10707,333,11040
4627,2001,10845,610,11455
4627,2005,12062,478,12540
4627,2009,13247,76,13323
4627,2013,14836,253,15089
4627,2017,15707,242,15949
4627,2021,15461,690,16151
4627,2025,16766,875,17641
4628,1993,2608,81,2689
4628,1997,2559,94,2653
4628,2001,2373,155,2528
4628,2005,2415,103,2518
4628,2009,2337,26,2363
4628,2013,2381,41,2422
4628,2017,2305,38,2343
4628,2021,2216,97,2313
4628,2025,2233,119,2352
4629,1993,179,1,180
4629,1997,169,10,179
4629,2001,149,21,170
4629,2005,182,12,194
4629,2009,197,3,200
4629,2013,188,2,190
4629,2017,207,5,212
4629,2021,196,12,208
4629,2025,208,12,220
4630,1993,3877,121,3998
4630,1997,4023,118,4141
4630,2001,3858,234,4092
4630,2005,4005,155,4160
4630,2009,4171,37,4208
4630,2013,4437,94,4531
4630,2017,4551,84,4635
4630,2021,4508,175,4683
4630,2025,4591,248,4839
4631,1993,11470,413,11883
4631,1997,12709,346,13055
4631,2001,12299,725,13024
4631,2005,13352,498,13850
4631,2009,14091,104,14195
4631,2013,15277,301,15578
4631,2017,16022,292,16314
4631,2021,16283,718,17001
4631,2025,16959,917,17876
4632,1993,1444,27,1471
4632,1997,1511,40,1551
4632,2001,1424,78,1502
4632,2005,1459,49,1508
4632,2009,1507,13,1520
4632,2013,1591,33,1624
4632,2017,1603,20,1623
4632,2021,1610,57,1667
4632,2025,1656,65,1721
4633,1993,461,10,471
4633,1997,407,24,431
4633,2001,376,62,438
4633,2005,363,51,414
4633,2009,365,8,373
4633,2013,361,14,375
4633,2017,346,19,365
4633,2021,341,15,356
4633,2025,317,23,340
4634,1993,1095,27,1122
4634,1997,1057,19,1076
4634,2001,1002,57,1059
4634,2005,1002,30,1032
4634,2009,1006,2,1008
4634,2013,1041,16,1057
4634,2017,1044,14,1058
4634,2021,1009,32,1041
4634,2025,1003,48,1051
4635,1993,1444,12,1456
4635,1997,1449,8,1457
4635,2001,1383,85,1468
4635,2005,1400,32,1432
4635,2009,1371,1,1372
4635,2013,1385,14,1399
4635,2017,1366,6,1372
4635,2021,1319,30,1349
4635,2025,1310,69,1379
4636,1993,589,4,593
4636,1997,564,7,571
4636,2001,435,74,509
4636,2005,439,30,469
4636,2009,466,2,468
4636,2013,480,9,489
4636,2017,448,4,452
4636,2021,423,12,435
4636,2025,442,23,465
4637,1993,986,8,994
4637,1997,953,5,958
4637,2001,808,57,865
4637,2005,813,11,824
4637,2009,756,2,758
4637,2013,770,21,791
4637,2017,793,4,797
4637,2021,769,25,794
4637,2025,729,31,760
4638,1993,2731,34,2765
4638,1997,2759,58,2817
4638,2001,2509,120,2629
4638,2005,2520,79,2599
4638,2009,2342,9,2351
4638,2013,2335,27,2362
4638,2017,2373,19,2392
4638,2021,2325,85,2410
4638,2025,2223,103,2326
4639,1993,1887,14,1901
4639,1997,1813,11,1824
4639,2001,1662,35,1697
4639,2005,1646,22,1668
4639,2009,1559,5,1564
4639,2013,1532,18,1550
4639,2017,1519,6,1525
4639,2021,1463,20,1483
4639,2025,1437,50,1487
4640,1993,4344,60,4404
4640,1997,4680,61,4741
4640,2001,4415,122,4537
4640,2005,4493,58,4551
4640,2009,4633,2,4635
4640,2013,4983,62,5045
4640,2017,5294,26,5320
4640,2021,6797,109,6906
4640,2025,7069,165,7234
4641,1993,1090,8,1098
4641,1997,1078,11,1089
4641,2001,993,24,1017
4641,2005,1003,7,1010
4641,2009,969,0,969
4641,2013,982,6,988
4641,2017,1021,6,1027
4641,2021,998,18,1016
4641,2025,956,39,995
4642,1993,2609,28,2637
4642,1997,2673,23,2696
4642,2001,2528,53,2581
4642,2005,2594,24,2618
4642,2009,2552,1,2553
4642,2013,2649,17,2666
4642,2017,2700,10,2710
4642,2021,1233,19,1252
4642,2025,1278,36,1314
4643,1993,3662,23,3685
4643,1997,3593,21,3614
4643,2001,3312,96,3408
4643,2005,3425,22,3447
4643,2009,3215,2,3217
4643,2013,3144,22,3166
4643,2017,3169,28,3197
4643,2021,3103,52,3155
4643,2025,3051,81,3132
4644,1993,2938,20,2958
4644,1997,2969,20,2989
4644,2001,2717,72,2789
4644,2005,2830,38,2868
4644,2009,2839,1,2840
4644,2013,2941,42,2983
4644,2017,3080,26,3106
4644,2021,3065,56,3121
4644,2025,3185,88,3273
4645,1993,1943,26,1969
4645,1997,1909,20,1929
4645,2001,1608,246,1854
4645,2005,1715,115,1830
4645,2009,1706,17,1723
4645,2013,1743,41,1784
4645,2017,1826,28,1854
4645,2021,1725,52,1777
4645,2025,1656,71,1727
4646,1993,3432,31,3463
4646,1997,3366,35,3401
4646,2001,3039,171,3210
4646,2005,3098,69,3167
4646,2009,3053,15,3068
4646,2013,3225,49,3274
4646,2017,3245,23,3268
4646,2021,1514,32,1546
4646,2025,1528,55,1583
4647,1993,8272,92,8364
4647,1997,8671,113,8784
4647,2001,8631,269,8900
4647,2005,9103,165,9268
4647,2009,9577,17,9594
4647,2013,10155,131,10286
4647,2017,10446,98,10544
4647,2021,12411,298,12709
4647,2025,12940,475,13415
4648,1993,2522,14,2536
4648,1997,2500,8,2508
4648,2001,2301,76,2377
4648,2005,2230,31,2261
4648,2009,2111,4,2115
4648,2013,2089,32,2121
4648,2017,2054,19,2073
4648,2021,1955,63,2018
4648,2025,1954,61,2015
4649,1993,4913,90,5003
4649,1997,5193,31,5224
4649,2001,4729,172,4901
4649,2005,4820,64,4884
4649,2009,4803,10,4813
4649,2013,4876,73,4949
4649,2017,5022,34,5056
4649,2021,5313,143,5456
4649,2025,5525,165,5690
4650,1993,4360,54,4414
4650,1997,4284,30,4314
4650,2001,4022,97,4119
4650,2005,4111,68,4179
4650,2009,4030,5,4035
4650,2013,4125,59,4184
4650,2017,4163,34,4197
4650,2021,3408,97,3505
4650,2025,3497,110,3607
4651,1993,3737,24,3761
4651,1997,3884,20,3904
4651,2001,3541,120,3661
4651,2005,3584,56,3640
4651,2009,3456,9,3465
4651,2013,3529,38,3567
4651,2017,3561,40,3601
4651,2021,3714,109,3823
4651,2025,3764,143,3907
5001,1993,80920,2729,83649
5001,1997,84443,4178,88621
5001,2001,83462,5009,88471
5001,2005,90674,2900,93574
5001,2009,98986,1019,100005
5001,2013,106678,2249,108927
5001,2017,110839,3366,114205
5001,2021,115383,4490,119873
5001,2025,126416,4851,131267
5006,1993,14641,215,14856
5006,1997,14498,229,14727
5006,2001,13620,416,14036
5006,2005,14288,144,14432
5006,2009,14111,38,14149
5006,2013,14722,86,14808
5006,2017,14835,245,15080
5006,2021,13357,435,13792
5006,2025,13526,611,14137
5007,1993,7212,106,7318
5007,1997,7260,132,7392
5007,2001,6815,267,7082
5007,2005,7196,73,7269
5007,2009,7184,17,7201
5007,2013,7407,83,7490
5007,2017,7419,124,7543
5007,2021,8220,279,8499
5007,2025,8524,356,8880
5014,1993,2180,39,2219
5014,1997,2262,52,2314
5014,2001,1965,223,2188
5014,2005,2298,89,2387
5014,2009,2015,22,2037
5014,2013,2030,46,2076
5014,2017,2136,58,2194
5014,2021,2172,116,2288
5014,2025,2357,122,2479
5020,1993,1363,8,1371
5020,1997,1307,24,1331
5020,2001,1136,144,1280
5020,2005,1197,70,1267
5020,2009,1115,22,1137
5020,2013,1140,32,1172
5020,2017,1075,29,1104
5020,2021,512,23,535
5020,2025,521,23,544
5021,1993,3477,108,3585
5021,1997,3601,30,3631
5021,2001,3343,95,3438
5021,2005,3587,50,3637
5021,2009,3612,23,3635
5021,2013,3845,45,3890
5021,2017,3926,40,3966
5021,2021,3999,117,4116
5021,2025,4123,160,4283
5022,1993,1701,17,1718
5022,1997,1648,25,1673
5022,2001,1528,47,1575
5022,2005,1531,18,1549
5022,2009,1503,8,1511
5022,2013,1518,10,1528
5022,2017,1519,10,1529
5022,2021,1457,43,1500
5022,2025,1429,54,1483
5025,1993,3350,55,3405
5025,1997,3234,149,3383
5025,2001,3020,207,3227
5025,2005,3190,121,3311
5025,2009,3265,28,3293
5025,2013,3415,45,3460
5025,2017,3521,33,3554
5025,2021,3431,90,3521
5025,2025,3356,131,3487
5026,1993,1483,23,1506
5026,1997,1425,41,1466
5026,2001,1294,69,1363
5026,2005,1336,31,1367
5026,2009,1292,13,1305
5026,2013,1298,18,1316
5026,2017,1314,23,1337
5026,2021,1283,51,1334
5026,2025,1212,103,1315
5027,1993,3553,39,3592
5027,1997,3478,58,3536
5027,2001,3103,103,3206
5027,2005,3252,36,3288
5027,2009,3122,51,3173
5027,2013,3305,69,3374
5027,2017,3280,54,3334
5027,2021,3310,138,3448
5027,2025,3247,180,3427
5028,1993,7025,89,7114
5028,1997,7449,154,7603
5028,2001,7056,343,7399
5028,2005,7858,141,7999
5028,2009,8159,65,8224
5028,2013,8937,156,9093
5028,2017,8883,199,9082
5028,2021,9211,405,9616
5028,2025,9693,576,10269
5029,1993,3171,32,3203
5029,1997,3217,64,3281
5029,2001,3036,145,3181
5029,2005,3343,54,3397
5029,2009,3663,19,3682
5029,2013,4072,79,4151
5029,2017,4450,131,4581
5029,2021,4570,162,4732
5029,2025,4802,247,5049
5031,1993,5361,117,5478
5031,1997,5924,171,6095
5031,2001,5848,285,6133
5031,2005,6490,128,6618
5031,2009,6854,48,6902
5031,2013,7372,124,7496
5031,2017,7515,258,7773
5031,2021,7738,319,8057
5031,2025,8322,371,8693
5032,1993,2419,34,2453
5032,1997,2347,62,2409
5032,2001,2140,91,2231
5032,2005,2200,49,2249
5032,2009,2151,28,2179
5032,2013,2298,28,2326
5032,2017,2301,19,2320
5032,2021,2318,70,2388
5032,2025,2415,90,2505
5033,1993,601,17,618
5033,1997,586,17,603
5033,2001,513,30,543
5033,2005,529,12,541
5033,2009,510,7,517
5033,2013,534,2,536
5033,2017,533,4,537
5033,2021,511,13,524
5033,2025,490,16,506
5034,1993,1434,24,1458
5034,1997,1430,52,1482
5034,2001,1335,39,1374
5034,2005,1389,24,1413
5034,2009,1312,2,1314
5034,2013,1359,9,1368
5034,2017,1326,20,1346
5034,2021,1293,49,1342
5034,2025,1272,68,1340
5035,1993,9578,150,9728
5035,1997,10018,231,10249
5035,2001,9868,302,10170
5035,2005,11242,134,11376
5035,2009,11633,63,11696
5035,2013,12614,161,12775
5035,2017,13326,261,13587
5035,2021,13426,478,13904
5035,2025,14144,610,14754
5036,1993,1454,12,1466
5036,1997,1445,16,1461
5036,2001,1319,45,1364
5036,2005,1388,19,1407
5036,2009,1376,7,1383
5036,2013,1485,20,1505
5036,2017,1498,22,1520
5036,2021,1503,48,1551
5036,2025,1492,80,1572
5037,1993,9432,179,9611
5037,1997,9802,162,9964
5037,2001,9444,253,9697
5037,2005,10175,134,10309
5037,2009,10277,36,10313
5037,2013,10926,108,11034
5037,2017,11299,209,11508
5037,2021,11174,336,11510
5037,2025,11680,471,12151
5038,1993,7401,162,7563
5038,1997,7487,183,7670
5038,2001,7005,210,7215
5038,2005,7552,91,7643
5038,2009,7606,18,7624
5038,2013,8098,52,8150
5038,2017,8150,149,8299
5038,2021,8218,262,8480
5038,2025,8509,379,8888
5041,1993,1490,12,1502
5041,1997,1382,33,1415
5041,2001,1282,58,1340
5041,2005,1298,12,1310
5041,2009,1295,2,1297
5041,2013,1331,4,1335
5041,2017,1306,13,1319
5041,2021,1277,34,1311
5041,2025,1218,64,1282
5042,1993,849,6,855
5042,1997,807,6,813
5042,2001,778,22,800
5042,2005,806,5,811
5042,2009,767,0,767
5042,2013,735,3,738
5042,2017,736,6,742
5042,2021,747,12,759
5042,2025,718,12,730
5043,1993,413,5,418
5043,1997,389,5,394
5043,2001,315,7,322
5043,2005,332,4,336
5043,2009,302,1,303
5043,2013,309,5,314
5043,2017,295,6,301
5043,2021,275,12,287
5043,2025,256,9,265
5044,1993,660,8,668
5044,1997,612,15,627
5044,2001,537,22,559
5044,2005,551,7,558
5044,2009,521,2,523
5044,2013,536,5,541
5044,2017,519,11,530
5044,2021,478,18,496
5044,2025,441,16,457
5045,1993,1607,11,1618
5045,1997,1557,28,1585
5045,2001,1465,32,1497
5045,2005,1477,12,1489
5045,2009,1399,1,1400
5045,2013,1464,9,1473
5045,2017,1417,27,1444
5045,2021,1363,37,1400
5045,2025,1297,61,1358
5046,1993,836,28,864
5046,1997,874,5,879
5046,2001,749,18,767
5046,2005,794,3,797
5046,2009,791,1,792
5046,2013,762,2,764
5046,2017,753,10,763
5046,2021,752,11,763
5046,2025,728,20,748
5047,1993,2218,21,2239
5047,1997,2187,23,2210
5047,2001,2056,52,2108
5047,2005,2023,10,2033
5047,2009,2038,3,2041
5047,2013,2168,18,2186
5047,2017,2146,15,2161
5047,2021,2116,36,2152
5047,2025,2116,68,2184
5049,1993,764,11,775
5049,1997,774,11,785
5049,2001,670,48,718
5049,2005,680,17,697
5049,2009,638,5,643
5049,2013,653,9,662
5049,2017,644,9,653
5049,2021,657,20,677
5049,2025,633,36,669
5052,1993,459,6,465
5052,1997,421,8,429
5052,2001,345,53,398
5052,2005,364,21,385
5052,2009,357,2,359
5052,2013,345,6,351
5052,2017,376,8,384
5052,2021,332,9,341
5052,2025,319,29,348
5053,1993,5902,63,5965
5053,1997,5957,91,6048
5053,2001,5561,184,5745
5053,2005,5927,67,5994
5053,2009,5864,24,5888
5053,2013,6020,46,6066
5053,2017,6008,141,6149
5053,2021,4062,144,4206
5053,2025,4162,168,4330
5054,1993,3526,46,3572
5054,1997,3546,62,3608
5054,2001,3242,197,3439
5054,2005,3432,66,3498
5054,2009,3460,42,3502
5054,2013,3508,143,3651
5054,2017,3447,161,3608
5054,2021,5245,395,5640
5054,2025,5307,401,5708
5055,1993,3039,31,3070
5055,1997,3112,43,3155
5055,2001,2663,139,2802
5055,2005,2903,45,2948
5055,2009,2795,22,2817
5055,2013,2920,42,2962
5055,2017,2908,40,2948
5055,2021,3353,102,3455
5055,2025,3349,146,3495
5056,1993,2213,35,2248
5056,1997,2290,51,2341
5056,2001,1991,181,2172
5056,2005,2080,77,2157
5056,2009,2042,22,2064
5056,2013,2050,142,2192
5056,2017,2115,150,2265
5056,2021,2347,175,2522
5056,2025,2521,166,2687
5057,1993,5288,194,5482
5057,1997,5436,203,5639
5057,2001,4800,393,5193
5057,2005,5165,227,5392
5057,2009,5116,99,5215
5057,2013,5379,127,5506
5057,2017,5438,159,5597
5057,2021,5315,322,5637
5057,2025,5612,391,6003
5058,1993,2101,26,2127
5058,1997,2075,31,2106
5058,2001,1859,104,1963
5058,2005,1876,42,1918
5058,2009,1800,22,1822
5058,2013,1860,41,1901
5058,2017,1884,35,1919
5058,2021,2414,82,2496
5058,2025,2408,97,2505
5059,1993,9085,138,9223
5059,1997,9160,153,9313
5059,2001,8505,290,8795
5059,2005,9145,127,9272
5059,2009,9232,65,9297
5059,2013,9565,244,9809
5059,2017,9695,248,9943
5059,2021,9927,398,10325
5059,2025,10177,565,10742
5060,1993,5071,51,5122
5060,1997,5099,62,5161
5060,2001,4470,442,4912
5060,2005,4929,150,5079
5060,2009,4653,22,4675
5060,2013,4848,92,4940
5060,2017,4998,91,5089
5060,2021,4967,206,5173
5060,2025,5033,253,5286
5061,1993,1273,4,1277
5061,1997,1263,12,1275
5061,2001,1137,26,1163
5061,2005,1169,7,1176
5061,2009,1153,1,1154
5061,2013,1217,4,1221
5061,2017,1199,13,1212
5061,2021,1194,36,1230
5061,2025,1089,45,1134
5501,1993,28030,940,28970
5501,1997,29350,1844,31194
5501,2001,28477,3691,32168
5501,2005,30943,3295,34238
5501,2009,35361,358,35719
5501,2013,38330,629,38959
5501,2017,40558,640,41198
5501,2021,41166,1191,42357
5501,2025,44321,1697,46018
5503,1993,12046,142,12188
5503,1997,12712,308,13020
5503,2001,11693,904,12597
5503,2005,12318,662,12980
5503,2009,12807,100,12907
5503,2013,13222,143,13365
5503,2017,13419,162,13581
5503,2021,13281,372,13653
5503,2025,13761,631,14392
5510,1993,1745,30,1775
5510,1997,1683,46,1729
5510,2001,1379,165,1544
5510,2005,1565,106,1671
5510,2009,1569,19,1588
5510,2013,1597,21,1618
5510,2017,1640,22,1662
5510,2021,1571,27,1598
5510,2025,1526,73,1599
5512,1993,2498,28,2526
5512,1997,2670,99,2769
5512,2001,2326,244,2570
5512,2005,2360,164,2524
5512,2009,2438,21,2459
5512,2013,2441,27,2468
5512,2017,2458,34,2492
5512,2021,2334,101,2435
5512,2025,2388,114,2502
5514,1993,1200,10,1210
5514,1997,1178,15,1193
5514,2001,891,136,1027
5514,2005,873,97,970
5514,2009,817,10,827
5514,2013,812,18,830
5514,2017,786,7,793
5514,2021,726,30,756
5514,2025,725,26,751
5516,1993,786,9,795
5516,1997,809,11,820
5516,2001,656,100,756
5516,2005,643,55,698
5516,2009,662,10,672
5516,2013,598,8,606
5516,2017,578,12,590
5516,2021,569,11,580
5516,2025,506,21,527
5518,1993,723,3,726
5518,1997,698,10,708
5518,2001,568,81,649
5518,2005,617,37,654
5518,2009,598,4,602
5518,2013,607,2,609
5518,2017,621,7,628
5518,2021,569,20,589
5518,2025,538,25,563
5520,1993,2210,11,2221
5520,1997,2216,31,2247
5520,2001,2004,147,2151
5520,2005,2143,87,2230
5520,2009,2206,10,2216
5520,2013,2239,17,2256
5520,2017,2252,30,2282
5520,2021,2361,41,2402
5520,2025,2304,87,2391
5522,1993,1410,9,1419
5522,1997,1368,23,1391
5522,2001,1101,134,1235
5522,2005,1212,52,1264
5522,2009,1219,7,1226
5522,2013,1212,11,1223
5522,2017,1257,7,1264
5522,2021,1193,26,1219
5522,2025,1142,46,1188
5524,1993,3943,35,3978
5524,1997,3774,56,3830
5524,2001,3390,232,3622
5524,2005,3414,150,3564
5524,2009,3471,16,3487
5524,2013,3596,26,3622
5524,2017,3830,46,3876
5524,2021,3751,99,3850
5524,2025,3760,186,3946
5526,1993,1803,8,1811
5526,1997,1903,27,1930
5526,2001,1641,157,1798
5526,2005,1761,100,1861
5526,2009,1809,11,1820
5526,2013,1878,16,1894
5526,2017,1899,19,1918
5526,2021,1846,52,1898
5526,2025,1902,103,2005
5528,1993,808,4,812
5528,1997,841,13,854
5528,2001,669,99,768
5528,2005,676,86,762
5528,2009,674,10,684
5528,2013,728,5,733
5528,2017,715,7,722
5528,2021,635,42,677
5528,2025,638,40,678
5530,1993,8349,74,8423
5530,1997,8239,146,8385
5530,2001,6670,1359,8029
5530,2005,7023,980,8003
5530,2009,7640,127,7767
5530,2013,7607,146,7753
5530,2017,7692,108,7800
5530,2021,7487,297,7784
5530,2025,7492,498,7990
5532,1993,3504,65,3569
5532,1997,3240,82,3322
5532,2001,2646,442,3088
5532,2005,2741,327,3068
5532,2009,3025,48,3073
5532,2013,3020,71,3091
5532,2017,3159,50,3209
5532,2021,2975,122,3097
5532,2025,2950,213,3163
5534,1993,1403,23,1426
5534,1997,1307,39,1346
5534,2001,693,678,1371
5534,2005,814,465,1279
5534,2009,1189,52,1241
5534,2013,1203,47,1250
5534,2017,1211,26,1237
5534,2021,1192,50,1242
5534,2025,1151,72,1223
5536,1993,1906,21,1927
5536,1997,1851,50,1901
5536,2001,1460,293,1753
5536,2005,1513,283,1796
5536,2009,1691,28,1719
5536,2013,1685,25,1710
5536,2017,1637,25,1662
5536,2021,1575,47,1622
5536,2025,1555,92,1647
5538,1993,1019,14,1033
5538,1997,1025,33,1058
5538,2001,859,143,1002
5538,2005,946,139,1085
5538,2009,964,15,979
5538,2013,1059,18,1077
5538,2017,1059,15,1074
5538,2021,1088,44,1132
5538,2025,1044,85,1129
5540,1993,1457,18,1475
5540,1997,1340,57,1397
5540,2001,1038,238,1276
5540,2005,973,289,1262
5540,2009,1215,47,1262
5540,2013,1179,51,1230
5540,2017,1184,14,1198
5540,2021,1122,32,1154
5540,2025,1125,45,1170
5542,1993,1570,17,1587
5542,1997,1516,33,1549
5542,2001,1179,323,1502
5542,2005,1006,656,1662
5542,2009,1313,159,1472
5542,2013,1440,46,1486
5542,2017,1397,15,1412
5542,2021,1361,27,1388
5542,2025,1315,63,1378
5544,1993,2485,32,2517
5544,1997,2585,43,2628
5544,2001,2209,281,2490
5544,2005,2299,296,2595
5544,2009,2490,48,2538
5544,2013,2544,40,2584
5544,2017,2545,28,2573
5544,2021,2549,88,2637
5544,2025,2537,117,2654
5546,1993,876,13,889
5546,1997,853,14,867
5546,2001,662,133,795
5546,2005,581,186,767
5546,2009,635,86,721
5546,2013,660,32,692
5546,2017,665,8,673
5546,2021,618,22,640
5546,2025,605,44,649
5601,1993,7474,129,7603
5601,1997,7934,119,8053
5601,2001,7441,638,8079
5601,2005,8146,415,8561
5601,2009,8739,485,9224
5601,2013,8885,715,9600
5601,2017,10365,185,10550
5601,2021,6151,4694,10845
5601,2025,7470,4149,11619
5603,1993,5525,64,5589
5603,1997,5509,137,5646
5603,2001,4800,443,5243
5603,2005,4911,349,5260
5603,2009,5173,174,5347
5603,2013,5381,136,5517
5603,2017,5519,112,5631
5603,2021,5414,289,5703
5603,2025,5432,400,5832
5605,1993,4962,85,5047
5605,1997,5038,132,5170
5605,2001,4444,348,4792
5605,2005,4825,150,4975
5605,2009,4886,76,4962
5605,2013,5004,123,5127
5605,2017,5245,95,5340
5605,2021,5139,138,5277
5605,2025,5192,265,5457
5607,1993,3241,57,3298
5607,1997,3352,95,3447
5607,2001,3052,235,3287
5607,2005,3085,176,3261
5607,2009,3119,61,3180
5607,2013,3176,71,3247
5607,2017,3243,48,3291
5607,2021,3159,86,3245
5607,2025,3108,140,3248
5610,1993,1351,19,1370
5610,1997,1430,24,1454
5610,2001,1095,280,1375
5610,2005,1044,365,1409
5610,2009,1388,9,1397
5610,2013,1351,38,1389
5610,2017,1413,29,1442
5610,2021,1359,53,1412
5610,2025,1317,129,1446
5612,1993,1463,17,1480
5612,1997,1547,21,1568
5612,2001,1129,357,1486
5612,2005,1177,201,1378
5612,2009,1382,39,1421
5612,2013,1305,137,1442
5612,2017,1417,46,1463
5612,2021,1012,479,1491
5612,2025,1232,351,1583
5614,1993,849,5,854
5614,1997,817,5,822
5614,2001,567,175,742
5614,2005,553,128,681
5614,2009,552,42,594
5614,2013,523,47,570
5614,2017,506,16,522
5614,2021,444,33,477
5614,2025,415,52,467
5616,1993,685,18,703
5616,1997,682,6,688
5616,2001,509,103,612
5616,2005,490,57,547
5616,2009,485,12,497
5616,2013,467,12,479
5616,2017,457,5,462
5616,2021,442,20,462
5616,2025,433,36,469
5618,1993,882,4,886
5618,1997,809,7,816
5618,2001,633,123,756
5618,2005,625,78,703
5618,2009,654,8,662
5618,2013,584,7,591
5618,2017,551,5,556
5618,2021,538,17,555
5618,2025,469,30,499
5620,1993,2133,16,2149
5620,1997,1923,39,1962
5620,2001,1561,264,1825
5620,2005,1589,162,1751
5620,2009,1534,29,1563
5620,2013,1591,31,1622
5620,2017,1566,32,1598
5620,2021,1509,70,1579
5620,2025,1499,75,1574
5622,1993,2231,76,2307
5622,1997,2269,34,2303
5622,2001,2043,146,2189
5622,2005,2108,82,2190
5622,2009,2132,17,2149
5622,2013,2080,58,2138
5622,2017,2154,59,2213
5622,2021,2089,108,2197
5622,2025,2136,144,2280
5624,1993,855,7,862
5624,1997,766,27,793
5624,2001,649,102,751
5624,2005,624,92,716
5624,2009,651,25,676
5624,2013,648,27,675
5624,2017,657,25,682
5624,2021,620,39,659
5624,2025,578,56,634
5626,1993,726,9,735
5626,1997,698,4,702
5626,2001,551,103,654
5626,2005,532,60,592
5626,2009,516,17,533
5626,2013,486,22,508
5626,2017,492,9,501
5626,2021,482,16,498
5626,2025,407,37,444
5628,1993,1743,22,1765
5628,1997,1720,20,1740
5628,2001,1429,146,1575
5628,2005,1437,115,1552
5628,2009,1554,17,1571
5628,2013,1562,41,1603
5628,2017,1638,26,1664
5628,2021,1518,98,1616
5628,2025,1420,168,1588
5630,1993,675,3,678
5630,1997,665,18,683
5630,2001,490,102,592
5630,2005,540,76,616
5630,2009,537,14,551
5630,2013,505,14,519
5630,2017,449,8,457
5630,2021,453,8,461
5630,2025,427,12,439
5632,1993,1088,9,1097
5632,1997,1188,13,1201
5632,2001,964,129,1093
5632,2005,991,79,1070
5632,2009,990,20,1010
5632,2013,951,22,973
5632,2017,895,16,911
5632,2021,853,36,889
5632,2025,824,49,873
5634,1993,1543,26,1569
5634,1997,1475,32,1507
5634,2001,1074,177,1251
5634,2005,1110,127,1237
5634,2009,1080,92,1172
5634,2013,1097,48,1145
5634,2017,1047,30,1077
5634,2021,1045,36,1081
5634,2025,959,55,1014
5636,1993,598,15,613
5636,1997,590,11,601
5636,2001,489,66,555
5636,2005,505,43,548
5636,2009,560,2,562
5636,2013,503,11,514
5636,2017,537,12,549
5636,2021,520,16,536
5636,2025,460,51,511
0301,1989,288188,12111,300299
1101,1989,7164,31,7195
1103,1989,61953,613,62566
1106,1989,17218,215,17433
1108,1989,27327,223,27550
1111,1989,2209,27,2236
1112,1989,1858,9,1867
1114,1989,1398,2,1400
1119,1989,7599,31,7630
1120,1989,7067,43,7110
1121,1989,7189,36,7225
1122,1989,4139,19,4158
1124,1989,9051,36,9087
1127,1989,4433,19,4452
1130,1989,5553,25,5578
1133,1989,1655,5,1660
1134,1989,2465,12,2477
1135,1989,3487,35,3522
1144,1989,328,1,329
1145,1989,462,4,466
1146,1989,4652,34,4686
1149,1989,19921,192,20113
1151,1989,150,0,150
1160,1989,4734,28,4762
1505,1989,13675,209,13884
1506,1989,18054,203,18257
1508,1989,25161,307,25468
1511,1989,2270,32,2302
1514,1989,2029,11,2040
1515,1989,4954,21,4975
1516,1989,3471,11,3482
1517,1989,2704,22,2726
1520,1989,6328,42,6370
1525,1989,2913,19,2932
1528,1989,4103,39,4142
1531,1989,4023,36,4059
1532,1989,3595,25,3620
1535,1989,3650,36,3686
1539,1989,4808,29,4837
1547,1989,1731,16,1747
1554,1989,3213,32,3245
1557,1989,1743,14,1757
1560,1989,2161,16,2177
1563,1989,4807,68,4875
1566,1989,3902,20,3922
1573,1989,1614,10,1624
1576,1989,3697,23,3720
1577,1989,4968,32,5000
1578,1989,1806,14,1820
1579,1989,7059,35,7094
1580,1989,5262,45,5307
1804,1989,21633,365,21998
1806,1989,12937,291,13228
1811,1989,1293,20,1313
1812,1989,1284,25,1309
1813,1989,3781,86,3867
1815,1989,975,18,993
1816,1989,393,7,400
1818,1989,1095,20,1115
1820,1989,4026,142,4168
1822,1989,1308,29,1337
1824,1989,8066,131,8197
1825,1989,1093,25,1118
1826,1989,1081,14,1095
1827,1989,1007,31,1038
1828,1989,1077,24,1101
1832,1989,3030,29,3059
1833,1989,14521,278,14799
1834,1989,1318,11,1329
1835,1989,298,7,305
1836,1989,963,13,976
1837,1989,4035,83,4118
1838,1989,1546,17,1563
1839,1989,899,18,917
1840,1989,2949,68,3017
1841,1989,6910,143,7053
1845,1989,1695,22,1717
1848,1989,1794,38,1832
1851,1989,1720,21,1741
1853,1989,1017,25,1042
1856,1989,386,1,387
1857,1989,499,12,511
1859,1989,914,15,929
1860,1989,5910,180,6090
1865,1989,4949,158,5107
1866,1989,4871,120,4991
1867,1989,2313,41,2354
1868,1989,2679,36,2715
1870,1989,4762,78,4840
1871,1989,4101,46,4147
1874,1989,831,14,845
1875,1989,2850,50,2900
3101,1989,16448,157,16605
3103,1989,22822,364,23186
3105,1989,29820,295,30115
3107,1989,42391,375,42766
3110,1989,1983,7,1990
3112,1989,3829,22,3851
3114,1989,2340,14,2354
3116,1989,1876,18,1894
3118,1989,21533,206,21739
3120,1989,4523,15,4538
3122,1989,2172,13,2185
3124,1989,975,2,977
3201,1989,57236,785,58021
3203,1989,39599,480,40079
3205,1989,34375,379,34754
3207,1989,26911,273,27184
3209,1989,11477,117,11594
3212,1989,7777,147,7924
3214,1989,6286,51,6337
3216,1989,6512,77,6589
3218,1989,7462,107,7569
3220,1989,4779,49,4828
3222,1989,16078,211,16289
3224,1989,8247,97,8344
3226,1989,8622,39,8661
3228,1989,9942,54,9996
3230,1989,2359,13,2372
3232,1989,10051,128,10179
3234,1989,4862,16,4878
3236,1989,3819,21,3840
3238,1989,4979,34,5013
3240,1989,10412,84,10496
3242,1989,1650,8,1658
3301,1989,48576,628,49204
3303,1989,13471,117,13588
3305,1989,17589,257,17846
3310,1989,2870,30,2900
3312,1989,11712,105,11817
3314,1989,9017,87,9104
3316,1989,7707,61,7768
3318,1989,1560,10,1570
3320,1989,811,3,814
3322,1989,2188,13,2201
3324,1989,2658,18,2676
3326,1989,1026,6,1032
3328,1989,2962,22,2984
3330,1989,2888,13,2901
3332,1989,2496,12,2508
3334,1989,1608,10,1618
3336,1989,952,8,960
3338,1989,1835,15,1850
3401,1989,11079,54,11133
3403,1989,16963,97,17060
3405,1989,14628,65,14693
3407,1989,17184,72,17256
3411,1989,19658,58,19716
3412,1989,4538,29,4567
3413,1989,11496,52,11548
3414,1989,3685,7,3692
3415,1989,4971,26,4997
3416,1989,4096,8,4104
3417,1989,3924,11,3935
3418,1989,5425,22,5447
3419,1989,2791,9,2800
3420,1989,10855,62,10917
3421,1989,4721,12,4733
3422,1989,2917,33,2950
3423,1989,2213,9,2222
3424,1989,1813,7,1820
3425,1989,1091,2,1093
3426,1989,1157,10,1167
3427,1989,3411,14,3425
3428,1989,1564,3,1567
3429,1989,1344,7,1351
3430,1989,1286,5,1291
3431,1989,2014,2,2016
3432,1989,1576,2,1578
3433,1989,1617,2,1619
3434,1989,1584,1,1585
3435,1989,2541,4,2545
3436,1989,3913,12,3925
3437,1989,3999,11,4010
3438,1989,2258,1,2259
3439,1989,3302,7,3309
3440,1989,2895,5,2900
3441,1989,4085,11,4096
3442,1989,9395,24,9419
3443,1989,8530,36,8566
3446,1989,8126,24,8150
3447,1989,4163,19,4182
3448,1989,4513,11,4524
3449,1989,2229,4,2233
3450,1989,1073,3,1076
3451,1989,4112,0,4112
3452,1989,1470,2,1472
3453,1989,1940,4,1944
3454,1989,1035,4,1039
3901,1989,14167,205,14372
3903,1989,16358,144,16502
3905,1989,20424,315,20739
3907,1989,30829,439,31268
3909,1989,25494,358,25852
3911,1989,13856,203,14059
4001,1989,20074,234,20308
4003,1989,29632,396,30028
4005,1989,8153,162,8315
4010,1989,1336,5,1341
4012,1989,8046,114,8160
4014,1989,6565,89,6654
4016,1989,2823,17,2840
4018,1989,4334,30,4364
4020,1989,5744,46,5790
4022,1989,1761,16,1777
4024,1989,1103,13,1116
4026,1989,4520,34,4554
4028,1989,1744,13,1757
4030,1989,953,2,955
4032,1989,901,7,908
4034,1989,1780,10,1790
4036,1989,2404,11,2415
4201,1989,4285,43,4328
4202,1989,9179,36,9215
4203,1989,23013,178,23191
4204,1989,46510,1343,47853
4205,1989,12249,258,12507
4206,1989,5609,68,5677
4207,1989,5468,50,5518
4211,1989,1601,10,1611
4212,1989,1217,1,1218
4213,1989,3707,11,3718
4214,1989,2398,8,2406
4215,1989,4796,23,4819
4216,1989,2500,9,2509
4217,1989,1235,13,1248
4218,1989,669,6,675
4219,1989,2100,10,2110
4220,1989,857,8,865
4221,1989,912,5,917
4222,1989,421,1,422
4223,1989,6972,106,7078
4224,1989,548,6,554
4225,1989,3751,37,3788
4226,1989,938,15,953
4227,1989,3281,52,3333
4228,1989,1071,7,1078
4601,1989,130236,3488,133724
4602,1989,9489,73,9562
4611,1989,2434,20,2454
4612,1989,2680,25,2705
4613,1989,5692,36,5728
4614,1989,8553,105,8658
4615,1989,1807,15,1822
4616,1989,1785,13,1798
4617,1989,7690,81,7771
4618,1989,8456,196,8652
4619,1989,672,10,682
4620,1989,753,21,774
4621,1989,9326,203,9529
4622,1989,5281,44,5325
4623,1989,1461,9,1470
4624,1989,9671,102,9773
4625,1989,2410,20,2430
4626,1989,13058,132,13190
4627,1989,10935,127,11062
4628,1989,2973,36,3009
4629,1989,179,0,179
4630,1989,4233,41,4274
4631,1989,12152,106,12258
4632,1989,1546,16,1562
4633,1989,497,4,501
4634,1989,1180,10,1190
4635,1989,1537,10,1547
4636,1989,626,6,632
4637,1989,1073,7,1080
4638,1989,2994,26,3020
4639,1989,1546,18,1564
4640,1989,4531,43,4574
4641,1989,1130,6,1136
4642,1989,3115,24,3139
4643,1989,4005,27,4032
4644,1989,3098,15,3113
4645,1989,2026,19,2045
4646,1989,3583,46,3629
4647,1989,8369,102,8471
4648,1989,2865,14,2879
4649,1989,5259,16,5275
4650,1989,4802,24,4826
4651,1989,4082,40,4122
5001,1989,88730,1714,90444
5006,1989,16243,89,16332
5007,1989,7861,40,7901
5014,1989,2467,14,2481
5020,1989,1504,8,1512
5021,1989,3921,9,3930
5022,1989,1803,10,1813
5025,1989,3485,60,3545
5026,1989,1724,12,1736
5027,1989,3834,18,3852
5028,1989,7508,39,7547
5029,1989,3367,4,3371
5031,1989,5702,46,5748
5032,1989,2581,17,2598
5033,1989,659,4,663
5034,1989,1698,9,1707
5035,1989,10452,66,10518
5036,1989,1589,5,1594
5037,1989,10298,67,10365
5038,1989,7995,73,8068
5041,1989,1638,6,1644
5042,1989,974,2,976
5043,1989,441,2,443
5044,1989,770,5,775
5045,1989,1690,6,1696
5046,1989,910,5,915
5047,1989,2338,3,2341
5049,1989,887,3,890
5052,1989,505,4,509
5053,1989,6449,25,6474
5054,1989,4004,23,4027
5055,1989,3439,29,3468
5056,1989,2468,38,2506
5057,1989,5888,39,5927
5058,1989,2222,11,2233
5059,1989,10230,85,10315
5060,1989,5548,36,5584
5061,1989,1335,4,1339
5501,1989,29189,641,29830
5503,1989,13593,158,13751
5510,1989,1950,37,1987
5512,1989,3012,32,3044
5514,1989,1346,14,1360
5516,1989,909,7,916
5518,1989,767,3,770
5520,1989,2339,16,2355
5522,1989,1479,21,1500
5524,1989,4311,50,4361
5526,1989,1960,12,1972
5528,1989,955,7,962
5530,1989,9085,142,9227
5532,1989,3684,55,3739
5534,1989,1569,16,1585
5536,1989,2035,30,2065
5538,1989,1048,5,1053
5540,1989,1616,19,1635
5542,1989,1704,13,1717
5544,1989,2585,23,2608
5546,1989,925,22,947
5601,1989,5901,1690,7591
5603,1989,4792,1413,6205
5605,1989,4551,1093,5644
5607,1989,2607,924,3531
5610,1989,1187,179,1366
5612,1989,1206,113,1319
5614,1989,752,244,996
5616,1989,652,143,795
5618,1989,812,181,993
5620,1989,1754,534,2288
5622,1989,1860,527,2387
5624,1989,654,280,934
5626,1989,507,295,802
5628,1989,1426,353,1779
5630,1989,534,288,822
5632,1989,815,395,1210
5634,1989,1257,516,1773
5636,1989,513,95,608
