kom2024,parti,stemmer
0301,01,89414
0301,02,44920
0301,03,95679
0301,04,11414
0301,05,2189
0301,06,34882
0301,07,7963
0301,08,1727
0301,10,1770
0301,14,2636
0301,15,7543
1101,01,2028
1101,02,968
1101,03,1679
1101,04,1155
1101,05,623
1101,06,402
1101,07,299
1101,08,10
1101,14,23
1101,15,8
1103,01,18208
1103,02,9645
1103,03,16012
1103,04,6420
1103,05,2045
1103,06,5929
1103,07,3467
1103,08,227
1103,14,343
1103,15,270
1106,01,5513
1106,02,2869
1106,03,4251
1106,04,1874
1106,05,252
1106,06,1339
1106,07,1064
1106,08,56
1106,14,174
1106,15,41
1108,01,7860
1108,02,4218
1108,03,6201
1108,04,3712
1108,05,1698
1108,06,2080
1108,07,1471
1108,08,87
1108,14,138
1108,15,85
1111,01,537
1111,02,357
1111,03,464
1111,04,476
1111,05,193
1111,06,119
1111,07,58
1111,08,5
1111,14,15
1111,15,12
1112,01,457
1112,02,263
1112,03,323
1112,04,426
1112,05,235
1112,06,89
1112,07,63
1112,08,2
1112,14,6
1112,15,3
1114,01,185
1114,02,81
1114,03,198
1114,04,353
1114,05,507
1114,06,39
1114,07,34
1114,08,1
1114,14,2
1119,01,1274
1119,02,1076
1119,03,1223
1119,04,1870
1119,05,1630
1119,06,302
1119,07,212
1119,08,12
1119,14,20
1119,15,11
1120,01,1371
1120,02,1174
1120,03,1532
1120,04,1106
1120,05,1284
1120,06,319
1120,07,271
1120,08,10
1120,14,29
1120,15,14
1121,01,1569
1121,02,932
1121,03,1533
1121,04,1224
1121,05,1120
1121,06,457
1121,07,340
1121,08,14
1121,14,23
1121,15,13
1122,01,1206
1122,02,481
1122,03,669
1122,04,785
1122,05,556
1122,06,210
1122,07,223
1122,08,9
1122,14,12
1122,15,7
1124,01,1944
1124,02,1910
1124,03,2288
1124,04,1111
1124,05,858
1124,06,494
1124,07,423
1124,08,23
1124,14,22
1124,15,14
1127,01,1017
1127,02,621
1127,03,1073
1127,04,837
1127,05,442
1127,06,231
1127,07,203
1127,08,9
1127,14,17
1127,15,2
1130,01,1399
1130,02,741
1130,03,979
1130,04,1325
1130,05,399
1130,06,403
1130,07,286
1130,08,21
1130,14,17
1130,15,8
1133,01,225
1133,02,131
1133,03,253
1133,04,364
1133,05,533
1133,06,78
1133,07,68
1133,08,3
1133,14,2
1133,15,3
1134,01,627
1134,02,211
1134,03,278
1134,04,468
1134,05,561
1134,06,148
1134,07,168
1134,08,4
1134,14,9
1134,15,3
1135,01,1334
1135,02,372
1135,03,418
1135,04,396
1135,05,229
1135,06,467
1135,07,257
1135,08,14
1135,14,9
1135,15,26
1144,01,89
1144,02,23
1144,03,58
1144,04,115
1144,05,22
1144,06,7
1144,07,14
1144,14,1
1145,01,85
1145,02,62
1145,03,85
1145,04,103
1145,05,87
1145,06,22
1145,07,16
1145,08,2
1145,14,2
1145,15,2
1146,01,1080
1146,02,729
1146,03,825
1146,04,885
1146,05,564
1146,06,218
1146,07,338
1146,08,13
1146,14,30
1146,15,4
1149,01,5130
1149,02,3870
1149,03,4001
1149,04,4004
1149,05,756
1149,06,1063
1149,07,1057
1149,08,40
1149,14,153
1149,15,39
1151,01,49
1151,02,21
1151,03,35
1151,04,13
1151,05,20
1151,06,5
1151,07,7
1160,01,1019
1160,02,539
1160,03,739
1160,04,902
1160,05,994
1160,06,231
1160,07,297
1160,08,13
1160,10,5
1160,14,14
1160,15,8
1505,01,5505
1505,02,1555
1505,03,3647
1505,04,875
1505,05,268
1505,06,1343
1505,07,452
1505,08,30
1505,10,53
1505,14,51
1505,15,104
1506,01,5409
1506,02,2049
1506,03,3681
1506,04,2969
1506,05,1184
1506,06,1873
1506,07,852
1506,08,37
1506,10,40
1506,14,46
1506,15,113
1508,01,6887
1508,02,4702
1508,03,6194
1508,04,3475
1508,05,737
1508,06,1757
1508,07,1351
1508,08,58
1508,10,65
1508,14,117
1508,15,113
1511,01,527
1511,02,276
1511,03,320
1511,04,465
1511,05,366
1511,06,159
1511,07,157
1511,10,3
1511,14,12
1511,15,17
1514,01,393
1514,02,246
1514,03,331
1514,04,602
1514,05,174
1514,06,106
1514,07,171
1514,08,6
1514,10,3
1514,14,7
1514,15,1
1515,01,1065
1515,02,741
1515,03,767
1515,04,1752
1515,05,178
1515,06,217
1515,07,230
1515,08,4
1515,10,8
1515,14,9
1515,15,4
1516,01,778
1516,02,427
1516,03,769
1516,04,815
1516,05,186
1516,06,229
1516,07,261
1516,08,6
1516,10,3
1516,14,4
1516,15,4
1517,01,513
1517,02,445
1517,03,477
1517,04,497
1517,05,152
1517,06,156
1517,07,463
1517,08,1
1517,10,4
1517,14,11
1517,15,7
1520,01,1598
1520,02,713
1520,03,981
1520,04,1176
1520,05,841
1520,06,580
1520,07,430
1520,08,9
1520,10,7
1520,14,25
1520,15,9
1525,01,680
1525,02,335
1525,03,515
1525,04,579
1525,05,434
1525,06,176
1525,07,191
1525,08,3
1525,10,5
1525,14,9
1525,15,5
1528,01,1038
1528,02,582
1528,03,788
1528,04,794
1528,05,395
1528,06,242
1528,07,256
1528,08,8
1528,10,9
1528,14,20
1528,15,10
1531,01,982
1531,02,692
1531,03,858
1531,04,959
1531,05,83
1531,06,227
1531,07,214
1531,08,8
1531,10,13
1531,14,19
1531,15,3
1532,01,592
1532,02,526
1532,03,773
1532,04,1097
1532,05,285
1532,06,135
1532,07,180
1532,08,7
1532,10,5
1532,14,12
1532,15,7
1535,01,1079
1535,02,538
1535,03,595
1535,04,584
1535,05,421
1535,06,294
1535,07,134
1535,08,5
1535,10,11
1535,14,13
1535,15,12
1539,01,1533
1539,02,599
1539,03,793
1539,04,749
1539,05,557
1539,06,412
1539,07,152
1539,08,13
1539,10,5
1539,14,9
1539,15,15
1547,01,475
1547,02,204
1547,03,299
1547,04,343
1547,05,147
1547,06,144
1547,07,118
1547,08,1
1547,10,4
1547,14,9
1547,15,3
1554,01,1123
1554,02,331
1554,03,468
1554,04,463
1554,05,411
1554,06,225
1554,07,189
1554,08,3
1554,10,10
1554,14,12
1554,15,10
1557,01,483
1557,02,173
1557,03,181
1557,04,301
1557,05,438
1557,06,99
1557,07,66
1557,08,2
1557,10,2
1557,14,4
1557,15,8
1560,01,825
1560,02,178
1560,03,274
1560,04,288
1560,05,341
1560,06,155
1560,07,94
1560,08,6
1560,10,8
1560,14,6
1560,15,1
1563,01,2269
1563,02,428
1563,03,571
1563,04,315
1563,05,477
1563,06,581
1563,07,154
1563,08,12
1563,10,27
1563,14,24
1563,15,15
1566,01,1607
1566,02,341
1566,03,387
1566,04,423
1566,05,741
1566,06,299
1566,07,102
1566,08,2
1566,10,5
1566,14,10
1566,15,3
1573,01,623
1573,02,130
1573,03,218
1573,04,164
1573,05,277
1573,06,145
1573,07,57
1573,10,9
1573,14,1
1576,01,1335
1576,02,241
1576,03,509
1576,04,408
1576,05,797
1576,06,234
1576,07,164
1576,08,9
1576,10,8
1576,14,6
1576,15,8
1577,01,1146
1577,02,457
1577,03,726
1577,04,1098
1577,05,542
1577,06,523
1577,07,468
1577,08,8
1577,10,7
1577,14,9
1577,15,15
1578,01,349
1578,02,163
1578,03,252
1578,04,314
1578,05,466
1578,06,138
1578,07,118
1578,08,6
1578,10,6
1578,14,2
1578,15,6
1579,01,1985
1579,02,1178
1579,03,1055
1579,04,1207
1579,05,946
1579,06,474
1579,07,205
1579,08,9
1579,10,5
1579,14,15
1579,15,14
1580,01,1483
1580,02,701
1580,03,904
1580,04,1130
1580,05,357
1580,06,316
1580,07,363
1580,08,8
1580,10,12
1580,14,20
1580,15,11
1804,01,7340
1804,02,2579
1804,03,6180
1804,04,1346
1804,05,603
1804,06,2989
1804,07,596
1804,10,56
1804,14,83
1804,15,226
1806,01,5566
1806,02,1240
1806,03,2543
1806,04,696
1806,05,534
1806,06,1901
1806,07,457
1806,10,63
1806,14,63
1806,15,165
1811,01,541
1811,02,73
1811,03,130
1811,04,90
1811,05,203
1811,06,212
1811,07,44
1811,10,7
1811,14,2
1811,15,11
1812,01,486
1812,02,66
1812,03,141
1812,04,80
1812,05,268
1812,06,225
1812,07,18
1812,10,2
1812,14,2
1812,15,21
1813,01,1449
1813,02,421
1813,03,595
1813,04,254
1813,05,285
1813,06,691
1813,07,86
1813,10,12
1813,14,23
1813,15,51
1815,01,382
1815,02,59
1815,03,117
1815,04,76
1815,05,129
1815,06,161
1815,07,51
1815,10,6
1815,14,2
1815,15,10
1816,01,157
1816,02,30
1816,03,54
1816,04,27
1816,05,44
1816,06,73
1816,07,8
1816,15,7
1818,01,513
1818,02,99
1818,03,162
1818,04,101
1818,05,73
1818,06,114
1818,07,33
1818,10,10
1818,14,4
1818,15,6
1820,01,1351
1820,02,605
1820,03,844
1820,04,232
1820,05,329
1820,06,526
1820,07,139
1820,10,25
1820,14,16
1820,15,101
1822,01,576
1822,02,93
1822,03,154
1822,04,84
1822,05,197
1822,06,163
1822,07,41
1822,10,6
1822,14,3
1822,15,20
1824,01,3952
1824,02,708
1824,03,1239
1824,04,368
1824,05,537
1824,06,1078
1824,07,184
1824,10,16
1824,14,17
1824,15,98
1825,01,566
1825,02,77
1825,03,118
1825,04,50
1825,05,147
1825,06,127
1825,07,8
1825,10,8
1825,14,3
1825,15,14
1826,01,558
1826,02,37
1826,03,63
1826,04,59
1826,05,189
1826,06,139
1826,07,36
1826,10,2
1826,14,1
1826,15,11
1827,01,359
1827,02,109
1827,03,159
1827,04,61
1827,05,172
1827,06,133
1827,07,14
1827,10,1
1827,14,4
1827,15,26
1828,01,438
1828,02,74
1828,03,168
1828,04,76
1828,05,122
1828,06,170
1828,07,29
1828,10,2
1828,14,11
1828,15,11
1832,01,1283
1832,02,231
1832,03,421
1832,04,163
1832,05,293
1832,06,568
1832,07,71
1832,10,5
1832,14,9
1832,15,15
1833,01,6595
1833,02,914
1833,03,2054
1833,04,450
1833,05,405
1833,06,3874
1833,07,229
1833,10,24
1833,14,33
1833,15,221
1834,01,473
1834,02,124
1834,03,190
1834,04,133
1834,05,182
1834,06,168
1834,07,48
1834,10,1
1834,14,4
1834,15,6
1835,01,72
1835,02,23
1835,03,54
1835,04,61
1835,05,47
1835,06,35
1835,07,6
1835,10,3
1835,15,4
1836,01,340
1836,02,91
1836,03,146
1836,04,169
1836,05,107
1836,06,85
1836,07,25
1836,10,2
1836,14,2
1836,15,9
1837,01,1543
1837,02,426
1837,03,768
1837,04,463
1837,05,204
1837,06,513
1837,07,118
1837,10,11
1837,14,13
1837,15,59
1838,01,631
1838,02,141
1838,03,314
1838,04,174
1838,05,99
1838,06,146
1838,07,41
1838,10,9
1838,14,2
1838,15,6
1839,01,431
1839,02,74
1839,03,126
1839,04,51
1839,05,122
1839,06,88
1839,07,7
1839,10,2
1839,14,4
1839,15,12
1840,01,1303
1840,02,263
1840,03,482
1840,04,153
1840,05,147
1840,06,500
1840,07,101
1840,10,8
1840,14,17
1840,15,43
1841,01,3191
1841,02,725
1841,03,1226
1841,04,313
1841,05,277
1841,06,1001
1841,07,177
1841,10,15
1841,14,43
1841,15,85
1845,01,780
1845,02,161
1845,03,251
1845,04,117
1845,05,155
1845,06,208
1845,07,23
1845,10,7
1845,14,5
1845,15,10
1848,01,598
1848,02,154
1848,03,295
1848,04,207
1848,05,271
1848,06,207
1848,07,62
1848,10,9
1848,14,11
1848,15,18
1851,01,620
1851,02,172
1851,03,457
1851,04,93
1851,05,94
1851,06,217
1851,07,67
1851,10,8
1851,14,6
1851,15,7
1853,01,356
1853,02,113
1853,03,181
1853,04,81
1853,05,137
1853,06,104
1853,07,45
1853,10,9
1853,14,7
1853,15,9
1856,01,202
1856,02,20
1856,03,48
1856,04,18
1856,05,24
1856,06,49
1856,07,25
1856,10,1
1857,01,249
1857,02,52
1857,03,56
1857,04,70
1857,05,21
1857,06,48
1857,07,3
1857,10,5
1857,15,7
1859,01,343
1859,02,76
1859,03,132
1859,04,63
1859,05,112
1859,06,171
1859,07,17
1859,10,3
1859,15,12
1860,01,1839
1860,02,736
1860,03,1122
1860,04,719
1860,05,703
1860,06,684
1860,07,107
1860,10,111
1860,14,19
1860,15,50
1865,01,1731
1865,02,705
1865,03,1115
1865,04,250
1865,05,273
1865,06,750
1865,07,125
1865,10,33
1865,14,13
1865,15,112
1866,01,1784
1866,02,605
1866,03,853
1866,04,492
1866,05,298
1866,06,690
1866,07,149
1866,10,53
1866,14,22
1866,15,45
1867,01,788
1867,02,334
1867,03,381
1867,04,236
1867,05,141
1867,06,333
1867,07,100
1867,10,17
1867,14,7
1867,15,17
1868,01,907
1868,02,267
1868,03,552
1868,04,375
1868,05,155
1868,06,345
1868,07,78
1868,10,15
1868,14,4
1868,15,17
1870,01,1679
1870,02,592
1870,03,1085
1870,04,317
1870,05,259
1870,06,665
1870,07,165
1870,10,20
1870,14,20
1870,15,38
1871,01,1604
1871,02,432
1871,03,962
1871,04,223
1871,05,283
1871,06,405
1871,07,192
1871,10,25
1871,14,10
1871,15,11
1874,01,375
1874,02,63
1874,03,80
1874,04,56
1874,05,67
1874,06,181
1874,07,9
1874,10,4
1874,14,5
1874,15,5
1875,01,1140
1875,02,236
1875,03,430
1875,04,350
1875,05,221
1875,06,398
1875,07,75
1875,10,11
1875,14,14
1875,15,25
3101,01,7759
3101,02,1971
3101,03,2382
3101,04,1558
3101,05,829
3101,06,1522
3101,07,216
3101,08,211
3101,10,66
3101,15,82
3103,01,8129
3103,02,3933
3103,03,6042
3103,04,992
3103,05,649
3103,06,2514
3103,07,465
3103,08,98
3103,10,161
3103,15,189
3105,01,14671
3105,02,3559
3105,03,4709
3105,04,2377
3105,05,1138
3105,06,2788
3105,07,467
3105,08,111
3105,10,95
3105,15,192
3107,01,17442
3107,02,5345
3107,03,8900
3107,04,3293
3107,05,1176
3107,06,5145
3107,07,855
3107,08,235
3107,10,164
3107,15,201
3110,01,644
3110,02,342
3110,03,506
3110,04,176
3110,05,47
3110,06,215
3110,07,42
3110,08,11
3110,10,5
3110,15,2
3112,01,1208
3112,02,681
3112,03,692
3112,04,468
3112,05,478
3112,06,247
3112,07,43
3112,08,12
3112,10,14
3112,15,7
3114,01,534
3114,02,479
3114,03,583
3114,04,196
3114,05,304
3114,06,196
3114,07,44
3114,08,4
3114,10,7
3114,15,7
3116,01,603
3116,02,246
3116,03,273
3116,04,237
3116,05,339
3116,06,124
3116,07,48
3116,08,6
3116,10,3
3116,15,14
3118,01,7016
3118,02,3336
3118,03,4190
3118,04,2033
3118,05,2640
3118,06,1773
3118,07,466
3118,08,79
3118,10,147
3118,15,58
3120,01,1445
3120,02,500
3120,03,576
3120,04,765
3120,05,959
3120,06,204
3120,07,63
3120,08,11
3120,10,13
3120,15,2
3122,01,870
3122,02,171
3122,03,254
3122,04,399
3122,05,344
3122,06,107
3122,07,18
3122,08,9
3122,10,11
3122,15,2
3124,01,382
3124,02,68
3124,03,128
3124,04,171
3124,05,165
3124,06,45
3124,07,9
3124,08,7
3124,10,2
3201,01,11196
3201,02,8895
3201,03,26639
3201,04,1939
3201,05,956
3201,06,5017
3201,07,2194
3201,08,400
3201,14,313
3201,15,410
3203,01,10768
3203,02,6301
3203,03,14365
3203,04,1679
3203,05,1006
3203,06,3774
3203,07,1477
3203,08,229
3203,14,213
3203,15,254
3205,01,14151
3205,02,4611
3205,03,7854
3205,04,1466
3205,05,1741
3205,06,3730
3205,07,690
3205,08,132
3205,14,194
3205,15,174
3207,01,7104
3207,02,4378
3207,03,9663
3207,04,1163
3207,05,771
3207,06,2886
3207,07,797
3207,08,149
3207,14,120
3207,15,139
3209,01,4076
3209,02,2011
3209,03,2649
3209,04,473
3209,05,923
3209,06,1043
3209,07,256
3209,08,46
3209,14,67
3209,15,42
3212,01,2052
3212,02,1269
3212,03,2336
3212,04,352
3212,05,170
3212,06,1241
3212,07,263
3212,08,94
3212,14,33
3212,15,109
3214,01,1578
3214,02,1159
3214,03,2102
3214,04,206
3214,05,353
3214,06,617
3214,07,249
3214,08,22
3214,14,24
3214,15,21
3216,01,1898
3216,02,1175
3216,03,1943
3216,04,242
3216,05,496
3216,06,558
3216,07,153
3216,08,47
3216,14,25
3216,15,49
3218,01,2039
3218,02,954
3218,03,1975
3218,04,372
3218,05,925
3218,06,863
3218,07,286
3218,08,48
3218,14,34
3218,15,68
3220,01,1572
3220,02,879
3220,03,1001
3220,04,336
3220,05,348
3220,06,493
3220,07,131
3220,08,19
3220,14,29
3220,15,18
3222,01,6109
3222,02,2490
3222,03,4065
3222,04,629
3222,05,383
3222,06,1953
3222,07,393
3222,08,56
3222,14,90
3222,15,110
3224,01,3261
3224,02,1248
3224,03,1931
3224,04,363
3224,05,245
3224,06,1005
3224,07,156
3224,08,38
3224,14,57
3224,15,39
3226,01,4028
3226,02,964
3226,03,1011
3226,04,770
3226,05,1132
3226,06,588
3226,07,106
3226,08,23
3226,10,1
3226,14,30
3226,15,7
3228,01,4880
3228,02,1128
3228,03,1215
3228,04,443
3228,05,1108
3228,06,991
3228,07,156
3228,08,21
3228,14,33
3228,15,13
3230,01,730
3230,02,360
3230,03,530
3230,04,177
3230,05,327
3230,06,195
3230,07,32
3230,08,8
3230,14,5
3230,15,8
3232,01,3399
3232,02,1838
3232,03,2755
3232,04,345
3232,05,317
3232,06,1069
3232,07,275
3232,08,53
3232,14,76
3232,15,42
3234,01,2144
3234,02,585
3234,03,762
3234,04,267
3234,05,494
3234,06,521
3234,07,72
3234,08,17
3234,15,16
3236,01,1898
3236,02,435
3236,03,687
3236,04,144
3236,05,182
3236,06,436
3236,07,29
3236,08,8
3236,15,21
3238,01,2072
3238,02,751
3238,03,768
3238,04,310
3238,05,487
3238,06,480
3238,07,93
3238,08,18
3238,14,17
3238,15,12
3240,01,4774
3240,02,1416
3240,03,1620
3240,04,526
3240,05,806
3240,06,1069
3240,07,177
3240,08,24
3240,14,42
3240,15,31
3242,01,722
3242,02,150
3242,03,196
3242,04,200
3242,05,161
3242,06,141
3242,07,77
3242,08,3
3242,14,2
3242,15,4
3301,01,19350
3301,02,7937
3301,03,13896
3301,04,2484
3301,05,742
3301,06,3265
3301,07,670
3301,08,232
3301,10,16
3301,14,333
3301,15,268
3303,01,5302
3303,02,1852
3303,03,3268
3303,04,517
3303,05,731
3303,06,1279
3303,07,491
3303,08,31
3303,14,45
3303,15,66
3305,01,8422
3305,02,2181
3305,03,3556
3305,04,627
3305,05,849
3305,06,1610
3305,07,288
3305,08,56
3305,14,166
3305,15,86
3310,01,901
3310,02,456
3310,03,849
3310,04,126
3310,05,285
3310,06,172
3310,07,65
3310,08,16
3310,14,24
3310,15,4
3312,01,4124
3312,02,1776
3312,03,3436
3312,04,471
3312,05,762
3312,06,875
3312,07,224
3312,08,44
3312,14,55
3312,15,43
3314,01,3625
3314,02,1308
3314,03,1977
3314,04,483
3314,05,825
3314,06,647
3314,07,126
3314,08,26
3314,14,55
3314,15,27
3316,01,3884
3316,02,795
3316,03,1303
3316,04,373
3316,05,757
3316,06,471
3316,07,103
3316,08,21
3316,14,37
3316,15,24
3318,01,679
3318,02,168
3318,03,287
3318,04,65
3318,05,177
3318,06,162
3318,07,21
3318,08,1
3318,14,6
3318,15,3
3320,01,407
3320,02,73
3320,03,142
3320,04,50
3320,05,92
3320,06,42
3320,07,5
3320,14,1
3320,15,2
3322,01,903
3322,02,159
3322,03,420
3322,04,228
3322,05,284
3322,06,126
3322,07,62
3322,08,6
3322,14,7
3322,15,5
3324,01,828
3324,02,302
3324,03,574
3324,04,258
3324,05,395
3324,06,174
3324,07,121
3324,08,6
3324,14,13
3324,15,5
3326,01,234
3326,02,72
3326,03,232
3326,04,144
3326,05,261
3326,06,56
3326,07,24
3326,08,3
3326,14,1
3326,15,4
3328,01,856
3328,02,283
3328,03,601
3328,04,390
3328,05,470
3328,06,198
3328,07,155
3328,08,9
3328,14,10
3328,15,12
3330,01,967
3330,02,426
3330,03,740
3330,04,203
3330,05,267
3330,06,162
3330,07,118
3330,08,5
3330,14,7
3330,15,6
3332,01,902
3332,02,245
3332,03,509
3332,04,78
3332,05,602
3332,06,97
3332,07,61
3332,08,2
3332,14,10
3332,15,1
3334,01,548
3334,02,203
3334,03,355
3334,04,85
3334,05,260
3334,06,95
3334,07,54
3334,08,8
3334,14,4
3334,15,5
3336,01,331
3336,02,67
3336,03,121
3336,04,86
3336,05,242
3336,06,85
3336,07,18
3336,08,2
3336,14,3
3336,15,4
3338,01,674
3338,02,168
3338,03,288
3338,04,125
3338,05,412
3338,06,141
3338,07,22
3338,08,5
3338,14,5
3338,15,7
3401,01,5901
3401,02,1273
3401,03,1386
3401,04,340
3401,05,601
3401,06,1383
3401,07,166
3401,08,29
3401,15,42
3403,01,8578
3403,02,1250
3403,03,3230
3403,04,658
3403,05,702
3403,06,2149
3403,07,322
3403,08,74
3403,15,87
3405,01,6234
3405,02,1542
3405,03,2825
3405,04,722
3405,05,1051
3405,06,1777
3405,07,411
3405,08,66
3405,15,65
3407,01,8910
3407,02,1687
3407,03,2578
3407,04,1099
3407,05,1137
3407,06,1406
3407,07,317
3407,08,50
3407,15,72
3411,01,10515
3411,02,1319
3411,03,2523
3411,04,754
3411,05,2070
3411,06,2139
3411,07,252
3411,08,86
3411,15,50
3412,01,2706
3412,02,300
3412,03,426
3412,04,98
3412,05,444
3412,06,526
3412,07,29
3412,08,9
3412,15,28
3413,01,6625
3413,02,758
3413,03,1129
3413,04,427
3413,05,923
3413,06,1451
3413,07,142
3413,08,41
3413,15,45
3414,01,2415
3414,02,260
3414,03,222
3414,04,82
3414,05,238
3414,06,436
3414,07,18
3414,08,14
3414,15,5
3415,01,2939
3415,02,393
3415,03,424
3415,04,105
3415,05,473
3415,06,571
3415,07,51
3415,08,15
3415,15,24
3416,01,2384
3416,02,341
3416,03,397
3416,04,185
3416,05,319
3416,06,409
3416,07,47
3416,08,14
3416,15,6
3417,01,2252
3417,02,306
3417,03,360
3417,04,115
3417,05,430
3417,06,397
3417,07,45
3417,08,19
3417,15,7
3418,01,2684
3418,02,496
3418,03,423
3418,04,255
3418,05,626
3418,06,859
3418,07,53
3418,08,29
3418,15,17
3419,01,1345
3419,02,317
3419,03,293
3419,04,83
3419,05,313
3419,06,403
3419,07,22
3419,08,15
3419,15,5
3420,01,5218
3420,02,1318
3420,03,1787
3420,04,263
3420,05,782
3420,06,1214
3420,07,233
3420,08,40
3420,15,51
3421,01,2392
3421,02,299
3421,03,521
3421,04,267
3421,05,623
3421,06,505
3421,07,91
3421,08,23
3421,15,10
3422,01,1444
3422,02,244
3422,03,307
3422,04,45
3422,05,330
3422,06,519
3422,07,18
3422,08,10
3422,15,31
3423,01,1216
3423,02,148
3423,03,240
3423,04,20
3423,05,238
3423,06,309
3423,07,30
3423,08,12
3423,15,8
3424,01,926
3424,02,156
3424,03,145
3424,04,32
3424,05,349
3424,06,177
3424,07,23
3424,08,5
3424,15,5
3425,01,508
3425,02,64
3425,03,143
3425,04,19
3425,05,252
3425,06,59
3425,07,44
3425,08,2
3425,15,2
3426,01,355
3426,02,49
3426,03,95
3426,04,42
3426,05,470
3426,06,114
3426,07,28
3426,08,4
3426,15,8
3427,01,1229
3427,02,219
3427,03,386
3427,04,171
3427,05,887
3427,06,361
3427,07,146
3427,08,12
3427,15,13
3428,01,586
3428,02,65
3428,03,147
3428,04,86
3428,05,484
3428,06,93
3428,07,96
3428,08,7
3428,15,2
3429,01,674
3429,02,69
3429,03,79
3429,04,30
3429,05,389
3429,06,86
3429,07,15
3429,08,2
3429,15,5
3430,01,535
3430,02,45
3430,03,63
3430,04,75
3430,05,381
3430,06,156
3430,07,22
3430,08,9
3430,15,2
3431,01,898
3431,02,192
3431,03,263
3431,04,47
3431,05,435
3431,06,150
3431,07,25
3431,08,4
3431,15,2
3432,01,552
3432,02,107
3432,03,169
3432,04,121
3432,05,496
3432,06,92
3432,07,33
3432,08,6
3432,15,2
3433,01,690
3433,02,112
3433,03,127
3433,04,51
3433,05,448
3433,06,141
3433,07,42
3433,08,6
3433,15,2
3434,01,690
3434,02,76
3434,03,108
3434,04,78
3434,05,438
3434,06,151
3434,07,39
3434,08,4
3434,15,1
3435,01,1357
3435,02,148
3435,03,174
3435,04,47
3435,05,547
3435,06,227
3435,07,37
3435,08,4
3435,15,4
3436,01,2135
3436,02,300
3436,03,363
3436,04,144
3436,05,570
3436,06,336
3436,07,54
3436,08,11
3436,15,12
3437,01,2194
3437,02,284
3437,03,371
3437,04,114
3437,05,503
3437,06,465
3437,07,45
3437,08,23
3437,15,11
3438,01,1264
3438,02,170
3438,03,196
3438,04,59
3438,05,417
3438,06,124
3438,07,25
3438,08,3
3438,15,1
3439,01,1714
3439,02,236
3439,03,317
3439,04,159
3439,05,605
3439,06,209
3439,07,50
3439,08,12
3439,15,7
3440,01,1327
3440,02,203
3440,03,299
3440,04,178
3440,05,593
3440,06,230
3440,07,55
3440,08,10
3440,15,5
3441,01,2035
3441,02,322
3441,03,258
3441,04,185
3441,05,735
3441,06,443
3441,07,95
3441,08,12
3441,15,11
3442,01,4707
3442,02,931
3442,03,1041
3442,04,578
3442,05,1289
3442,06,641
3442,07,185
3442,08,23
3442,15,24
3443,01,4592
3443,02,825
3443,03,1078
3443,04,484
3443,05,694
3443,06,711
3443,07,130
3443,08,16
3443,15,36
3446,01,3771
3446,02,936
3446,03,1022
3446,04,439
3446,05,1177
3446,06,623
3446,07,138
3446,08,20
3446,15,24
3447,01,2500
3447,02,350
3447,03,323
3447,04,97
3447,05,327
3447,06,449
3447,07,91
3447,08,26
3447,15,19
3448,01,2687
3448,02,349
3448,03,366
3448,04,187
3448,05,448
3448,06,372
3448,07,97
3448,08,7
3448,15,11
3449,01,1022
3449,02,188
3449,03,224
3449,04,252
3449,05,376
3449,06,133
3449,07,31
3449,08,3
3449,15,4
3450,01,443
3450,02,97
3450,03,89
3450,04,119
3450,05,246
3450,06,53
3450,07,25
3450,08,1
3450,15,3
3451,01,1670
3451,02,481
3451,03,624
3451,04,350
3451,05,660
3451,06,221
3451,07,100
3451,08,6
3452,01,535
3452,02,198
3452,03,118
3452,04,95
3452,05,407
3452,06,64
3452,07,51
3452,08,2
3452,15,2
3453,01,705
3453,02,181
3453,03,239
3453,04,127
3453,05,469
3453,06,126
3453,07,88
3453,08,5
3453,15,4
3454,01,343
3454,02,112
3454,03,102
3454,04,79
3454,05,343
3454,06,35
3454,07,18
3454,08,3
3454,15,4
3901,01,5076
3901,02,2184
3901,03,4087
3901,04,742
3901,05,336
3901,06,1381
3901,07,297
3901,08,64
3901,10,116
3901,15,79
3903,01,5708
3903,02,2567
3903,03,3636
3903,04,1172
3903,05,1734
3903,06,1147
3903,07,323
3903,08,71
3903,10,78
3903,15,58
3905,01,5929
3905,02,3390
3905,03,6671
3905,04,1535
3905,05,538
3905,06,1803
3905,07,441
3905,08,117
3905,10,158
3905,15,138
3907,01,8047
3907,02,5511
3907,03,9850
3907,04,2517
3907,05,1288
3907,06,2500
3907,07,931
3907,08,185
3907,10,254
3907,15,162
3909,01,8387
3909,02,3988
3909,03,6255
3909,04,2082
3909,05,1436
3909,06,2299
3909,07,976
3909,08,71
3909,10,256
3909,15,94
3911,01,3454
3911,02,2690
3911,03,5076
3911,04,770
3911,05,242
3911,06,1095
3911,07,408
3911,08,121
3911,10,72
3911,15,121
4001,01,7743
4001,02,2742
4001,03,4050
4001,04,1730
4001,05,272
4001,06,2984
4001,07,485
4001,08,68
4001,10,123
4001,15,107
4003,01,10310
4003,02,4485
4003,03,5844
4003,04,3116
4003,05,747
4003,06,4327
4003,07,713
4003,08,90
4003,10,220
4003,15,164
4005,01,3829
4005,02,896
4005,03,1065
4005,04,860
4005,05,417
4005,06,909
4005,07,157
4005,08,20
4005,10,22
4005,15,138
4010,01,542
4010,02,123
4010,03,192
4010,04,175
4010,05,124
4010,06,141
4010,07,37
4010,08,2
4010,15,5
4012,01,2981
4012,02,1218
4012,03,1605
4012,04,791
4012,05,239
4012,06,1033
4012,07,159
4012,08,20
4012,10,55
4012,15,58
4014,01,2363
4014,02,828
4014,03,1172
4014,04,762
4014,05,226
4014,06,920
4014,07,271
4014,08,23
4014,10,47
4014,15,39
4016,01,1096
4016,02,228
4016,03,302
4016,04,433
4016,05,224
4016,06,407
4016,07,123
4016,08,10
4016,10,13
4016,15,4
4018,01,1672
4018,02,483
4018,03,630
4018,04,506
4018,05,335
4018,06,605
4018,07,94
4018,08,9
4018,10,22
4018,15,7
4020,01,1960
4020,02,688
4020,03,773
4020,04,689
4020,05,673
4020,06,682
4020,07,229
4020,08,50
4020,10,22
4020,15,24
4022,01,602
4022,02,202
4022,03,251
4022,04,243
4022,05,181
4022,06,199
4022,07,73
4022,08,10
4022,10,8
4022,15,8
4024,01,410
4024,02,96
4024,03,131
4024,04,193
4024,05,174
4024,06,84
4024,07,12
4024,08,3
4024,10,7
4024,15,6
4026,01,1920
4026,02,387
4026,03,676
4026,04,213
4026,05,640
4026,06,607
4026,07,69
4026,08,8
4026,10,25
4026,15,9
4028,01,586
4028,02,174
4028,03,219
4028,04,265
4028,05,216
4028,06,231
4028,07,48
4028,08,5
4028,10,6
4028,15,6
4030,01,313
4030,02,88
4030,03,87
4030,04,224
4030,05,105
4030,06,110
4030,07,23
4030,08,3
4030,15,2
4032,01,341
4032,02,73
4032,03,65
4032,04,84
4032,05,128
4032,06,184
4032,07,23
4032,08,3
4032,10,3
4032,15,4
4034,01,678
4034,02,123
4034,03,226
4034,04,195
4034,05,207
4034,06,328
4034,07,20
4034,08,3
4034,10,7
4034,15,3
4036,01,634
4036,02,167
4036,03,296
4036,04,271
4036,05,358
4036,06,620
4036,07,54
4036,08,4
4036,10,6
4036,15,5
4201,01,1425
4201,02,632
4201,03,822
4201,04,653
4201,05,158
4201,06,372
4201,07,208
4201,08,15
4201,14,7
4201,15,36
4202,01,2051
4202,02,1634
4202,03,2013
4202,04,1930
4202,05,593
4202,06,528
4202,07,394
4202,08,36
4202,14,15
4202,15,21
4203,01,7898
4203,02,4100
4203,03,4751
4203,04,2844
4203,05,592
4203,06,1649
4203,07,1105
4203,08,74
4203,14,83
4203,15,95
4204,01,11211
4204,02,8834
4204,03,11888
4204,04,8304
4204,05,1013
4204,06,2957
4204,07,1964
4204,08,339
4204,10,1139
4204,15,204
4205,01,2823
4205,02,2136
4205,03,2450
4205,04,2339
4205,05,1039
4205,06,701
4205,07,712
4205,08,49
4205,10,216
4205,15,42
4206,01,1165
4206,02,1149
4206,03,1547
4206,04,1031
4206,05,260
4206,06,209
4206,07,226
4206,08,22
4206,10,57
4206,15,11
4207,01,1315
4207,02,925
4207,03,1358
4207,04,1143
4207,05,222
4207,06,234
4207,07,254
4207,08,17
4207,10,49
4207,15,1
4211,01,655
4211,02,170
4211,03,168
4211,04,265
4211,05,147
4211,06,118
4211,07,76
4211,08,2
4211,14,8
4211,15,2
4212,01,491
4212,02,107
4212,03,140
4212,04,287
4212,05,115
4212,06,33
4212,07,43
4212,08,1
4212,15,1
4213,01,1063
4213,02,665
4213,03,685
4213,04,579
4213,05,251
4213,06,262
4213,07,193
4213,08,9
4213,14,7
4213,15,4
4214,01,938
4214,02,337
4214,03,245
4214,04,432
4214,05,229
4214,06,123
4214,07,90
4214,08,4
4214,14,6
4214,15,2
4215,01,1141
4215,02,881
4215,03,1216
4215,04,780
4215,05,167
4215,06,330
4215,07,242
4215,08,39
4215,14,12
4215,15,11
4216,01,629
4216,02,446
4216,03,364
4216,04,613
4216,05,250
4216,06,116
4216,07,74
4216,08,8
4216,14,4
4216,15,5
4217,01,606
4217,02,109
4217,03,105
4217,04,134
4217,05,156
4217,06,100
4217,07,20
4217,08,5
4217,14,8
4217,15,5
4218,01,169
4218,02,109
4218,03,72
4218,04,178
4218,05,85
4218,06,32
4218,07,22
4218,08,2
4218,14,4
4218,15,2
4219,01,828
4219,02,285
4219,03,273
4219,04,376
4219,05,153
4219,06,102
4219,07,80
4219,08,3
4219,14,6
4219,15,4
4220,01,284
4220,02,72
4220,03,112
4220,04,143
4220,05,170
4220,06,42
4220,07,32
4220,08,2
4220,14,2
4220,15,6
4221,01,291
4221,02,113
4221,03,92
4221,04,207
4221,05,158
4221,06,33
4221,07,18
4221,14,1
4221,15,4
4222,01,139
4222,02,54
4222,03,53
4222,04,82
4222,05,59
4222,06,30
4222,07,3
4222,08,1
4222,15,1
4223,01,2342
4223,02,1180
4223,03,709
4223,04,1844
4223,05,313
4223,06,385
4223,07,178
4223,08,21
4223,10,98
4223,15,8
4224,01,109
4224,02,70
4224,03,92
4224,04,136
4224,05,124
4224,06,10
4224,07,6
4224,08,1
4224,10,6
4225,01,692
4225,02,598
4225,03,870
4225,04,1011
4225,05,278
4225,06,135
4225,07,157
4225,08,10
4225,10,29
4225,15,8
4226,01,226
4226,02,92
4226,03,108
4226,04,330
4226,05,150
4226,06,14
4226,07,15
4226,08,3
4226,10,15
4227,01,834
4227,02,631
4227,03,584
4227,04,787
4227,05,185
4227,06,139
4227,07,117
4227,08,4
4227,10,44
4227,15,8
4228,01,236
4228,02,70
4228,03,208
4228,04,261
4228,05,190
4228,06,40
4228,07,63
4228,08,3
4228,10,2
4228,15,5
4601,01,41787
4601,02,21196
4601,03,35845
4601,04,10370
4601,05,2061
4601,06,13417
4601,07,4789
4601,08,771
4601,10,630
4601,14,575
4601,15,2221
4602,01,2800
4602,02,1013
4602,03,2521
4602,04,1109
4602,05,548
4602,06,631
4602,07,867
4602,15,68
4611,01,601
4611,02,276
4611,03,399
4611,04,432
4611,05,439
4611,06,142
4611,07,134
4611,08,11
4611,10,1
4611,14,12
4611,15,6
4612,01,643
4612,02,445
4612,03,524
4612,04,501
4612,05,285
4612,06,140
4612,07,138
4612,08,4
4612,10,6
4612,14,11
4612,15,7
4613,01,1062
4613,02,795
4613,03,1041
4613,04,1812
4613,05,295
4613,06,346
4613,07,329
4613,08,12
4613,10,3
4613,14,15
4613,15,13
4614,01,2690
4614,02,1241
4614,03,1558
4614,04,1285
4614,05,353
4614,06,825
4614,07,564
4614,08,37
4614,10,18
4614,14,18
4614,15,66
4615,01,309
4615,02,309
4615,03,331
4615,04,489
4615,05,198
4615,06,88
4615,07,79
4615,08,4
4615,10,1
4615,14,7
4615,15,7
4616,01,339
4616,02,251
4616,03,369
4616,04,368
4616,05,301
4616,06,83
4616,07,70
4616,08,4
4616,10,5
4616,14,1
4616,15,7
4617,01,2019
4617,02,1123
4617,03,1381
4617,04,1222
4617,05,974
4617,06,635
4617,07,311
4617,08,25
4617,10,17
4617,14,8
4617,15,51
4618,01,3244
4618,02,727
4618,03,1247
4618,04,687
4618,05,980
4618,06,1160
4618,07,381
4618,08,30
4618,10,26
4618,14,59
4618,15,109
4619,01,297
4619,02,88
4619,03,107
4619,04,36
4619,05,83
4619,06,36
4619,07,22
4619,08,3
4619,10,4
4619,14,2
4619,15,4
4620,01,215
4620,02,51
4620,03,120
4620,04,32
4620,05,174
4620,06,87
4620,07,71
4620,08,3
4620,10,5
4620,14,5
4620,15,11
4621,01,3498
4621,02,704
4621,03,1248
4621,04,917
4621,05,1697
4621,06,835
4621,07,384
4621,08,43
4621,10,26
4621,14,21
4621,15,153
4622,01,1348
4622,02,553
4622,03,965
4622,04,977
4622,05,773
4622,06,374
4622,07,273
4622,08,18
4622,10,13
4622,14,17
4622,15,12
4623,01,583
4623,02,169
4623,03,204
4623,04,241
4623,05,104
4623,06,107
4623,07,48
4623,08,5
4623,10,2
4623,15,6
4624,01,2672
4624,02,1588
4624,03,2178
4624,04,1259
4624,05,887
4624,06,678
4624,07,380
4624,08,29
4624,10,20
4624,14,21
4624,15,59
4625,01,386
4625,02,302
4625,03,537
4625,04,439
4625,05,597
4625,06,91
4625,07,52
4625,08,6
4625,10,7
4625,14,4
4625,15,9
4626,01,3661
4626,02,2369
4626,03,3138
4626,04,2281
4626,05,427
4626,06,776
4626,07,370
4626,08,36
4626,10,39
4626,14,30
4626,15,57
4627,01,3691
4627,02,1792
4627,03,2256
4627,04,1176
4627,05,178
4627,06,1390
4627,07,411
4627,08,41
4627,10,23
4627,14,22
4627,15,81
4628,01,1244
4628,02,271
4628,03,383
4628,04,418
4628,05,238
4628,06,307
4628,07,101
4628,08,11
4628,10,8
4628,14,5
4628,15,20
4629,01,33
4629,02,17
4629,03,33
4629,04,31
4629,05,41
4629,06,18
4629,07,5
4629,08,1
4630,01,1276
4630,02,612
4630,03,728
4630,04,612
4630,05,480
4630,06,345
4630,07,166
4630,08,14
4630,10,13
4630,14,11
4630,15,16
4631,01,3012
4631,02,1524
4631,03,2324
4631,04,2430
4631,05,1364
4631,06,914
4631,07,542
4631,08,42
4631,10,26
4631,14,32
4631,15,44
4632,01,347
4632,02,229
4632,03,381
4632,04,333
4632,05,98
4632,06,73
4632,07,82
4632,08,3
4632,10,2
4632,14,2
4632,15,11
4633,01,126
4633,02,60
4633,03,125
4633,04,140
4633,05,10
4633,06,21
4633,07,15
4633,14,2
4633,15,1
4634,01,300
4634,02,109
4634,03,213
4634,04,235
4634,05,180
4634,06,80
4634,07,60
4634,08,3
4634,10,1
4634,14,3
4634,15,6
4635,01,384
4635,02,126
4635,03,270
4635,04,266
4635,05,316
4635,06,111
4635,07,64
4635,15,9
4636,01,148
4636,02,51
4636,03,164
4636,04,113
4636,05,65
4636,06,39
4636,07,46
4636,15,6
4637,01,329
4637,02,46
4637,03,159
4637,04,172
4637,05,245
4637,06,69
4637,07,53
4637,15,7
4638,01,1455
4638,02,175
4638,03,393
4638,04,268
4638,05,299
4638,06,322
4638,07,82
4638,15,25
4639,01,488
4639,02,82
4639,03,211
4639,04,190
4639,05,413
4639,06,128
4639,07,34
4639,15,13
4640,01,1495
4640,02,217
4640,03,738
4640,04,649
4640,05,745
4640,06,411
4640,07,276
4640,15,42
4641,01,383
4641,02,67
4641,03,204
4641,04,94
4641,05,209
4641,06,112
4641,07,61
4641,15,5
4642,01,1266
4642,02,151
4642,03,389
4642,04,317
4642,05,527
4642,06,285
4642,07,180
4642,15,24
4643,01,2659
4643,02,251
4643,03,324
4643,04,159
4643,05,84
4643,06,447
4643,07,81
4643,15,23
4644,01,1312
4644,02,138
4644,03,273
4644,04,625
4644,05,435
4644,06,200
4644,07,115
4644,15,15
4645,01,602
4645,02,120
4645,03,330
4645,04,379
4645,05,394
4645,06,109
4645,07,92
4645,15,18
4646,01,959
4646,02,158
4646,03,528
4646,04,675
4646,05,872
4646,06,220
4646,07,171
4646,15,42
4647,01,2125
4647,02,410
4647,03,1210
4647,04,1853
4647,05,1612
4647,06,842
4647,07,317
4647,15,94
4648,01,942
4648,02,178
4648,03,573
4648,04,497
4648,05,291
4648,06,229
4648,07,155
4648,15,13
4649,01,1270
4649,02,496
4649,03,987
4649,04,793
4649,05,1073
4649,06,250
4649,07,390
4649,15,16
4650,01,844
4650,02,224
4650,03,668
4650,04,821
4650,05,1690
4650,06,243
4650,07,312
4650,15,24
4651,01,863
4651,02,282
4651,03,647
4651,04,529
4651,05,1525
4651,06,141
4651,07,95
4651,15,39
5001,01,32114
5001,02,9879
5001,03,23359
5001,04,4813
5001,05,2684
5001,06,12573
5001,07,2772
5001,08,536
5001,14,312
5001,15,1402
5006,01,6378
5006,02,1178
5006,03,1866
5006,04,546
5006,05,3334
5006,06,2094
5006,07,825
5006,08,22
5006,14,45
5006,15,44
5007,01,3289
5007,02,636
5007,03,1008
5007,04,447
5007,05,802
5007,06,1368
5007,07,297
5007,08,14
5007,14,12
5007,15,28
5014,01,996
5014,02,261
5014,03,386
5014,04,338
5014,05,123
5014,06,275
5014,07,83
5014,08,5
5014,14,10
5014,15,4
5020,01,436
5020,02,139
5020,03,202
5020,04,227
5020,05,303
5020,06,127
5020,07,67
5020,08,3
5020,14,3
5020,15,5
5021,01,1355
5021,02,300
5021,03,708
5021,04,396
5021,05,689
5021,06,317
5021,07,148
5021,08,8
5021,14,6
5021,15,3
5022,01,601
5022,02,93
5022,03,186
5022,04,362
5022,05,364
5022,06,116
5022,07,80
5022,08,1
5022,14,6
5022,15,4
5025,01,1637
5025,02,286
5025,03,504
5025,04,131
5025,05,275
5025,06,530
5025,07,113
5025,08,9
5025,14,16
5025,15,44
5026,01,1003
5026,02,73
5026,03,117
5026,04,96
5026,05,155
5026,06,234
5026,07,44
5026,08,2
5026,14,5
5026,15,7
5027,01,1527
5027,02,224
5027,03,336
5027,04,462
5027,05,839
5027,06,287
5027,07,152
5027,08,7
5027,14,4
5027,15,14
5028,01,2877
5028,02,671
5028,03,1162
5028,04,782
5028,05,1066
5028,06,693
5028,07,241
5028,08,16
5028,14,26
5028,15,13
5029,01,1239
5029,02,293
5029,03,478
5029,04,304
5029,05,598
5029,06,339
5029,07,108
5029,08,8
5029,14,1
5029,15,3
5031,01,2469
5031,02,606
5031,03,1146
5031,04,250
5031,05,286
5031,06,740
5031,07,177
5031,08,28
5031,14,17
5031,15,29
5032,01,1059
5032,02,161
5032,03,408
5032,04,171
5032,05,403
5032,06,284
5032,07,92
5032,08,3
5032,14,1
5032,15,16
5033,01,287
5033,02,56
5033,03,78
5033,04,24
5033,05,105
5033,06,86
5033,07,20
5033,08,3
5033,15,4
5034,01,795
5034,02,136
5034,03,155
5034,04,42
5034,05,136
5034,06,309
5034,07,121
5034,08,4
5034,14,3
5034,15,6
5035,01,3905
5035,02,1066
5035,03,1581
5035,04,718
5035,05,1516
5035,06,1195
5035,07,457
5035,08,14
5035,14,18
5035,15,48
5036,01,529
5036,02,93
5036,03,185
5036,04,135
5036,05,466
5036,06,108
5036,07,70
5036,08,3
5036,14,2
5036,15,3
5037,01,3550
5037,02,770
5037,03,1244
5037,04,771
5037,05,1836
5037,06,1667
5037,07,439
5037,08,21
5037,14,32
5037,15,35
5038,01,3554
5038,02,673
5038,03,777
5038,04,261
5038,05,1294
5038,06,1145
5038,07,286
5038,08,5
5038,14,25
5038,15,48
5041,01,609
5041,02,56
5041,03,99
5041,04,25
5041,05,558
5041,06,190
5041,07,99
5041,08,2
5041,14,1
5041,15,5
5042,01,409
5042,02,53
5042,03,74
5042,04,69
5042,05,222
5042,06,71
5042,07,73
5042,08,3
5042,15,2
5043,01,206
5043,02,25
5043,03,32
5043,04,45
5043,05,57
5043,06,39
5043,07,36
5043,08,1
5043,15,2
5044,01,395
5044,02,63
5044,03,69
5044,04,36
5044,05,86
5044,06,94
5044,07,25
5044,08,2
5044,14,2
5044,15,3
5045,01,672
5045,02,87
5045,03,158
5045,04,21
5045,05,426
5045,06,250
5045,07,75
5045,08,1
5045,15,6
5046,01,350
5046,02,39
5046,03,36
5046,04,34
5046,05,310
5046,06,77
5046,07,63
5046,08,1
5046,14,4
5046,15,1
5047,01,827
5047,02,129
5047,03,225
5047,04,63
5047,05,723
5047,06,248
5047,07,121
5047,08,2
5047,14,1
5047,15,2
5049,01,289
5049,02,95
5049,03,123
5049,04,77
5049,05,180
5049,06,84
5049,07,38
5049,08,1
5049,14,1
5049,15,2
5052,01,200
5052,02,37
5052,03,28
5052,04,11
5052,05,134
5052,06,81
5052,07,12
5052,08,2
5052,14,2
5052,15,2
5053,01,2248
5053,02,456
5053,03,622
5053,04,481
5053,05,1646
5053,06,673
5053,07,315
5053,08,8
5053,14,15
5053,15,10
5054,01,1278
5054,02,318
5054,03,574
5054,04,486
5054,05,894
5054,06,301
5054,07,136
5054,08,17
5054,14,11
5054,15,12
5055,01,1315
5055,02,303
5055,03,476
5055,04,418
5055,05,572
5055,06,224
5055,07,122
5055,08,9
5055,14,7
5055,15,22
5056,01,844
5056,02,291
5056,03,466
5056,04,226
5056,05,274
5056,06,314
5056,07,42
5056,08,11
5056,14,5
5056,15,33
5057,01,1801
5057,02,690
5057,03,1211
5057,04,430
5057,05,991
5057,06,532
5057,07,221
5057,08,12
5057,14,13
5057,15,26
5058,01,568
5058,02,199
5058,03,329
5058,04,336
5058,05,526
5058,06,154
5058,07,103
5058,08,7
5058,14,7
5058,15,4
5059,01,4057
5059,02,759
5059,03,1350
5059,04,1253
5059,05,1430
5059,06,972
5059,07,393
5059,08,16
5059,14,38
5059,15,47
5060,01,2121
5060,02,532
5060,03,611
5060,04,373
5060,05,1090
5060,06,523
5060,07,274
5060,08,24
5060,14,17
5060,15,19
5061,01,464
5061,02,68
5061,03,122
5061,04,182
5061,05,403
5061,06,74
5061,07,22
5061,10,1
5061,14,2
5061,15,1
5501,01,9945
5501,02,3623
5501,03,6539
5501,04,1792
5501,05,584
5501,06,5588
5501,07,983
5501,08,135
5501,10,112
5501,14,102
5501,15,427
5503,01,4441
5503,02,1811
5503,03,4230
5503,04,735
5503,05,498
5503,06,1458
5503,07,390
5503,08,30
5503,10,55
5503,14,25
5503,15,78
5510,01,696
5510,02,172
5510,03,454
5510,04,105
5510,05,179
5510,06,229
5510,07,107
5510,08,8
5510,10,6
5510,14,3
5510,15,28
5512,01,1155
5512,02,400
5512,03,729
5512,04,239
5512,05,136
5512,06,277
5512,07,75
5512,08,1
5512,10,14
5512,14,14
5512,15,4
5514,01,550
5514,02,135
5514,03,261
5514,04,136
5514,05,65
5514,06,146
5514,07,52
5514,08,1
5514,10,9
5514,14,3
5514,15,2
5516,01,425
5516,02,92
5516,03,146
5516,04,75
5516,05,76
5516,06,82
5516,07,11
5516,08,2
5516,10,6
5516,14,1
5518,01,384
5518,02,61
5518,03,157
5518,04,68
5518,05,30
5518,06,57
5518,07,9
5518,08,1
5518,10,1
5518,15,2
5520,01,960
5520,02,284
5520,03,515
5520,04,108
5520,05,229
5520,06,190
5520,07,49
5520,08,4
5520,10,6
5520,14,5
5520,15,5
5522,01,657
5522,02,154
5522,03,230
5522,04,117
5522,05,108
5522,06,184
5522,07,21
5522,08,8
5522,10,9
5522,14,4
5522,15,8
5524,01,1632
5524,02,500
5524,03,998
5524,04,216
5524,05,332
5524,06,457
5524,07,162
5524,08,14
5524,10,17
5524,14,22
5524,15,11
5526,01,924
5526,02,204
5526,03,295
5526,04,185
5526,05,97
5526,06,212
5526,07,38
5526,08,5
5526,10,8
5526,14,2
5526,15,2
5528,01,427
5528,02,100
5528,03,123
5528,04,84
5528,05,115
5528,06,91
5528,07,11
5528,08,4
5528,10,2
5528,14,3
5528,15,2
5530,01,4164
5530,02,926
5530,03,1585
5530,04,781
5530,05,390
5530,06,1045
5530,07,171
5530,08,23
5530,10,47
5530,14,42
5530,15,53
5532,01,1484
5532,02,431
5532,03,522
5532,04,304
5532,05,321
5532,06,492
5532,07,122
5532,08,8
5532,10,21
5532,14,6
5532,15,28
5534,01,732
5534,02,166
5534,03,183
5534,04,68
5534,05,190
5534,06,194
5534,07,30
5534,08,6
5534,10,4
5534,14,7
5534,15,5
5536,01,969
5536,02,227
5536,03,213
5536,04,198
5536,05,86
5536,06,299
5536,07,37
5536,08,6
5536,10,6
5536,14,7
5536,15,17
5538,01,512
5538,02,93
5538,03,158
5538,04,81
5538,05,35
5538,06,152
5538,07,10
5538,08,7
5538,15,5
5540,01,613
5540,02,118
5540,03,181
5540,04,303
5540,05,85
5540,06,278
5540,07,24
5540,08,14
5540,10,6
5540,14,6
5540,15,7
5542,01,597
5542,02,127
5542,03,309
5542,04,303
5542,05,92
5542,06,211
5542,07,58
5542,08,7
5542,10,7
5542,14,1
5542,15,5
5544,01,1187
5544,02,251
5544,03,378
5544,04,260
5544,05,141
5544,06,309
5544,07,53
5544,08,6
5544,10,6
5544,14,7
5544,15,10
5546,01,393
5546,02,116
5546,03,165
5546,04,124
5546,05,26
5546,06,80
5546,07,11
5546,08,10
5546,10,5
5546,14,10
5546,15,7
5601,01,2450
5601,02,643
5601,03,946
5601,04,468
5601,05,103
5601,06,1113
5601,07,150
5601,08,28
5601,14,8
5601,15,67
5601,25,1615
5603,01,2349
5603,02,338
5603,03,713
5603,04,204
5603,05,65
5603,06,1067
5603,07,48
5603,08,8
5603,14,15
5603,15,60
5603,25,1338
5605,01,2082
5605,02,282
5605,03,934
5605,04,172
5605,05,82
5605,06,897
5605,07,88
5605,08,14
5605,14,18
5605,15,50
5605,25,1025
5607,01,1197
5607,02,158
5607,03,470
5607,04,189
5607,05,25
5607,06,493
5607,07,62
5607,08,13
5607,14,14
5607,15,29
5607,25,881
5610,01,550
5610,02,80
5610,03,190
5610,04,113
5610,05,68
5610,06,154
5610,07,23
5610,08,9
5610,14,1
5610,15,10
5610,25,168
5612,01,361
5612,02,151
5612,03,254
5612,04,179
5612,05,58
5612,06,124
5612,07,74
5612,08,5
5612,14,9
5612,15,4
5612,25,100
5614,01,396
5614,02,57
5614,03,84
5614,04,57
5614,05,33
5614,06,117
5614,07,4
5614,08,4
5614,15,11
5614,25,233
5616,01,358
5616,02,61
5616,03,59
5616,04,24
5616,05,10
5616,06,130
5616,07,8
5616,08,2
5616,14,1
5616,15,3
5616,25,139
5618,01,403
5618,02,51
5618,03,79
5618,04,25
5618,05,123
5618,06,125
5618,07,3
5618,08,3
5618,15,5
5618,25,176
5620,01,932
5620,02,147
5620,03,250
5620,04,77
5620,05,17
5620,06,317
5620,07,11
5620,08,3
5620,14,2
5620,15,11
5620,25,521
5622,01,937
5622,02,205
5622,03,341
5622,04,81
5622,05,22
5622,06,234
5622,07,27
5622,08,13
5622,14,9
5622,15,20
5622,25,498
5624,01,382
5624,02,32
5624,03,37
5624,04,40
5624,05,9
5624,06,150
5624,07,3
5624,08,1
5624,14,2
5624,15,7
5624,25,271
5626,01,262
5626,02,59
5626,03,42
5626,04,15
5626,05,7
5626,06,113
5626,07,5
5626,08,4
5626,14,4
5626,15,9
5626,25,282
5628,01,626
5628,02,142
5628,03,249
5628,04,102
5628,05,73
5628,06,172
5628,07,47
5628,08,15
5628,14,5
5628,15,15
5628,25,333
5630,01,291
5630,02,41
5630,03,61
5630,04,18
5630,05,4
5630,06,109
5630,07,7
5630,08,3
5630,14,2
5630,15,7
5630,25,279
5632,01,447
5632,02,88
5632,03,117
5632,04,31
5632,05,5
5632,06,109
5632,07,17
5632,08,1
5632,14,5
5632,15,6
5632,25,384
5634,01,650
5634,02,133
5634,03,179
5634,04,24
5634,05,2
5634,06,227
5634,07,38
5634,08,4
5634,14,9
5634,15,22
5634,25,485
5636,01,285
5636,02,36
5636,03,74
5636,04,20
5636,05,21
5636,06,55
5636,07,12
5636,08,10
5636,14,4
5636,15,2
5636,25,89
