aar,ap,frp,h,krf,sp,sv,v,mdg,nkp,rodt,fl,andre,sp90,hvk
1945,39.7737,0.0000,9.7076,7.8700,3.8667,0.0000,8.0312,0.0000,11.4720,0.0000,7.4054,11.8733,11.2721,25.6089
1947,38.2113,0.0000,13.8663,7.4201,5.3289,0.0000,9.4317,0.0000,10.0411,0.0000,8.5917,7.1089,13.9206,30.7182
1951,42.3873,0.0000,15.2560,7.2694,5.9726,0.0000,9.4174,0.0000,6.0829,0.0000,6.7385,6.8758,12.7112,31.9428
1955,43.3952,0.0000,16.7105,7.4386,6.9107,0.0000,8.4504,0.0000,5.2888,0.0000,4.7024,7.1035,11.6131,32.5995
1959,43.7409,0.0000,18.6255,7.4560,7.7814,0.0000,8.9220,0.0000,3.8784,0.0000,2.9760,6.6198,10.7574,35.0034
1963,45.7850,0.0000,19.8195,6.8172,8.2146,2.8065,8.3496,0.0000,1.8876,0.0000,1.5970,4.7229,9.8116,34.9863
1967,43.8192,0.0000,19.3242,7.0980,9.3068,5.1510,9.7881,0.0000,1.1770,0.0000,0.8407,3.4950,10.1475,36.2103
1971,41.6795,0.0000,17.9375,8.7431,11.5184,4.0305,8.4738,0.0000,0.6824,0.0000,2.3832,4.5515,13.9016,35.1544
1975,37.9681,0.7883,21.7795,11.4716,10.7455,5.4945,3.7070,0.0000,0.0000,0.3741,1.4207,6.2507,12.1662,36.9580
1979,35.8535,1.9096,29.2070,9.8420,8.5034,4.1128,5.1908,0.0000,0.2772,0.6819,0.0000,4.4218,8.5034,44.2398
1983,38.8690,5.3153,25.9121,8.5019,7.4577,5.1365,4.4783,0.0000,0.1990,1.1147,0.0000,3.0155,7.4577,38.8922
1987,35.8829,10.4423,23.2915,7.8213,7.0928,5.4812,3.9375,0.0000,0.0992,1.2267,1.3604,3.3641,8.4532,35.0504
1991,30.1543,6.5082,21.4981,7.8069,11.5136,11.5580,3.7059,0.2217,0.0457,1.5103,0.4563,5.0210,11.9699,33.0109
1995,30.5337,10.4922,20.2386,8.2091,11.5738,5.9747,4.9231,0.2716,0.0474,1.5367,0.4681,5.7309,12.0419,33.3709
1999,28.6484,12.0804,21.3931,9.3481,8.2751,7.8385,4.3537,0.2516,0.0489,1.9729,0.6972,5.0923,8.9722,35.0949
2003,27.4543,16.4456,18.1424,6.4110,7.9188,12.3864,3.8485,0.1719,0.0551,1.5669,0.5776,5.0215,8.4964,28.4018
2007,29.6530,17.5396,19.2694,6.3836,7.9280,6.2032,5.8689,0.3152,0.0238,1.8713,0.4805,4.4635,8.4085,31.5219
2011,31.6515,11.3619,27.9856,5.5728,6.7366,4.0683,6.2696,0.9015,0.0216,1.5406,0.4079,3.4823,7.1445,39.8280
2015,32.9868,9.4734,23.1735,5.4451,8.4931,4.1225,5.5107,4.2473,0.0150,1.9688,0.5446,4.0191,9.0377,34.1293
2019,24.7780,8.2276,20.0837,3.9956,14.4020,6.1005,3.8886,6.8049,0.0000,3.7768,0.2794,7.6630,14.6814,27.9678
2023,21.5897,11.3451,25.8572,3.9825,8.1553,6.8797,5.0247,4.2023,0.0000,3.4816,0.2581,9.2238,8.4134,34.8644
