hendelse,bastion,dose,parti,aar,snitt,se,n
1993,bastion,høy_dose,ap,1981,3.2979,1.0029,24
1993,bastion,høy_dose,ap,1985,6.6969,1.2717,24
1993,bastion,høy_dose,ap,1989,0.0000,0.0000,24
1993,bastion,høy_dose,ap,1993,-10.3340,0.9429,24
1993,bastion,høy_dose,ap,1997,-10.2066,0.8504,24
1993,bastion,høy_dose,ap,2001,-9.8286,1.0400,24
1993,bastion,høy_dose,ap,2005,-6.6125,1.1323,24
1993,bastion,høy_dose,ap,2009,-6.7610,1.1974,24
1993,bastion,høy_dose,sp90,1981,0.2852,0.7050,24
1993,bastion,høy_dose,sp90,1985,-1.1250,0.4163,24
1993,bastion,høy_dose,sp90,1989,0.0000,0.0000,24
1993,bastion,høy_dose,sp90,1993,10.4506,0.7421,24
1993,bastion,høy_dose,sp90,1997,7.5424,0.7006,24
1993,bastion,høy_dose,sp90,2001,3.3605,0.8066,24
1993,bastion,høy_dose,sp90,2005,5.3734,1.2280,24
1993,bastion,høy_dose,sp90,2009,5.4752,1.2049,24
1993,bastion,høy_dose,frp,1981,2.2904,0.5029,24
1993,bastion,høy_dose,frp,1985,2.4016,0.4385,24
1993,bastion,høy_dose,frp,1989,0.0000,0.0000,24
1993,bastion,høy_dose,frp,1993,1.1481,0.3659,24
1993,bastion,høy_dose,frp,1997,-0.0251,0.4291,24
1993,bastion,høy_dose,frp,2001,2.4154,0.5602,24
1993,bastion,høy_dose,frp,2005,1.1010,0.5954,24
1993,bastion,høy_dose,frp,2009,4.0391,0.8074,24
1993,bastion,høy_dose,h,1981,-2.4304,0.7460,24
1993,bastion,høy_dose,h,1985,-3.8514,0.5305,24
1993,bastion,høy_dose,h,1989,0.0000,0.0000,24
1993,bastion,høy_dose,h,1993,1.0736,0.6191,24
1993,bastion,høy_dose,h,1997,2.7069,0.6584,24
1993,bastion,høy_dose,h,2001,-0.7995,0.8087,24
1993,bastion,høy_dose,h,2005,2.0578,0.8415,24
1993,bastion,høy_dose,h,2009,2.0049,0.7471,24
1993,bastion,lav_dose,ap,1981,4.0253,1.3545,24
1993,bastion,lav_dose,ap,1985,5.2288,1.7469,24
1993,bastion,lav_dose,ap,1989,0.0000,0.0000,24
1993,bastion,lav_dose,ap,1993,-4.2153,1.4050,24
1993,bastion,lav_dose,ap,1997,-2.6082,1.3496,24
1993,bastion,lav_dose,ap,2001,-1.9863,1.0610,24
1993,bastion,lav_dose,ap,2005,-0.2815,1.5651,24
1993,bastion,lav_dose,ap,2009,-1.4537,1.6594,24
1993,bastion,lav_dose,sp90,1981,1.1579,0.5569,24
1993,bastion,lav_dose,sp90,1985,-1.2508,0.4155,24
1993,bastion,lav_dose,sp90,1989,0.0000,0.0000,24
1993,bastion,lav_dose,sp90,1993,2.3740,0.6645,24
1993,bastion,lav_dose,sp90,1997,2.9337,0.8074,24
1993,bastion,lav_dose,sp90,2001,1.6334,0.5646,24
1993,bastion,lav_dose,sp90,2005,2.6001,0.5737,24
1993,bastion,lav_dose,sp90,2009,3.0611,0.7163,24
1993,bastion,lav_dose,frp,1981,2.7506,0.1796,24
1993,bastion,lav_dose,frp,1985,3.4594,0.2127,24
1993,bastion,lav_dose,frp,1989,0.0000,0.0000,24
1993,bastion,lav_dose,frp,1993,1.9172,0.1921,24
1993,bastion,lav_dose,frp,1997,-0.4842,0.3697,24
1993,bastion,lav_dose,frp,2001,1.8244,0.5531,24
1993,bastion,lav_dose,frp,2005,-1.2419,0.6604,24
1993,bastion,lav_dose,frp,2009,-0.5561,0.8122,24
1993,bastion,lav_dose,h,1981,-2.2785,0.8400,24
1993,bastion,lav_dose,h,1985,-3.1734,0.4647,24
1993,bastion,lav_dose,h,1989,0.0000,0.0000,24
1993,bastion,lav_dose,h,1993,2.4505,0.3963,24
1993,bastion,lav_dose,h,1997,4.5731,0.4530,24
1993,bastion,lav_dose,h,2001,1.2542,0.5233,24
1993,bastion,lav_dose,h,2005,3.8108,0.4791,24
1993,bastion,lav_dose,h,2009,3.7527,0.7612,24
1993,bastion_fast,høy_dose,ap,1981,2.4107,0.7062,43
1993,bastion_fast,høy_dose,ap,1985,6.0666,0.8824,43
1993,bastion_fast,høy_dose,ap,1989,0.0000,0.0000,43
1993,bastion_fast,høy_dose,ap,1993,-9.7643,0.7049,43
1993,bastion_fast,høy_dose,ap,1997,-8.7477,0.7194,43
1993,bastion_fast,høy_dose,ap,2001,-8.5664,0.7667,43
1993,bastion_fast,høy_dose,ap,2005,-5.1485,0.8805,43
1993,bastion_fast,høy_dose,ap,2009,-4.1377,0.8939,43
1993,bastion_fast,høy_dose,sp90,1981,1.2075,0.6020,43
1993,bastion_fast,høy_dose,sp90,1985,-0.9283,0.3206,43
1993,bastion_fast,høy_dose,sp90,1989,0.0000,0.0000,43
1993,bastion_fast,høy_dose,sp90,1993,12.0968,0.6118,43
1993,bastion_fast,høy_dose,sp90,1997,7.5690,0.6592,43
1993,bastion_fast,høy_dose,sp90,2001,4.1863,0.5859,43
1993,bastion_fast,høy_dose,sp90,2005,5.7989,0.8148,43
1993,bastion_fast,høy_dose,sp90,2009,5.5847,0.7171,43
1993,bastion_fast,høy_dose,frp,1981,2.0371,0.3554,43
1993,bastion_fast,høy_dose,frp,1985,2.2167,0.3136,43
1993,bastion_fast,høy_dose,frp,1989,0.0000,0.0000,43
1993,bastion_fast,høy_dose,frp,1993,0.7835,0.2752,43
1993,bastion_fast,høy_dose,frp,1997,-0.7129,0.3450,43
1993,bastion_fast,høy_dose,frp,2001,1.9064,0.4226,43
1993,bastion_fast,høy_dose,frp,2005,0.6627,0.4834,43
1993,bastion_fast,høy_dose,frp,2009,3.5430,0.6398,43
1993,bastion_fast,høy_dose,h,1981,-1.8892,0.5582,43
1993,bastion_fast,høy_dose,h,1985,-3.2381,0.3919,43
1993,bastion_fast,høy_dose,h,1989,0.0000,0.0000,43
1993,bastion_fast,høy_dose,h,1993,0.1323,0.4705,43
1993,bastion_fast,høy_dose,h,1997,1.2970,0.5530,43
1993,bastion_fast,høy_dose,h,2001,-2.4799,0.5891,43
1993,bastion_fast,høy_dose,h,2005,0.3072,0.6191,43
1993,bastion_fast,høy_dose,h,2009,0.3033,0.5365,43
1993,bastion_fast,lav_dose,ap,1981,4.1454,0.9936,42
1993,bastion_fast,lav_dose,ap,1985,5.6539,1.2366,42
1993,bastion_fast,lav_dose,ap,1989,0.0000,0.0000,42
1993,bastion_fast,lav_dose,ap,1993,-3.8670,0.9638,42
1993,bastion_fast,lav_dose,ap,1997,-2.4401,0.8690,42
1993,bastion_fast,lav_dose,ap,2001,-1.6766,0.7314,42
1993,bastion_fast,lav_dose,ap,2005,0.2837,1.0940,42
1993,bastion_fast,lav_dose,ap,2009,-0.7883,1.2522,42
1993,bastion_fast,lav_dose,sp90,1981,1.0601,0.4636,42
1993,bastion_fast,lav_dose,sp90,1985,-0.9400,0.2936,42
1993,bastion_fast,lav_dose,sp90,1989,0.0000,0.0000,42
1993,bastion_fast,lav_dose,sp90,1993,3.3325,0.4683,42
1993,bastion_fast,lav_dose,sp90,1997,3.1583,0.5254,42
1993,bastion_fast,lav_dose,sp90,2001,1.9962,0.4636,42
1993,bastion_fast,lav_dose,sp90,2005,2.8607,0.4369,42
1993,bastion_fast,lav_dose,sp90,2009,3.2366,0.5791,42
1993,bastion_fast,lav_dose,frp,1981,2.4645,0.2338,42
1993,bastion_fast,lav_dose,frp,1985,3.1475,0.2387,42
1993,bastion_fast,lav_dose,frp,1989,0.0000,0.0000,42
1993,bastion_fast,lav_dose,frp,1993,1.8079,0.1979,42
1993,bastion_fast,lav_dose,frp,1997,-0.0977,0.3887,42
1993,bastion_fast,lav_dose,frp,2001,2.0385,0.4167,42
1993,bastion_fast,lav_dose,frp,2005,0.2585,0.5499,42
1993,bastion_fast,lav_dose,frp,2009,0.9761,0.6788,42
1993,bastion_fast,lav_dose,h,1981,-1.6984,0.6357,42
1993,bastion_fast,lav_dose,h,1985,-2.5490,0.3939,42
1993,bastion_fast,lav_dose,h,1989,0.0000,0.0000,42
1993,bastion_fast,lav_dose,h,1993,2.2624,0.4049,42
1993,bastion_fast,lav_dose,h,1997,4.4432,0.4983,42
1993,bastion_fast,lav_dose,h,2001,1.2591,0.5997,42
1993,bastion_fast,lav_dose,h,2005,3.2344,0.4949,42
1993,bastion_fast,lav_dose,h,2009,3.1012,0.6259,42
2021,bastion_fast,høy_dose,ap,2005,-1.0967,0.5594,43
2021,bastion_fast,høy_dose,ap,2009,-1.2185,0.4249,43
2021,bastion_fast,høy_dose,ap,2013,0.0000,0.0000,43
2021,bastion_fast,høy_dose,ap,2017,-5.8149,0.6231,43
2021,bastion_fast,høy_dose,ap,2021,-5.2145,0.6038,43
2021,bastion_fast,høy_dose,ap,2025,-6.7923,1.0348,43
2021,bastion_fast,høy_dose,sp90,2005,0.7125,0.5266,43
2021,bastion_fast,høy_dose,sp90,2009,0.3446,0.3930,43
2021,bastion_fast,høy_dose,sp90,2013,0.0000,0.0000,43
2021,bastion_fast,høy_dose,sp90,2017,11.6662,1.3189,43
2021,bastion_fast,høy_dose,sp90,2021,14.2682,0.6998,43
2021,bastion_fast,høy_dose,sp90,2025,5.1279,0.9587,43
2021,bastion_fast,høy_dose,frp,2005,-3.8879,0.6927,43
2021,bastion_fast,høy_dose,frp,2009,-1.9242,0.4307,43
2021,bastion_fast,høy_dose,frp,2013,0.0000,0.0000,43
2021,bastion_fast,høy_dose,frp,2017,-0.9306,0.4989,43
2021,bastion_fast,høy_dose,frp,2021,-0.7722,0.4904,43
2021,bastion_fast,høy_dose,frp,2025,1.0706,0.7155,43
2021,bastion_fast,høy_dose,h,2005,1.0409,0.5501,43
2021,bastion_fast,høy_dose,h,2009,1.1425,0.4488,43
2021,bastion_fast,høy_dose,h,2013,0.0000,0.0000,43
2021,bastion_fast,høy_dose,h,2017,-2.6989,0.5955,43
2021,bastion_fast,høy_dose,h,2021,-2.6289,0.8277,43
2021,bastion_fast,høy_dose,h,2025,0.7987,0.7023,43
2021,bastion_fast,lav_dose,ap,2005,0.0562,0.6466,42
2021,bastion_fast,lav_dose,ap,2009,0.1437,0.4418,42
2021,bastion_fast,lav_dose,ap,2013,0.0000,0.0000,42
2021,bastion_fast,lav_dose,ap,2017,-2.3466,0.4525,42
2021,bastion_fast,lav_dose,ap,2021,-1.6515,0.7033,42
2021,bastion_fast,lav_dose,ap,2025,-2.9167,0.7619,42
2021,bastion_fast,lav_dose,sp90,2005,-1.8908,0.6470,42
2021,bastion_fast,lav_dose,sp90,2009,-1.3576,0.4078,42
2021,bastion_fast,lav_dose,sp90,2013,0.0000,0.0000,42
2021,bastion_fast,lav_dose,sp90,2017,4.7689,0.4412,42
2021,bastion_fast,lav_dose,sp90,2021,5.8884,0.4484,42
2021,bastion_fast,lav_dose,sp90,2025,0.0287,0.7106,42
2021,bastion_fast,lav_dose,frp,2005,-3.5200,0.3807,42
2021,bastion_fast,lav_dose,frp,2009,-1.8639,0.3094,42
2021,bastion_fast,lav_dose,frp,2013,0.0000,0.0000,42
2021,bastion_fast,lav_dose,frp,2017,-0.1556,0.3181,42
2021,bastion_fast,lav_dose,frp,2021,0.9209,0.4119,42
2021,bastion_fast,lav_dose,frp,2025,0.6480,0.4942,42
2021,bastion_fast,lav_dose,h,2005,2.2672,0.4992,42
2021,bastion_fast,lav_dose,h,2009,2.0260,0.4072,42
2021,bastion_fast,lav_dose,h,2013,0.0000,0.0000,42
2021,bastion_fast,lav_dose,h,2017,0.2815,0.3330,42
2021,bastion_fast,lav_dose,h,2021,-0.0401,0.4573,42
2021,bastion_fast,lav_dose,h,2025,3.1346,0.4896,42
