bastion,k,ap_rel,kontroll,diff,diff_se,n
False,-2,-1.9631,-1.5910,-0.3721,0.3096,136
False,-1,-0.9694,-0.6772,-0.2923,0.2724,143
False,0,0.0000,0.0000,0.0000,0.0000,143
False,1,-4.2504,0.1015,-4.3520,0.4936,143
False,2,-2.4769,-0.0319,-2.4450,0.4205,143
False,3,-0.2970,1.2680,-1.5650,0.4458,143
False,4,0.8305,1.9880,-1.1575,0.4244,142
True,-2,-0.2798,-1.5772,1.2974,0.6436,41
True,-1,1.3214,-0.3785,1.6999,0.6204,62
True,0,0.0000,0.0000,0.0000,0.0000,62
True,1,-4.7657,-0.1733,-4.5924,1.0137,62
True,2,-2.6858,-0.2500,-2.4358,1.0037,62
True,3,-2.3304,1.0093,-3.3397,0.8927,62
True,4,-0.5759,1.5168,-2.0927,0.9351,62
