kom,grp
0301,c_sentral
1101,c_sentral
1103,c_sentral
1106,c_sentral
1108,c_sentral
1111,b_distrikt_ikke_bastion
1112,b_distrikt_ikke_bastion
1114,c_sentral
1119,c_sentral
1120,c_sentral
1121,c_sentral
1122,c_sentral
1124,c_sentral
1127,c_sentral
1130,c_sentral
1133,b_distrikt_ikke_bastion
1134,b_distrikt_ikke_bastion
1135,b_distrikt_ikke_bastion
1144,b_distrikt_ikke_bastion
1145,b_distrikt_ikke_bastion
1146,c_sentral
1149,c_sentral
1151,b_distrikt_ikke_bastion
1160,b_distrikt_ikke_bastion
1505,c_sentral
1506,c_sentral
1508,c_sentral
1511,b_distrikt_ikke_bastion
1514,b_distrikt_ikke_bastion
1515,b_distrikt_ikke_bastion
1516,c_sentral
1517,c_sentral
1520,c_sentral
1525,b_distrikt_ikke_bastion
1528,c_sentral
1531,c_sentral
1532,c_sentral
1535,b_distrikt_ikke_bastion
1539,b_distrikt_ikke_bastion
1547,b_distrikt_ikke_bastion
1554,b_distrikt_ikke_bastion
1557,b_distrikt_ikke_bastion
1560,b_distrikt_ikke_bastion
1563,a_bastion_lav_dose
1566,b_distrikt_ikke_bastion
1573,b_distrikt_ikke_bastion
1576,b_distrikt_ikke_bastion
1577,c_sentral
1578,b_distrikt_ikke_bastion
1579,b_distrikt_ikke_bastion
1580,b_distrikt_ikke_bastion
1804,c_sentral
1806,c_sentral
1811,b_distrikt_ikke_bastion
1812,b_distrikt_ikke_bastion
1813,b_distrikt_ikke_bastion
1815,b_distrikt_ikke_bastion
1816,b_distrikt_ikke_bastion
1818,b_distrikt_ikke_bastion
1820,b_distrikt_ikke_bastion
1822,b_distrikt_ikke_bastion
1824,c_sentral
1825,rammet_bastion
1826,rammet_bastion
1827,b_distrikt_ikke_bastion
1828,b_distrikt_ikke_bastion
1832,b_distrikt_ikke_bastion
1833,c_sentral
1834,b_distrikt_ikke_bastion
1835,b_distrikt_ikke_bastion
1836,b_distrikt_ikke_bastion
1837,b_distrikt_ikke_bastion
1838,b_distrikt_ikke_bastion
1839,rammet_bastion
1840,b_distrikt_ikke_bastion
1841,c_sentral
1845,b_distrikt_ikke_bastion
1848,b_distrikt_ikke_bastion
1851,b_distrikt_ikke_bastion
1853,b_distrikt_ikke_bastion
1856,rammet_bastion
1857,rammet_bastion
1859,b_distrikt_ikke_bastion
1860,b_distrikt_ikke_bastion
1865,b_distrikt_ikke_bastion
1866,b_distrikt_ikke_bastion
1867,b_distrikt_ikke_bastion
1868,b_distrikt_ikke_bastion
1870,c_sentral
1871,b_distrikt_ikke_bastion
1874,rammet_bastion
1875,b_distrikt_ikke_bastion
3101,c_sentral
3103,c_sentral
3105,c_sentral
3107,c_sentral
3110,c_sentral
3112,c_sentral
3114,c_sentral
3116,c_sentral
3118,c_sentral
3120,c_sentral
3122,c_sentral
3124,b_distrikt_ikke_bastion
3201,c_sentral
3203,c_sentral
3205,c_sentral
3207,c_sentral
3209,c_sentral
3212,c_sentral
3214,c_sentral
3216,c_sentral
3218,c_sentral
3220,c_sentral
3222,c_sentral
3224,c_sentral
3226,c_sentral
3228,c_sentral
3230,c_sentral
3232,c_sentral
3234,c_sentral
3236,c_sentral
3238,c_sentral
3240,c_sentral
3242,c_sentral
3301,c_sentral
3303,c_sentral
3305,c_sentral
3310,c_sentral
3312,c_sentral
3314,c_sentral
3316,c_sentral
3318,b_distrikt_ikke_bastion
3320,rammet_bastion
3322,b_distrikt_ikke_bastion
3324,c_sentral
3326,b_distrikt_ikke_bastion
3328,b_distrikt_ikke_bastion
3330,b_distrikt_ikke_bastion
3332,b_distrikt_ikke_bastion
3334,c_sentral
3336,b_distrikt_ikke_bastion
3338,b_distrikt_ikke_bastion
3401,c_sentral
3403,c_sentral
3405,c_sentral
3407,c_sentral
3411,c_sentral
3412,c_sentral
3413,c_sentral
3414,c_sentral
3415,c_sentral
3416,c_sentral
3417,rammet_bastion
3418,rammet_bastion
3419,rammet_bastion
3420,c_sentral
3421,rammet_bastion
3422,rammet_bastion
3423,rammet_bastion
3424,rammet_bastion
3425,b_distrikt_ikke_bastion
3426,b_distrikt_ikke_bastion
3427,b_distrikt_ikke_bastion
3428,b_distrikt_ikke_bastion
3429,rammet_bastion
3430,b_distrikt_ikke_bastion
3431,rammet_bastion
3432,b_distrikt_ikke_bastion
3433,b_distrikt_ikke_bastion
3434,b_distrikt_ikke_bastion
3435,rammet_bastion
3436,rammet_bastion
3437,rammet_bastion
3438,rammet_bastion
3439,rammet_bastion
3440,c_sentral
3441,c_sentral
3442,c_sentral
3443,c_sentral
3446,c_sentral
3447,c_sentral
3448,c_sentral
3449,rammet_bastion
3450,b_distrikt_ikke_bastion
3451,c_sentral
3452,b_distrikt_ikke_bastion
3453,b_distrikt_ikke_bastion
3454,b_distrikt_ikke_bastion
3901,c_sentral
3903,c_sentral
3905,c_sentral
3907,c_sentral
3909,c_sentral
3911,c_sentral
4001,c_sentral
4003,c_sentral
4005,c_sentral
4010,c_sentral
4012,c_sentral
4014,c_sentral
4016,b_distrikt_ikke_bastion
4018,c_sentral
4020,c_sentral
4022,b_distrikt_ikke_bastion
4024,b_distrikt_ikke_bastion
4026,a_bastion_lav_dose
4028,b_distrikt_ikke_bastion
4030,b_distrikt_ikke_bastion
4032,b_distrikt_ikke_bastion
4034,b_distrikt_ikke_bastion
4036,b_distrikt_ikke_bastion
4201,c_sentral
4202,c_sentral
4203,c_sentral
4204,c_sentral
4205,c_sentral
4206,c_sentral
4207,c_sentral
4211,b_distrikt_ikke_bastion
4212,b_distrikt_ikke_bastion
4213,c_sentral
4214,c_sentral
4215,c_sentral
4216,c_sentral
4217,rammet_bastion
4218,b_distrikt_ikke_bastion
4219,c_sentral
4220,b_distrikt_ikke_bastion
4221,b_distrikt_ikke_bastion
4222,b_distrikt_ikke_bastion
4223,c_sentral
4224,b_distrikt_ikke_bastion
4225,c_sentral
4226,b_distrikt_ikke_bastion
4227,b_distrikt_ikke_bastion
4228,b_distrikt_ikke_bastion
4601,c_sentral
4602,b_distrikt_ikke_bastion
4611,b_distrikt_ikke_bastion
4612,c_sentral
4613,b_distrikt_ikke_bastion
4614,c_sentral
4615,b_distrikt_ikke_bastion
4616,b_distrikt_ikke_bastion
4617,b_distrikt_ikke_bastion
4618,b_distrikt_ikke_bastion
4619,b_distrikt_ikke_bastion
4620,b_distrikt_ikke_bastion
4621,c_sentral
4622,c_sentral
4623,c_sentral
4624,c_sentral
4625,b_distrikt_ikke_bastion
4626,c_sentral
4627,c_sentral
4628,b_distrikt_ikke_bastion
4629,b_distrikt_ikke_bastion
4630,c_sentral
4631,c_sentral
4632,b_distrikt_ikke_bastion
4633,b_distrikt_ikke_bastion
4634,b_distrikt_ikke_bastion
4635,b_distrikt_ikke_bastion
4636,b_distrikt_ikke_bastion
4637,b_distrikt_ikke_bastion
4638,a_bastion_lav_dose
4639,b_distrikt_ikke_bastion
4640,b_distrikt_ikke_bastion
4641,b_distrikt_ikke_bastion
4642,b_distrikt_ikke_bastion
4643,a_bastion_lav_dose
4644,b_distrikt_ikke_bastion
4645,b_distrikt_ikke_bastion
4646,b_distrikt_ikke_bastion
4647,b_distrikt_ikke_bastion
4648,b_distrikt_ikke_bastion
4649,b_distrikt_ikke_bastion
4650,b_distrikt_ikke_bastion
4651,b_distrikt_ikke_bastion
5001,c_sentral
5006,c_sentral
5007,c_sentral
5014,b_distrikt_ikke_bastion
5020,b_distrikt_ikke_bastion
5021,b_distrikt_ikke_bastion
5022,b_distrikt_ikke_bastion
5025,rammet_bastion
5026,rammet_bastion
5027,b_distrikt_ikke_bastion
5028,c_sentral
5029,c_sentral
5031,c_sentral
5032,b_distrikt_ikke_bastion
5033,b_distrikt_ikke_bastion
5034,a_bastion_lav_dose
5035,c_sentral
5036,b_distrikt_ikke_bastion
5037,c_sentral
5038,c_sentral
5041,b_distrikt_ikke_bastion
5042,b_distrikt_ikke_bastion
5043,b_distrikt_ikke_bastion
5044,rammet_bastion
5045,b_distrikt_ikke_bastion
5046,b_distrikt_ikke_bastion
5047,b_distrikt_ikke_bastion
5049,b_distrikt_ikke_bastion
5052,b_distrikt_ikke_bastion
5053,c_sentral
5054,b_distrikt_ikke_bastion
5055,b_distrikt_ikke_bastion
5056,b_distrikt_ikke_bastion
5057,b_distrikt_ikke_bastion
5058,b_distrikt_ikke_bastion
5059,c_sentral
5060,b_distrikt_ikke_bastion
5061,b_distrikt_ikke_bastion
5501,c_sentral
5503,c_sentral
5510,b_distrikt_ikke_bastion
5512,b_distrikt_ikke_bastion
5514,b_distrikt_ikke_bastion
5516,rammet_bastion
5518,rammet_bastion
5520,b_distrikt_ikke_bastion
5522,rammet_bastion
5524,b_distrikt_ikke_bastion
5526,rammet_bastion
5528,b_distrikt_ikke_bastion
5530,rammet_bastion
5532,b_distrikt_ikke_bastion
5534,rammet_bastion
5536,rammet_bastion
5538,rammet_bastion
5540,b_distrikt_ikke_bastion
5542,b_distrikt_ikke_bastion
5544,rammet_bastion
5546,b_distrikt_ikke_bastion
5601,c_sentral
5603,c_sentral
5605,b_distrikt_ikke_bastion
5607,b_distrikt_ikke_bastion
5610,b_distrikt_ikke_bastion
5612,b_distrikt_ikke_bastion
5614,b_distrikt_ikke_bastion
5616,rammet_bastion
5618,rammet_bastion
5620,rammet_bastion
5622,rammet_bastion
5624,rammet_bastion
5626,rammet_bastion
5628,b_distrikt_ikke_bastion
5630,b_distrikt_ikke_bastion
5632,rammet_bastion
5634,b_distrikt_ikke_bastion
5636,rammet_bastion
