grp,par,t1,ped90,ped_uten_sp
a_bastion_lav_dose,1953-1957,1957,8.0839,5.8044
a_bastion_lav_dose,1957-1961,1961,9.1978,6.2099
a_bastion_lav_dose,1961-1965,1965,9.9260,8.9036
a_bastion_lav_dose,1965-1969,1969,7.0746,5.9195
a_bastion_lav_dose,1969-1973,1973,17.9578,16.2327
a_bastion_lav_dose,1973-1977,1977,15.9059,13.3602
a_bastion_lav_dose,1977-1981,1981,11.6062,9.4619
a_bastion_lav_dose,1981-1985,1985,8.0821,6.1971
a_bastion_lav_dose,1985-1989,1989,17.7296,17.0586
a_bastion_lav_dose,1989-1993,1993,18.2678,11.9440
a_bastion_lav_dose,1993-1997,1997,16.0324,11.8168
a_bastion_lav_dose,1997-2001,2001,16.4642,14.4870
a_bastion_lav_dose,2001-2005,2005,17.4575,16.4576
a_bastion_lav_dose,2005-2009,2009,8.3989,7.5144
a_bastion_lav_dose,2009-2013,2013,10.8899,10.0793
a_bastion_lav_dose,2013-2017,2017,16.1280,9.4761
a_bastion_lav_dose,2017-2021,2021,11.0717,8.3197
a_bastion_lav_dose,2021-2025,2025,19.5536,12.5081
b_distrikt_ikke_bastion,1953-1957,1957,8.0547,5.8665
b_distrikt_ikke_bastion,1957-1961,1961,9.1954,6.8994
b_distrikt_ikke_bastion,1961-1965,1965,10.4007,7.9532
b_distrikt_ikke_bastion,1965-1969,1969,9.2235,7.1435
b_distrikt_ikke_bastion,1969-1973,1973,21.7310,18.9705
b_distrikt_ikke_bastion,1973-1977,1977,18.3719,14.3050
b_distrikt_ikke_bastion,1977-1981,1981,15.9611,11.8833
b_distrikt_ikke_bastion,1981-1985,1985,10.3433,8.6751
b_distrikt_ikke_bastion,1985-1989,1989,15.4060,14.5242
b_distrikt_ikke_bastion,1989-1993,1993,21.1748,11.9122
b_distrikt_ikke_bastion,1993-1997,1997,21.0241,13.9194
b_distrikt_ikke_bastion,1997-2001,2001,17.8135,15.1530
b_distrikt_ikke_bastion,2001-2005,2005,20.6565,18.9334
b_distrikt_ikke_bastion,2005-2009,2009,10.3337,9.2220
b_distrikt_ikke_bastion,2009-2013,2013,13.0713,11.9495
b_distrikt_ikke_bastion,2013-2017,2017,14.7297,9.1953
b_distrikt_ikke_bastion,2017-2021,2021,11.5213,8.9566
b_distrikt_ikke_bastion,2021-2025,2025,20.4616,13.1026
c_sentral,1953-1957,1957,6.8617,5.0231
c_sentral,1957-1961,1961,9.1745,6.5765
c_sentral,1961-1965,1965,10.3641,8.2881
c_sentral,1965-1969,1969,7.8695,6.2881
c_sentral,1969-1973,1973,22.7453,20.8118
c_sentral,1973-1977,1977,18.3957,15.7564
c_sentral,1977-1981,1981,14.5710,11.6053
c_sentral,1981-1985,1985,6.5637,5.5366
c_sentral,1985-1989,1989,15.9155,15.4751
c_sentral,1989-1993,1993,16.7740,11.0924
c_sentral,1993-1997,1997,17.2708,12.2183
c_sentral,1997-2001,2001,16.5292,15.1261
c_sentral,2001-2005,2005,18.9675,18.4047
c_sentral,2005-2009,2009,7.6720,7.2762
c_sentral,2009-2013,2013,14.0002,13.5334
c_sentral,2013-2017,2017,10.2091,7.2462
c_sentral,2017-2021,2021,11.2585,8.9001
c_sentral,2021-2025,2025,18.5677,13.5896
rammet_bastion,1953-1957,1957,9.9655,6.8802
rammet_bastion,1957-1961,1961,9.2242,6.5872
rammet_bastion,1961-1965,1965,12.0242,10.3849
rammet_bastion,1965-1969,1969,9.0764,7.6496
rammet_bastion,1969-1973,1973,25.8508,23.3759
rammet_bastion,1973-1977,1977,19.7263,15.6280
rammet_bastion,1977-1981,1981,11.0015,8.9046
rammet_bastion,1981-1985,1985,9.4671,8.1412
rammet_bastion,1985-1989,1989,18.8529,18.0144
rammet_bastion,1989-1993,1993,23.5896,13.2275
rammet_bastion,1993-1997,1997,21.8232,15.9610
rammet_bastion,1997-2001,2001,21.1497,17.8771
rammet_bastion,2001-2005,2005,22.4670,20.7533
rammet_bastion,2005-2009,2009,12.9730,11.3867
rammet_bastion,2009-2013,2013,12.7495,11.4704
rammet_bastion,2013-2017,2017,15.0879,9.2875
rammet_bastion,2017-2021,2021,13.4465,10.0023
rammet_bastion,2021-2025,2025,22.6322,14.1152
