kom,navn,parti,aar,prosent
1812,Sømna,ap,1945,54.130
1812,Sømna,ap,1949,48.393
1812,Sømna,ap,1953,55.569
1812,Sømna,ap,1957,50.928
1812,Sømna,ap,1961,43.130
1812,Sømna,ap,1965,40.402
1812,Sømna,ap,1969,46.121
1812,Sømna,ap,1973,26.283
1812,Sømna,ap,1977,43.013
1812,Sømna,ap,1981,37.686
1812,Sømna,ap,1985,44.599
1812,Sømna,ap,1989,37.128
1812,Sømna,ap,1993,22.688
1812,Sømna,ap,1997,25.576
1812,Sømna,ap,2001,18.528
1812,Sømna,ap,2005,29.759
1812,Sømna,ap,2009,34.308
1812,Sømna,ap,2013,33.361
1812,Sømna,ap,2017,23.128
1812,Sømna,ap,2021,22.045
1812,Sømna,ap,2025,28.069
1812,Sømna,sp90,1945,8.047
1812,Sømna,sp90,1949,8.947
1812,Sømna,sp90,1953,10.636
1812,Sømna,sp90,1957,13.793
1812,Sømna,sp90,1961,13.678
1812,Sømna,sp90,1965,15.569
1812,Sømna,sp90,1969,18.362
1812,Sømna,sp90,1973,22.645
1812,Sømna,sp90,1977,23.503
1812,Sømna,sp90,1981,24.215
1812,Sømna,sp90,1985,17.593
1812,Sømna,sp90,1989,20.474
1812,Sømna,sp90,1993,48.407
1812,Sømna,sp90,1997,27.085
1812,Sømna,sp90,2001,21.423
1812,Sømna,sp90,2005,29.011
1812,Sømna,sp90,2009,27.515
1812,Sømna,sp90,2013,26.739
1812,Sømna,sp90,2017,44.362
1812,Sømna,sp90,2021,50.080
1812,Sømna,sp90,2025,28.069
1812,Sømna,frp,1945,0.000
1812,Sømna,frp,1949,0.000
1812,Sømna,frp,1953,0.000
1812,Sømna,frp,1957,0.000
1812,Sømna,frp,1961,0.000
1812,Sømna,frp,1965,0.000
1812,Sømna,frp,1969,0.000
1812,Sømna,frp,1973,4.235
1812,Sømna,frp,1977,0.817
1812,Sømna,frp,1981,1.322
1812,Sømna,frp,1985,1.312
1812,Sømna,frp,1989,5.042
1812,Sømna,frp,1993,1.321
1812,Sømna,frp,1997,5.560
1812,Sømna,frp,2001,6.617
1812,Sømna,frp,2005,14.381
1812,Sømna,frp,2009,17.025
1812,Sømna,frp,2013,13.915
1812,Sømna,frp,2017,12.263
1812,Sømna,frp,2021,7.907
1812,Sømna,frp,2025,16.367
1812,Sømna,h,1945,12.196
1812,Sømna,h,1949,9.872
1812,Sømna,h,1953,10.249
1812,Sømna,h,1957,12.636
1812,Sømna,h,1961,10.765
1812,Sømna,h,1965,12.302
1812,Sømna,h,1969,10.629
1812,Sømna,h,1973,9.317
1812,Sømna,h,1977,11.706
1812,Sømna,h,1981,18.017
1812,Sømna,h,1985,14.352
1812,Sømna,h,1989,10.772
1812,Sømna,h,1993,4.973
1812,Sømna,h,1997,5.163
1812,Sømna,h,2001,7.527
1812,Sømna,h,2005,3.076
1812,Sømna,h,2009,6.449
1812,Sømna,h,2013,10.813
1812,Sømna,h,2017,8.807
1812,Sømna,h,2021,4.713
1812,Sømna,h,2025,4.828
5522,Salangen,ap,1945,58.787
5522,Salangen,ap,1949,60.189
5522,Salangen,ap,1953,60.153
5522,Salangen,ap,1957,60.730
5522,Salangen,ap,1961,56.953
5522,Salangen,ap,1965,56.693
5522,Salangen,ap,1969,60.318
5522,Salangen,ap,1973,45.557
5522,Salangen,ap,1977,53.917
5522,Salangen,ap,1981,49.405
5522,Salangen,ap,1985,57.712
5522,Salangen,ap,1989,43.800
5522,Salangen,ap,1993,38.055
5522,Salangen,ap,1997,35.442
5522,Salangen,ap,2001,22.672
5522,Salangen,ap,2005,30.380
5522,Salangen,ap,2009,36.430
5522,Salangen,ap,2013,33.769
5522,Salangen,ap,2017,28.402
5522,Salangen,ap,2021,24.200
5522,Salangen,ap,2025,31.650
5522,Salangen,sp90,1945,0.000
5522,Salangen,sp90,1949,0.000
5522,Salangen,sp90,1953,0.000
5522,Salangen,sp90,1957,7.781
5522,Salangen,sp90,1961,10.194
5522,Salangen,sp90,1965,15.917
5522,Salangen,sp90,1969,17.559
5522,Salangen,sp90,1973,18.093
5522,Salangen,sp90,1977,12.135
5522,Salangen,sp90,1981,9.727
5522,Salangen,sp90,1985,7.255
5522,Salangen,sp90,1989,7.200
5522,Salangen,sp90,1993,29.669
5522,Salangen,sp90,1997,20.561
5522,Salangen,sp90,2001,17.085
5522,Salangen,sp90,2005,31.883
5522,Salangen,sp90,2009,22.575
5522,Salangen,sp90,2013,14.718
5522,Salangen,sp90,2017,29.035
5522,Salangen,sp90,2021,38.392
5522,Salangen,sp90,2025,15.657
5522,Salangen,frp,1945,0.000
5522,Salangen,frp,1949,0.000
5522,Salangen,frp,1953,0.000
5522,Salangen,frp,1957,0.000
5522,Salangen,frp,1961,0.000
5522,Salangen,frp,1965,0.000
5522,Salangen,frp,1969,0.000
5522,Salangen,frp,1973,3.034
5522,Salangen,frp,1977,1.459
5522,Salangen,frp,1981,1.609
5522,Salangen,frp,1985,0.915
5522,Salangen,frp,1989,10.267
5522,Salangen,frp,1993,2.466
5522,Salangen,frp,1997,10.640
5522,Salangen,frp,2001,11.174
5522,Salangen,frp,2005,15.665
5522,Salangen,frp,2009,20.538
5522,Salangen,frp,2013,17.007
5522,Salangen,frp,2017,12.975
5522,Salangen,frp,2021,8.696
5522,Salangen,frp,2025,20.539
5522,Salangen,h,1945,13.800
5522,Salangen,h,1949,14.387
5522,Salangen,h,1953,13.655
5522,Salangen,h,1957,14.100
5522,Salangen,h,1961,16.565
5522,Salangen,h,1965,16.538
5522,Salangen,h,1969,12.947
5522,Salangen,h,1973,8.180
5522,Salangen,h,1977,11.905
5522,Salangen,h,1981,20.714
5522,Salangen,h,1985,17.451
5522,Salangen,h,1989,15.333
5522,Salangen,h,1993,8.880
5522,Salangen,h,1997,7.908
5522,Salangen,h,2001,11.903
5522,Salangen,h,2005,4.747
5522,Salangen,h,2009,8.069
5522,Salangen,h,2013,18.888
5522,Salangen,h,2017,13.608
5522,Salangen,h,2021,6.973
5522,Salangen,h,2025,6.145
3419,Våler (Innlandet),ap,1945,43.579
3419,Våler (Innlandet),ap,1949,46.812
3419,Våler (Innlandet),ap,1953,45.875
3419,Våler (Innlandet),ap,1957,48.655
3419,Våler (Innlandet),ap,1961,51.919
3419,Våler (Innlandet),ap,1965,51.976
3419,Våler (Innlandet),ap,1969,58.755
3419,Våler (Innlandet),ap,1973,43.263
3419,Våler (Innlandet),ap,1977,57.478
3419,Våler (Innlandet),ap,1981,54.388
3419,Våler (Innlandet),ap,1985,58.824
3419,Våler (Innlandet),ap,1989,48.036
3419,Våler (Innlandet),ap,1993,38.605
3419,Våler (Innlandet),ap,1997,38.813
3419,Våler (Innlandet),ap,2001,30.599
3419,Våler (Innlandet),ap,2005,44.776
3419,Våler (Innlandet),ap,2009,46.308
3419,Våler (Innlandet),ap,2013,43.645
3419,Våler (Innlandet),ap,2017,33.499
3419,Våler (Innlandet),ap,2021,28.335
3419,Våler (Innlandet),ap,2025,25.380
3419,Våler (Innlandet),sp90,1945,12.656
3419,Våler (Innlandet),sp90,1949,24.161
3419,Våler (Innlandet),sp90,1953,18.111
3419,Våler (Innlandet),sp90,1957,15.846
3419,Våler (Innlandet),sp90,1961,16.648
3419,Våler (Innlandet),sp90,1965,16.620
3419,Våler (Innlandet),sp90,1969,16.596
3419,Våler (Innlandet),sp90,1973,17.977
3419,Våler (Innlandet),sp90,1977,11.254
3419,Våler (Innlandet),sp90,1981,13.487
3419,Våler (Innlandet),sp90,1985,8.891
3419,Våler (Innlandet),sp90,1989,11.179
3419,Våler (Innlandet),sp90,1993,28.887
3419,Våler (Innlandet),sp90,1997,18.030
3419,Våler (Innlandet),sp90,2001,12.947
3419,Våler (Innlandet),sp90,2005,11.812
3419,Våler (Innlandet),sp90,2009,8.808
3419,Våler (Innlandet),sp90,2013,10.159
3419,Våler (Innlandet),sp90,2017,29.712
3419,Våler (Innlandet),sp90,2021,38.127
3419,Våler (Innlandet),sp90,2025,23.956
3419,Våler (Innlandet),frp,1945,0.000
3419,Våler (Innlandet),frp,1949,0.000
3419,Våler (Innlandet),frp,1953,0.000
3419,Våler (Innlandet),frp,1957,0.000
3419,Våler (Innlandet),frp,1961,0.000
3419,Våler (Innlandet),frp,1965,0.000
3419,Våler (Innlandet),frp,1969,0.000
3419,Våler (Innlandet),frp,1973,4.061
3419,Våler (Innlandet),frp,1977,0.623
3419,Våler (Innlandet),frp,1981,2.169
3419,Våler (Innlandet),frp,1985,1.488
3419,Våler (Innlandet),frp,1989,11.321
3419,Våler (Innlandet),frp,1993,4.840
3419,Våler (Innlandet),frp,1997,16.790
3419,Våler (Innlandet),frp,2001,19.234
3419,Våler (Innlandet),frp,2005,20.554
3419,Våler (Innlandet),frp,2009,24.377
3419,Våler (Innlandet),frp,2013,19.544
3419,Våler (Innlandet),frp,2017,13.435
3419,Våler (Innlandet),frp,2021,9.886
3419,Våler (Innlandet),frp,2025,24.194
3419,Våler (Innlandet),h,1945,7.139
3419,Våler (Innlandet),h,1949,0.000
3419,Våler (Innlandet),h,1953,8.416
3419,Våler (Innlandet),h,1957,8.813
3419,Våler (Innlandet),h,1961,11.060
3419,Våler (Innlandet),h,1965,11.609
3419,Våler (Innlandet),h,1969,9.740
3419,Våler (Innlandet),h,1973,10.299
3419,Våler (Innlandet),h,1977,11.144
3419,Våler (Innlandet),h,1981,16.164
3419,Våler (Innlandet),h,1985,15.213
3419,Våler (Innlandet),h,1989,10.464
3419,Våler (Innlandet),h,1993,8.308
3419,Våler (Innlandet),h,1997,7.794
3419,Våler (Innlandet),h,2001,11.116
3419,Våler (Innlandet),h,2005,6.055
3419,Våler (Innlandet),h,2009,7.251
3419,Våler (Innlandet),h,2013,14.852
3419,Våler (Innlandet),h,2017,9.964
3419,Våler (Innlandet),h,2021,5.535
3419,Våler (Innlandet),h,2025,5.218
3425,Engerdal,ap,1945,56.746
3425,Engerdal,ap,1949,56.128
3425,Engerdal,ap,1953,50.159
3425,Engerdal,ap,1957,52.676
3425,Engerdal,ap,1961,51.012
3425,Engerdal,ap,1965,46.027
3425,Engerdal,ap,1969,49.772
3425,Engerdal,ap,1973,51.535
3425,Engerdal,ap,1977,54.545
3425,Engerdal,ap,1981,50.873
3425,Engerdal,ap,1985,53.245
3425,Engerdal,ap,1989,46.478
3425,Engerdal,ap,1993,37.298
3425,Engerdal,ap,1997,34.835
3425,Engerdal,ap,2001,31.867
3425,Engerdal,ap,2005,41.157
3425,Engerdal,ap,2009,39.928
3425,Engerdal,ap,2013,38.855
3425,Engerdal,ap,2017,27.240
3425,Engerdal,ap,2021,26.371
3425,Engerdal,ap,2025,31.349
3425,Engerdal,sp90,1945,17.725
3425,Engerdal,sp90,1949,42.841
3425,Engerdal,sp90,1953,23.805
3425,Engerdal,sp90,1957,27.492
3425,Engerdal,sp90,1961,31.984
3425,Engerdal,sp90,1965,33.236
3425,Engerdal,sp90,1969,32.179
3425,Engerdal,sp90,1973,33.302
3425,Engerdal,sp90,1977,25.867
3425,Engerdal,sp90,1981,25.916
3425,Engerdal,sp90,1985,21.464
3425,Engerdal,sp90,1989,23.056
3425,Engerdal,sp90,1993,44.434
3425,Engerdal,sp90,1997,35.335
3425,Engerdal,sp90,2001,25.966
3425,Engerdal,sp90,2005,26.140
3425,Engerdal,sp90,2009,24.849
3425,Engerdal,sp90,2013,25.944
3425,Engerdal,sp90,2017,47.700
3425,Engerdal,sp90,2021,49.942
3425,Engerdal,sp90,2025,29.526
3425,Engerdal,frp,1945,0.000
3425,Engerdal,frp,1949,0.000
3425,Engerdal,frp,1953,0.000
3425,Engerdal,frp,1957,0.000
3425,Engerdal,frp,1961,0.000
3425,Engerdal,frp,1965,0.000
3425,Engerdal,frp,1969,0.000
3425,Engerdal,frp,1973,1.395
3425,Engerdal,frp,1977,0.656
3425,Engerdal,frp,1981,0.262
3425,Engerdal,frp,1985,0.083
3425,Engerdal,frp,1989,5.855
3425,Engerdal,frp,1993,1.142
3425,Engerdal,frp,1997,5.806
3425,Engerdal,frp,2001,7.940
3425,Engerdal,frp,2005,11.123
3425,Engerdal,frp,2009,16.888
3425,Engerdal,frp,2013,10.719
3425,Engerdal,frp,2017,9.080
3425,Engerdal,frp,2021,6.184
3425,Engerdal,frp,2025,14.824
3425,Engerdal,h,1945,7.672
3425,Engerdal,h,1949,0.000
3425,Engerdal,h,1953,8.395
3425,Engerdal,h,1957,9.234
3425,Engerdal,h,1961,8.806
3425,Engerdal,h,1965,9.981
3425,Engerdal,h,1969,8.204
3425,Engerdal,h,1973,8.651
3425,Engerdal,h,1977,9.185
3425,Engerdal,h,1981,18.150
3425,Engerdal,h,1985,16.639
3425,Engerdal,h,1989,13.083
3425,Engerdal,h,1993,7.517
3425,Engerdal,h,1997,6.707
3425,Engerdal,h,2001,8.369
3425,Engerdal,h,2005,6.340
3425,Engerdal,h,2009,7.238
3425,Engerdal,h,2013,16.200
3425,Engerdal,h,2017,9.806
3425,Engerdal,h,2021,8.285
3425,Engerdal,h,2025,8.019
5033,Tydal,ap,1945,69.101
5033,Tydal,ap,1949,62.857
5033,Tydal,ap,1953,64.220
5033,Tydal,ap,1957,69.697
5033,Tydal,ap,1961,67.078
5033,Tydal,ap,1965,56.867
5033,Tydal,ap,1969,58.111
5033,Tydal,ap,1973,47.276
5033,Tydal,ap,1977,53.571
5033,Tydal,ap,1981,49.306
5033,Tydal,ap,1985,52.496
5033,Tydal,ap,1989,43.288
5033,Tydal,ap,1993,34.790
5033,Tydal,ap,1997,33.333
5033,Tydal,ap,2001,27.808
5033,Tydal,ap,2005,32.902
5033,Tydal,ap,2009,36.557
5033,Tydal,ap,2013,36.008
5033,Tydal,ap,2017,29.423
5033,Tydal,ap,2021,22.137
5033,Tydal,ap,2025,28.459
5033,Tydal,sp90,1945,2.809
5033,Tydal,sp90,1949,11.191
5033,Tydal,sp90,1953,11.697
5033,Tydal,sp90,1957,9.091
5033,Tydal,sp90,1961,14.403
5033,Tydal,sp90,1965,16.054
5033,Tydal,sp90,1969,19.786
5033,Tydal,sp90,1973,13.813
5033,Tydal,sp90,1977,28.947
5033,Tydal,sp90,1981,13.715
5033,Tydal,sp90,1985,13.527
5033,Tydal,sp90,1989,15.837
5033,Tydal,sp90,1993,33.333
5033,Tydal,sp90,1997,25.207
5033,Tydal,sp90,2001,22.284
5033,Tydal,sp90,2005,27.726
5033,Tydal,sp90,2009,24.178
5033,Tydal,sp90,2013,26.492
5033,Tydal,sp90,2017,44.134
5033,Tydal,sp90,2021,53.626
5033,Tydal,sp90,2025,32.806
5033,Tydal,frp,1945,0.000
5033,Tydal,frp,1949,0.000
5033,Tydal,frp,1953,0.000
5033,Tydal,frp,1957,0.000
5033,Tydal,frp,1961,0.000
5033,Tydal,frp,1965,0.000
5033,Tydal,frp,1969,0.000
5033,Tydal,frp,1973,1.946
5033,Tydal,frp,1977,0.752
5033,Tydal,frp,1981,2.431
5033,Tydal,frp,1985,1.771
5033,Tydal,frp,1989,8.447
5033,Tydal,frp,1993,1.780
5033,Tydal,frp,1997,9.121
5033,Tydal,frp,2001,12.523
5033,Tydal,frp,2005,17.006
5033,Tydal,frp,2009,21.083
5033,Tydal,frp,2013,14.179
5033,Tydal,frp,2017,10.428
5033,Tydal,frp,2021,7.824
5033,Tydal,frp,2025,20.356
5033,Tydal,h,1945,6.461
5033,Tydal,h,1949,9.048
5033,Tydal,h,1953,8.716
5033,Tydal,h,1957,7.359
5033,Tydal,h,1961,6.379
5033,Tydal,h,1965,8.511
5033,Tydal,h,1969,4.635
5033,Tydal,h,1973,3.696
5033,Tydal,h,1977,8.835
5033,Tydal,h,1981,18.750
5033,Tydal,h,1985,15.781
5033,Tydal,h,1989,11.765
5033,Tydal,h,1993,9.223
5033,Tydal,h,1997,8.292
5033,Tydal,h,2001,10.866
5033,Tydal,h,2005,4.436
5033,Tydal,h,2009,6.576
5033,Tydal,h,2013,11.008
5033,Tydal,h,2017,7.635
5033,Tydal,h,2021,5.725
5033,Tydal,h,2025,4.150
3422,Åmot,ap,1945,41.295
3422,Åmot,ap,1949,45.325
3422,Åmot,ap,1953,43.523
3422,Åmot,ap,1957,48.504
3422,Åmot,ap,1961,47.554
3422,Åmot,ap,1965,44.981
3422,Åmot,ap,1969,53.260
3422,Åmot,ap,1973,41.304
3422,Åmot,ap,1977,50.304
3422,Åmot,ap,1981,49.788
3422,Åmot,ap,1985,54.730
3422,Åmot,ap,1989,48.949
3422,Åmot,ap,1993,41.310
3422,Åmot,ap,1997,36.828
3422,Åmot,ap,2001,29.505
3422,Åmot,ap,2005,44.221
3422,Åmot,ap,2009,44.330
3422,Åmot,ap,2013,41.188
3422,Åmot,ap,2017,28.246
3422,Åmot,ap,2021,28.144
3422,Åmot,ap,2025,30.438
3422,Åmot,sp90,1945,10.857
3422,Åmot,sp90,1949,23.636
3422,Åmot,sp90,1953,13.720
3422,Åmot,sp90,1957,12.212
3422,Åmot,sp90,1961,16.457
3422,Åmot,sp90,1965,17.948
3422,Åmot,sp90,1969,16.542
3422,Åmot,sp90,1973,16.440
3422,Åmot,sp90,1977,12.618
3422,Åmot,sp90,1981,12.039
3422,Åmot,sp90,1985,9.918
3422,Åmot,sp90,1989,11.186
3422,Åmot,sp90,1993,27.591
3422,Åmot,sp90,1997,21.123
3422,Åmot,sp90,2001,10.024
3422,Åmot,sp90,2005,10.673
3422,Åmot,sp90,2009,12.328
3422,Åmot,sp90,2013,11.111
3422,Åmot,sp90,2017,32.441
3422,Åmot,sp90,2021,37.884
3422,Åmot,sp90,2025,17.954
3422,Åmot,frp,1945,0.000
3422,Åmot,frp,1949,0.000
3422,Åmot,frp,1953,0.000
3422,Åmot,frp,1957,0.000
3422,Åmot,frp,1961,0.000
3422,Åmot,frp,1965,0.000
3422,Åmot,frp,1969,0.000
3422,Åmot,frp,1973,1.630
3422,Åmot,frp,1977,1.015
3422,Åmot,frp,1981,1.436
3422,Åmot,frp,1985,1.604
3422,Åmot,frp,1989,8.271
3422,Åmot,frp,1993,3.006
3422,Åmot,frp,1997,9.816
3422,Åmot,frp,2001,11.364
3422,Åmot,frp,2005,19.573
3422,Åmot,frp,2009,19.631
3422,Åmot,frp,2013,16.768
3422,Åmot,frp,2017,12.145
3422,Åmot,frp,2021,8.383
3422,Åmot,frp,2025,25.219
3422,Åmot,h,1945,6.876
3422,Åmot,h,1949,0.000
3422,Åmot,h,1953,9.124
3422,Åmot,h,1957,7.809
3422,Åmot,h,1961,7.502
3422,Åmot,h,1965,7.910
3422,Åmot,h,1969,7.039
3422,Åmot,h,1973,7.948
3422,Åmot,h,1977,9.675
3422,Åmot,h,1981,15.628
3422,Åmot,h,1985,13.977
3422,Åmot,h,1989,10.407
3422,Åmot,h,1993,6.551
3422,Åmot,h,1997,6.792
3422,Åmot,h,2001,13.190
3422,Åmot,h,2005,6.726
3422,Åmot,h,2009,9.622
3422,Åmot,h,2013,18.356
3422,Åmot,h,2017,14.063
3422,Åmot,h,2021,8.822
3422,Åmot,h,2025,8.309
1822,Leirfjord,ap,1945,47.883
1822,Leirfjord,ap,1949,47.427
1822,Leirfjord,ap,1953,54.708
1822,Leirfjord,ap,1957,51.321
1822,Leirfjord,ap,1961,45.319
1822,Leirfjord,ap,1965,41.792
1822,Leirfjord,ap,1969,45.585
1822,Leirfjord,ap,1973,34.554
1822,Leirfjord,ap,1977,47.159
1822,Leirfjord,ap,1981,43.645
1822,Leirfjord,ap,1985,49.252
1822,Leirfjord,ap,1989,43.081
1822,Leirfjord,ap,1993,34.062
1822,Leirfjord,ap,1997,33.389
1822,Leirfjord,ap,2001,22.884
1822,Leirfjord,ap,2005,32.622
1822,Leirfjord,ap,2009,36.520
1822,Leirfjord,ap,2013,36.265
1822,Leirfjord,ap,2017,29.611
1822,Leirfjord,ap,2021,26.179
1822,Leirfjord,ap,2025,28.484
1822,Leirfjord,sp90,1945,14.139
1822,Leirfjord,sp90,1949,16.822
1822,Leirfjord,sp90,1953,17.011
1822,Leirfjord,sp90,1957,23.737
1822,Leirfjord,sp90,1961,27.610
1822,Leirfjord,sp90,1965,24.849
1822,Leirfjord,sp90,1969,28.003
1822,Leirfjord,sp90,1973,29.821
1822,Leirfjord,sp90,1977,23.749
1822,Leirfjord,sp90,1981,17.228
1822,Leirfjord,sp90,1985,13.537
1822,Leirfjord,sp90,1989,14.735
1822,Leirfjord,sp90,1993,36.812
1822,Leirfjord,sp90,1997,21.790
1822,Leirfjord,sp90,2001,18.567
1822,Leirfjord,sp90,2005,20.889
1822,Leirfjord,sp90,2009,18.260
1822,Leirfjord,sp90,2013,17.085
1822,Leirfjord,sp90,2017,25.062
1822,Leirfjord,sp90,2021,37.893
1822,Leirfjord,sp90,2025,20.944
1822,Leirfjord,frp,1945,0.000
1822,Leirfjord,frp,1949,0.000
1822,Leirfjord,frp,1953,0.000
1822,Leirfjord,frp,1957,0.000
1822,Leirfjord,frp,1961,0.000
1822,Leirfjord,frp,1965,0.000
1822,Leirfjord,frp,1969,0.000
1822,Leirfjord,frp,1973,3.036
1822,Leirfjord,frp,1977,1.103
1822,Leirfjord,frp,1981,1.914
1822,Leirfjord,frp,1985,1.701
1822,Leirfjord,frp,1989,6.956
1822,Leirfjord,frp,1993,2.265
1822,Leirfjord,frp,1997,9.776
1822,Leirfjord,frp,2001,11.485
1822,Leirfjord,frp,2005,20.178
1822,Leirfjord,frp,2009,23.600
1822,Leirfjord,frp,2013,17.002
1822,Leirfjord,frp,2017,17.204
1822,Leirfjord,frp,2021,13.365
1822,Leirfjord,frp,2025,24.524
1822,Leirfjord,h,1945,21.321
1822,Leirfjord,h,1949,12.630
1822,Leirfjord,h,1953,10.318
1822,Leirfjord,h,1957,9.265
1822,Leirfjord,h,1961,7.273
1822,Leirfjord,h,1965,7.756
1822,Leirfjord,h,1969,6.285
1822,Leirfjord,h,1973,3.661
1822,Leirfjord,h,1977,8.227
1822,Leirfjord,h,1981,19.066
1822,Leirfjord,h,1985,15.850
1822,Leirfjord,h,1989,11.518
1822,Leirfjord,h,1993,6.230
1822,Leirfjord,h,1997,4.060
1822,Leirfjord,h,2001,6.822
1822,Leirfjord,h,2005,4.533
1822,Leirfjord,h,2009,6.115
1822,Leirfjord,h,2013,13.149
1822,Leirfjord,h,2017,11.828
1822,Leirfjord,h,2021,4.717
1822,Leirfjord,h,2025,2.970
1828,Nesna,ap,1945,51.904
1828,Nesna,ap,1949,52.497
1828,Nesna,ap,1953,52.355
1828,Nesna,ap,1957,50.587
1828,Nesna,ap,1961,46.296
1828,Nesna,ap,1965,47.134
1828,Nesna,ap,1969,52.688
1828,Nesna,ap,1973,36.743
1828,Nesna,ap,1977,45.862
1828,Nesna,ap,1981,40.333
1828,Nesna,ap,1985,46.591
1828,Nesna,ap,1989,39.782
1828,Nesna,ap,1993,31.658
1828,Nesna,ap,1997,32.119
1828,Nesna,ap,2001,17.910
1828,Nesna,ap,2005,27.558
1828,Nesna,ap,2009,33.611
1828,Nesna,ap,2013,28.688
1828,Nesna,ap,2017,25.025
1828,Nesna,ap,2021,23.980
1828,Nesna,ap,2025,31.170
1828,Nesna,sp90,1945,6.545
1828,Nesna,sp90,1949,10.209
1828,Nesna,sp90,1953,12.983
1828,Nesna,sp90,1957,20.112
1828,Nesna,sp90,1961,22.903
1828,Nesna,sp90,1965,20.382
1828,Nesna,sp90,1969,19.032
1828,Nesna,sp90,1973,19.311
1828,Nesna,sp90,1977,15.753
1828,Nesna,sp90,1981,9.799
1828,Nesna,sp90,1985,9.878
1828,Nesna,sp90,1989,11.081
1828,Nesna,sp90,1993,29.648
1828,Nesna,sp90,1997,14.861
1828,Nesna,sp90,2001,12.438
1828,Nesna,sp90,2005,15.704
1828,Nesna,sp90,2009,15.088
1828,Nesna,sp90,2013,12.614
1828,Nesna,sp90,2017,25.616
1828,Nesna,sp90,2021,36.837
1828,Nesna,sp90,2025,17.021
1828,Nesna,frp,1945,0.000
1828,Nesna,frp,1949,0.000
1828,Nesna,frp,1953,0.000
1828,Nesna,frp,1957,0.000
1828,Nesna,frp,1961,0.000
1828,Nesna,frp,1965,0.000
1828,Nesna,frp,1969,0.000
1828,Nesna,frp,1973,5.741
1828,Nesna,frp,1977,1.196
1828,Nesna,frp,1981,1.137
1828,Nesna,frp,1985,0.787
1828,Nesna,frp,1989,6.721
1828,Nesna,frp,1993,2.513
1828,Nesna,frp,1997,7.095
1828,Nesna,frp,2001,12.736
1828,Nesna,frp,2005,19.453
1828,Nesna,frp,2009,20.812
1828,Nesna,frp,2013,14.344
1828,Nesna,frp,2017,12.118
1828,Nesna,frp,2021,7.755
1828,Nesna,frp,2025,17.872
1828,Nesna,h,1945,16.626
1828,Nesna,h,1949,10.518
1828,Nesna,h,1953,10.252
1828,Nesna,h,1957,10.075
1828,Nesna,h,1961,10.156
1828,Nesna,h,1965,11.465
1828,Nesna,h,1969,9.140
1828,Nesna,h,1973,10.438
1828,Nesna,h,1977,12.762
1828,Nesna,h,1981,23.622
1828,Nesna,h,1985,19.143
1828,Nesna,h,1989,15.259
1828,Nesna,h,1993,9.849
1828,Nesna,h,1997,9.684
1828,Nesna,h,2001,9.652
1828,Nesna,h,2005,6.890
1828,Nesna,h,2009,8.429
1828,Nesna,h,2013,19.125
1828,Nesna,h,2017,15.862
1828,Nesna,h,2021,7.041
1828,Nesna,h,2025,5.638
3124,Aremark,ap,1945,44.903
3124,Aremark,ap,1949,47.028
3124,Aremark,ap,1953,47.162
3124,Aremark,ap,1957,46.667
3124,Aremark,ap,1961,47.705
3124,Aremark,ap,1965,45.202
3124,Aremark,ap,1969,44.038
3124,Aremark,ap,1973,39.951
3124,Aremark,ap,1977,44.028
3124,Aremark,ap,1981,42.206
3124,Aremark,ap,1985,43.354
3124,Aremark,ap,1989,39.099
3124,Aremark,ap,1993,31.422
3124,Aremark,ap,1997,31.867
3124,Aremark,ap,2001,22.093
3124,Aremark,ap,2005,31.543
3124,Aremark,ap,2009,31.953
3124,Aremark,ap,2013,28.213
3124,Aremark,ap,2017,18.833
3124,Aremark,ap,2021,18.255
3124,Aremark,ap,2025,21.829
3124,Aremark,sp90,1945,13.746
3124,Aremark,sp90,1949,26.069
3124,Aremark,sp90,1953,16.703
3124,Aremark,sp90,1957,19.649
3124,Aremark,sp90,1961,21.739
3124,Aremark,sp90,1965,25.505
3124,Aremark,sp90,1969,25.384
3124,Aremark,sp90,1973,20.219
3124,Aremark,sp90,1977,21.194
3124,Aremark,sp90,1981,18.134
3124,Aremark,sp90,1985,18.303
3124,Aremark,sp90,1989,16.888
3124,Aremark,sp90,1993,34.730
3124,Aremark,sp90,1997,20.923
3124,Aremark,sp90,2001,17.558
3124,Aremark,sp90,2005,16.114
3124,Aremark,sp90,2009,18.225
3124,Aremark,sp90,2013,21.242
3124,Aremark,sp90,2017,38.216
3124,Aremark,sp90,2021,45.465
3124,Aremark,sp90,2025,26.743
3124,Aremark,frp,1945,0.000
3124,Aremark,frp,1949,0.000
3124,Aremark,frp,1953,0.000
3124,Aremark,frp,1957,0.000
3124,Aremark,frp,1961,0.000
3124,Aremark,frp,1965,0.000
3124,Aremark,frp,1969,0.000
3124,Aremark,frp,1973,1.340
3124,Aremark,frp,1977,0.937
3124,Aremark,frp,1981,1.591
3124,Aremark,frp,1985,2.045
3124,Aremark,frp,1989,6.960
3124,Aremark,frp,1993,2.756
3124,Aremark,frp,1997,9.120
3124,Aremark,frp,2001,11.744
3124,Aremark,frp,2005,17.829
3124,Aremark,frp,2009,22.248
3124,Aremark,frp,2013,14.815
3124,Aremark,frp,2017,11.233
3124,Aremark,frp,2021,8.381
3124,Aremark,frp,2025,20.457
3124,Aremark,h,1945,7.446
3124,Aremark,h,1949,0.000
3124,Aremark,h,1953,6.004
3124,Aremark,h,1957,6.667
3124,Aremark,h,1961,6.884
3124,Aremark,h,1965,8.965
3124,Aremark,h,1969,5.903
3124,Aremark,h,1973,8.283
3124,Aremark,h,1977,9.368
3124,Aremark,h,1981,18.558
3124,Aremark,h,1985,16.973
3124,Aremark,h,1989,13.101
3124,Aremark,h,1993,6.946
3124,Aremark,h,1997,7.296
3124,Aremark,h,2001,13.139
3124,Aremark,h,2005,9.714
3124,Aremark,h,2009,10.769
3124,Aremark,h,2013,16.013
3124,Aremark,h,2017,15.088
3124,Aremark,h,2021,10.103
3124,Aremark,h,2025,6.629
